route,flights,delayed,severity,cancelled,cascade,distance,z_delayed,z_severity,z_cancelled,z_cascade,score,origin,dest,origin_lat,origin_lon,dest_lat,dest_lon
ABI-DFW,1746,0.18529411764705883,13.125882352941176,0.025200458190148912,25.276190476190475,158.0,-0.7288208649481421,-0.750623745809818,0.4811779383699223,-0.3237789998808109,-0.3305114180672122,ABI,DFW,32.4113006592,-99.6819000244,32.896801,-97.038002
ABQ-DAL,1671,0.14067278287461774,8.499082568807339,0.016756433273488927,28.339130434782607,580.0,-1.51706081020302,-1.506724049123373,-0.14961803948209784,-0.027493243060867523,-0.8002240354673397,ABQ,DAL,35.039976,-106.608925,32.844776,-96.847653
ABQ-DEN,3140,0.20515297906602253,14.484057971014492,0.008917197452229299,21.059654631083202,349.0,-0.3780122681740255,-0.5286740084773749,-0.735234315403749,-0.7316549396365034,-0.5933938829229132,ABQ,DEN,35.039976,-106.608925,39.860027,-104.673792
ABQ-DFW,2338,0.23411816970235452,22.086628165259885,0.033361847733105215,39.908918406072104,569.0,0.13366046411681964,0.7137194163566868,1.0908601394755912,1.0916809593924626,0.7574802448353901,ABQ,DFW,35.039976,-106.608925,32.896801,-97.038002
ABQ-LAS,1720,0.17269544924154026,11.017502917152859,0.0029069767441860465,34.0945945945946,486.0,-0.9513774904927401,-1.095169955992985,-1.1842172454702573,0.5292470383332776,-0.6753794134056762,ABQ,LAS,35.039976,-106.608925,36.083361,-115.151817
ABQ-LAX,2174,0.11873840445269017,10.612244897959183,0.004599816007359705,20.4375,677.0,-1.9045336039836824,-1.1613962302059617,-1.0577566761447108,-0.7918374956844673,-1.2288810015047056,ABQ,LAX,35.039976,-106.608925,33.942501,-118.407997
ABQ-ORD,1246,0.2037797863599014,17.495480690221857,0.014446227929373997,23.846774193548388,1118.0,-0.40226984247155256,-0.03655467381196207,-0.3221978522447015,-0.4620499718354907,-0.3057680850909267,ABQ,ORD,35.039976,-106.608925,41.9786,-87.9048
ABQ-PHX,3379,0.1706372840976772,14.100059559261465,0.005918910920390648,37.481675392670155,328.0,-0.9877351653269338,-0.5914260896445829,-0.9592160188447434,0.8568877401540829,-0.4203723834155443,ABQ,PHX,35.039976,-106.608925,33.435302,-112.005905
ABQ-SLC,1153,0.059895833333333336,6.183159722222222,0.0008673026886383347,0.0,493.0,-2.943992985338282,-1.8851864958362277,-1.336587495803144,-2.768807412453879,-2.233643597357883,ABQ,SLC,35.039976,-106.608925,40.78886,-111.979866
ACT-DFW,1074,0.2001953125,18.740234375,0.04655493482309125,27.82439024390244,90.0,-0.4655898998724633,0.1668599286177407,2.0764264249794486,-0.07728533467296476,0.4251027797629403,ACT,DFW,31.611299514770508,-97.23049926757812,32.896801,-97.038002
ACV-SFO,1264,0.2882447665056361,29.55877616747182,0.015031645569620253,19.1536312849162,250.0,1.089811729394567,1.934799565588576,-0.27846526068136124,-0.9160292914912963,0.45752918570262135,ACV,SFO,40.978101,-124.109,37.619806,-122.374821
AEX-DFW,1047,0.2023928215353938,17.648055832502493,0.04202483285577841,16.8128078817734,285.0,-0.4267707024954782,-0.011621217267744215,1.7380131530571337,-1.1424629281143235,0.03928957629489693,AEX,DFW,31.325828,-92.546702,32.896801,-97.038002
ALB-ATL,1045,0.18940137389597644,18.60745829244357,0.020095693779904306,34.23834196891192,853.0,-0.6562658090022561,0.1451619859840515,0.09983552291692208,0.5431520773370665,0.03297094430894601,ALB,ATL,42.748299,-73.801697,33.6367,-84.428101
ALB-BWI,1690,0.12012012012012012,9.512912912912913,0.014201183431952662,30.97,288.0,-1.8801254707979076,-1.3410463741750471,-0.340503468925578,0.22699727610140796,-0.8336695094492812,ALB,BWI,42.748299,-73.801697,39.1754,-76.668297
ALB-CLT,1133,0.19874100719424462,27.758093525179856,0.01676963812886143,46.25339366515837,646.0,-0.4912803356346069,1.6405364127551132,-0.1486315940678195,1.7053977410390126,0.6765055560229248,ALB,CLT,42.748299,-73.801697,35.2140007019043,-80.94309997558594
ALB-DCA,1189,0.36486486486486486,35.288288288288285,0.060555088309503784,49.358024691358025,318.0,2.4433127495702984,2.871102421667102,3.122283181171156,2.005716377930299,2.6106036825847143,ALB,DCA,42.748299,-73.801697,38.8521,-77.037697
ALB-DTW,1105,0.17447199265381083,21.858585858585858,0.013574660633484163,5.58421052631579,489.0,-0.9199946892123099,0.6764533004041823,-0.38730674878407045,-2.2286329185366482,-0.7148702640322115,ALB,DTW,42.748299,-73.801697,42.21377,-83.353786
ALB-MCO,1079,0.24834749763928235,14.971671388101983,0.010194624652455977,19.460076045627375,1073.0,0.3850228388915197,-0.44898941658647445,-0.6398063710460852,-0.8863861319523317,-0.3975397701733429,ALB,MCO,42.748299,-73.801697,28.429399490356445,-81.30899810791016
ALB-ORD,2036,0.2585858585858586,19.82070707070707,0.023575638506876228,19.630859375,723.0,0.5658844180707531,0.3434281336538846,0.3597986517075836,-0.8698658381563488,0.09981134131896816,ALB,ORD,42.748299,-73.801697,41.9786,-87.9048
AMA-DAL,1261,0.12560386473429952,9.347020933977456,0.012688342585249802,43.01282051282051,323.0,-1.7832546224354295,-1.3681560355916729,-0.4535175742425336,1.3919290861026181,-0.5532497865417545,AMA,DAL,35.217857,-101.706444,32.844776,-96.847653
AMA-DFW,2419,0.17504258943781942,14.415247018739352,0.025217031831335262,31.282238442822383,312.0,-0.9099150450222996,-0.539918925982762,0.48241604298257984,0.25720087283871823,-0.17755426379594086,AMA,DFW,35.217857,-101.706444,32.896801,-97.038002
ANC-FAI,1185,0.11935208866155157,8.306052855924978,0.010126582278481013,20.37142857142857,261.0,-1.893692816506938,-1.5382684926411951,-0.6448893565003593,-0.7982287483642811,-1.2187698535031934,ANC,FAI,61.179004,-149.992561,64.815102,-147.856003
ANC-JNU,1228,0.1390946502057613,9.246913580246913,0.0024429967426710096,14.183431952662723,571.0,-1.5449386676191683,-1.3845153344701633,-1.2188780525673575,-1.3968089641622465,-1.3862852547047337,ANC,JNU,61.179004,-149.992561,58.354935,-134.574416
ANC-PDX,1038,0.10115606936416185,8.398843930635838,0.0,16.02857142857143,1542.0,-2.2151271556627794,-1.5231048021840758,-1.4013778123847422,-1.2183240596428488,-1.5894834574686116,ANC,PDX,61.179004,-149.992561,45.588699,-122.598
ANC-SEA,6833,0.16177777777777777,11.329481481481482,0.011122493780184399,23.186813186813186,1448.0,-1.1442391518660333,-1.0441871821273208,-0.5704915455309015,-0.5258896320951286,-0.821201877904846,ANC,SEA,61.179004,-149.992561,47.447943,-122.310276
ASE-DEN,2704,0.28610567514677104,27.787475538160468,0.053994082840236685,20.969904240766073,125.0,1.052024485597272,1.6453379494463671,2.632154847642289,-0.7403367168438564,1.1472951414605181,ASE,DEN,39.223202,-106.869003,39.860027,-104.673792
ASE-DFW,1185,0.372330547818013,43.51346332404828,0.08523206751054853,15.389027431421447,701.0,2.5751947193116944,4.215240406775411,4.965733357975482,-1.2801887320742116,2.618994937997094,ASE,DFW,39.223202,-106.869003,32.896801,-97.038002
ASE-LAX,1267,0.2805084745762712,34.82627118644068,0.06629834254143646,14.220543806646525,737.0,0.9531494274267519,2.795600717002693,3.551322851830694,-1.3932190427490838,1.476713488377764,ASE,LAX,39.223202,-106.869003,33.942501,-118.407997
ASE-ORD,1017,0.39361702127659576,39.62234042553192,0.06686332350049164,24.61081081081081,1013.0,2.9512222128690047,3.5793626206028857,3.5935287571960166,-0.38814282039142584,2.43399269256912,ASE,ORD,39.223202,-106.869003,41.9786,-87.9048
ATL-ALB,1045,0.26005888125613347,18.853778213935232,0.019138755980861243,16.88679245283019,853.0,0.5919054977829131,0.1854149850419915,0.028349173616842804,-1.1353062175927644,-0.08240914028775426,ATL,ALB,33.6367,-84.428101,42.748299,-73.801697
ATL-AUS,4575,0.2380635132134133,14.848767488341107,0.014426229508196721,18.52705223880597,813.0,0.20335531679275,-0.4690740712556226,-0.32369179900190814,-0.9766398321463666,-0.39151259640278685,ATL,AUS,33.6367,-84.428101,30.197535,-97.662015
ATL-AVL,1986,0.18111852231913803,12.522832221652129,0.01460221550855992,15.88385269121813,164.0,-0.8025831369526011,-0.8491727231709136,-0.3105450754567957,-1.2323230609952807,-0.7986559991438977,ATL,AVL,33.6367,-84.428101,35.435488,-82.541853
ATL-BDL,2330,0.2497805092186128,17.173397717295874,0.019313304721030045,16.221441124780316,859.0,0.41033711903579456,-0.08918868541466149,0.04138852917587032,-1.1996672969633908,-0.20928258354159684,ATL,BDL,33.6367,-84.428101,41.938555,-72.688016
ATL-BHM,3160,0.18272639381243957,12.28520786335804,0.016455696202531647,16.167548500881836,134.0,-0.7741799404924259,-0.8880047145609373,-0.1720840715726198,-1.2048804637491064,-0.7597872975937723,ATL,BHM,33.6367,-84.428101,33.562877,-86.750712
ATL-BNA,4185,0.20428015564202334,12.674367704280156,0.014814814814814815,16.652380952380952,214.0,-0.39343077350245004,-0.8244091652640597,-0.2946632195168486,-1.157981421728932,-0.6676211450030726,ATL,BNA,33.6367,-84.428101,36.1245,-86.6782
ATL-BOS,4923,0.2731231854002489,18.888635420987143,0.019500304692260818,15.190584662110858,946.0,0.8226876210848523,0.19111126455574762,0.055358031975190986,-1.2993845918969613,-0.0575569185702926,ATL,BOS,33.6367,-84.428101,42.36197,-71.0079
ATL-BUF,1408,0.22529069767441862,14.289970930232558,0.022017045454545456,19.116129032258065,712.0,-0.022277633735346122,-0.5603912379342625,0.2433667086209876,-0.9196569771336802,-0.3147397850455753,ATL,BUF,33.6367,-84.428101,42.940498,-78.732201
ATL-BWI,5463,0.27364864864864863,19.647334834834833,0.02233205198608823,24.920438957475994,577.0,0.8319699772551541,0.315096066945775,0.26689871557921613,-0.3581917240566425,0.26394325893087567,ATL,BWI,33.6367,-84.428101,39.1754,-76.668297
ATL-CAE,1779,0.20091064314171883,13.971542401821287,0.011242270938729624,22.03116147308782,192.0,-0.45295351889589436,-0.6124280491533421,-0.5615438043062395,-0.6376786802809665,-0.5661510131591106,ATL,CAE,33.6367,-84.428101,33.938172,-81.123022
ATL-CHA,1323,0.21638330757341576,15.919629057187016,0.021919879062736205,21.196428571428573,106.0,-0.17962749163145564,-0.29407649306177863,0.23610806481775343,-0.7184244581460661,-0.23900509450538676,ATL,CHA,33.6367,-84.428101,35.035301,-85.203796
ATL-CHS,3162,0.19207218820496294,12.135675153077667,0.016761543327008223,14.437919463087248,259.0,-0.6090856308332764,-0.9124409843096303,-0.14923630195308837,-1.372191757933362,-0.7607386687573392,ATL,CHS,33.6367,-84.428101,32.896159,-80.038151
ATL-CLE,3332,0.2229377491567004,14.783808647654094,0.020108043217286913,22.104539202200826,554.0,-0.06384268373334048,-0.47968948610775713,0.10075806584006228,-0.630580671081345,-0.26833869377059505,ATL,CLE,33.6367,-84.428101,41.411701,-81.8498
ATL-CLT,4624,0.21876379690949227,17.277041942604857,0.01967993079584775,29.715438950554994,226.0,-0.1375759305672701,-0.07225139963420686,0.06877668300691794,0.10564048326943547,-0.008852540981280892,ATL,CLT,33.6367,-84.428101,35.2140007019043,-80.94309997558594
ATL-CMH,3237,0.22379158819836786,13.376961707470182,0.013901760889712697,19.20196353436185,447.0,-0.04875953924891957,-0.7095929718467531,-0.36287130146839164,-0.9113539934771633,-0.5081444515103068,ATL,CMH,33.6367,-84.428101,39.998001,-82.891899
ATL-CVG,3007,0.19817382482245519,13.009130875887724,0.015630196208846026,18.638225255972696,373.0,-0.5012996639215983,-0.7697029866092869,-0.23375159160875533,-0.9658857912658723,-0.6176600083513782,ATL,CVG,33.6367,-84.428101,39.048801,-84.667801
ATL-DAB,1555,0.16294349540078842,10.0742444152431,0.01607717041800643,14.068548387096774,366.0,-1.1236466438195893,-1.2493149531123218,-0.2003611722146005,-1.4079219355655537,-0.9953111761780162,ATL,DAB,33.6367,-84.428101,29.18255,-81.059464
ATL-DAL,3463,0.20255041518386713,13.380189798339265,0.01992492058908461,24.190336749633968,721.0,-0.42398679633313174,-0.7090654451330174,0.08707821310824504,-0.428816316157957,-0.36869758612896525,ATL,DAL,33.6367,-84.428101,32.844776,-96.847653
ATL-DAY,1396,0.16399416909620992,11.349125364431487,0.0164756446991404,18.92,432.0,-1.1050863972383669,-1.0409770268256613,-0.17059385434218874,-0.9386290234494865,-0.8138215754639259,ATL,DAY,33.6367,-84.428101,39.902401,-84.219398
ATL-DCA,6850,0.3152701882210079,23.19808743169399,0.033576642335766425,20.614347616754934,547.0,1.5672182669186636,0.8953513709861672,1.1069059911589147,-0.7747305883730609,0.6986862601726712,ATL,DCA,33.6367,-84.428101,38.8521,-77.037697
ATL-DEN,5591,0.26379811183732754,18.32044299201162,0.010373815059917725,19.179628355127324,1199.0,0.657959346768985,0.0982586476428498,-0.6264202679243946,-0.9135145305992336,-0.19592920102794836,ATL,DEN,33.6367,-84.428101,39.860027,-104.673792
ATL-DFW,6719,0.28076923076923077,24.050461538461537,0.027533859205238875,31.952328767123287,731.0,0.9577557093390147,1.0346442625596493,0.6554905427927875,0.32202036703620557,0.7424777204319143,ATL,DFW,33.6367,-84.428101,32.896801,-97.038002
ATL-DSM,1227,0.17301324503311258,11.923013245033113,0.014669926650366748,17.550239234449762,743.0,-0.9457635988727631,-0.9471936731394168,-0.3054868341170236,-1.0711293697082687,-0.817393368959368,ATL,DSM,33.6367,-84.428101,41.534027,-93.656719
ATL-DTW,4955,0.22993890020366597,16.183910386965376,0.008274470232088799,20.193976970770592,594.0,0.059833287550908415,-0.25088828459622997,-0.7832481179827452,-0.8153940805322764,-0.4474242988900858,ATL,DTW,33.6367,-84.428101,42.21377,-83.353786
ATL-ECP,2363,0.18295847750865052,11.69204152249135,0.016504443504020312,16.31205673758865,240.0,-0.7700801608482533,-0.9849385070675127,-0.1684424904529903,-1.1909018246447753,-0.7785907457533829,ATL,ECP,33.6367,-84.428101,30.357106,-85.795414
ATL-EWR,6167,0.3426348723152376,29.860815153052595,0.036646667747689314,15.990128331688055,746.0,2.0506179052834623,1.9841580378080295,1.3362468210188119,-1.22204275547384,1.037245002159116,ATL,EWR,33.6367,-84.428101,40.6894,-74.170545
ATL-EYW,1453,0.20658263305322128,14.732492997198879,0.008947006194081212,10.196610169491525,646.0,-0.35275730020074664,-0.4880753641842135,-0.7330075059555773,-1.7824640946258767,-0.8390760662416035,ATL,EYW,33.6367,-84.428101,24.556119,-81.759579
ATL-FLL,6961,0.3188171252022951,22.19552743857584,0.02111765550926591,20.9746192893401,581.0,1.6298752319379866,0.7315154692283012,0.17617937016541932,-0.7398806185350143,0.4494223631991733,ATL,FLL,33.6367,-84.428101,26.072599,-80.152702
ATL-GNV,1575,0.16322580645161291,10.895483870967741,0.015238095238095238,21.126482213438734,300.0,-1.1186595933787724,-1.1151100100551838,-0.2630428025777659,-0.7251905423311912,-0.8055007370857283,ATL,GNV,33.6367,-84.428101,29.6900997162,-82.2717971802
ATL-GPT,1311,0.1827371695178849,13.069984447900467,0.016781083142639208,22.361702127659573,352.0,-0.773989586673706,-0.7597584447221861,-0.1477766145137871,-0.6057046653399207,-0.5718073278124001,ATL,GPT,33.6367,-84.428101,30.405582,-89.069836
ATL-GRR,1446,0.19017543859649122,13.87298245614035,0.013831258644536652,17.58671586715867,640.0,-0.6425918855244147,-0.628534474393412,-0.3681380472591155,-1.0676008948199234,-0.6767163254992163,ATL,GRR,33.6367,-84.428101,42.880798,-85.522797
ATL-GSO,2681,0.19002284843869002,12.504188880426504,0.01864975755315181,16.781563126252504,306.0,-0.6452874045680524,-0.8522193723913557,-0.008180590852052583,-1.1454853105838831,-0.662793169598836,ATL,GSO,33.6367,-84.428101,36.09937,-79.937262
ATL-GSP,2749,0.1900184842883549,11.841404805914973,0.014914514368861403,13.805447470817121,153.0,-0.6453644976814427,-0.9605299246413225,-0.2872153402996584,-1.4333723378436865,-0.8316205251165275,ATL,GSP,33.6367,-84.428101,34.895699,-82.218903
ATL-HOU,3010,0.20531807472231572,13.019185459441266,0.009966777408637873,24.057377049180328,696.0,-0.37509583835985655,-0.7680598911590377,-0.6568272972493654,-0.44167783679108324,-0.5604152158898358,ATL,HOU,33.6367,-84.428101,29.645336,-95.276812
ATL-HSV,2303,0.18954827280779452,12.420726306465898,0.016500217108119844,18.179906542056074,151.0,-0.6536708263375737,-0.8658586220739002,-0.16875821589922455,-1.0102200938814372,-0.6746269395480339,ATL,HSV,33.6367,-84.428101,34.636244,-86.774378
ATL-IAD,3855,0.2645418326693227,22.98804780876494,0.021271076523994813,28.6425702811245,534.0,0.6710972430440832,0.8610272095757013,0.18764041628550202,0.0018592436800280215,0.43040602814632867,ATL,IAD,33.6367,-84.428101,38.9445,-77.455803
ATL-IAH,4734,0.25735294117647056,19.97037197231834,0.021123785382340516,24.80924369747899,689.0,0.5441048196737992,0.3678860057865253,0.1766372915143457,-0.36894791654111614,0.17992005010838855,ATL,IAH,33.6367,-84.428101,29.9844,-95.3414
ATL-ICT,1143,0.15630550621669628,9.310834813499111,0.009623797025371828,15.403409090909092,782.0,-1.2409073276999567,-1.3740694828869806,-0.6824490414272524,-1.278797558586246,-1.144055852650109,ATL,ICT,33.6367,-84.428101,37.650314,-97.428583
ATL-ILM,1075,0.1885014137606032,14.05937794533459,0.013023255813953489,19.06,377.0,-0.6721636868101676,-0.5980741794830225,-0.4284984726078497,-0.9250864772306382,-0.6559557040329196,ATL,ILM,33.6367,-84.428101,34.272345,-77.905117
ATL-IND,3308,0.19356814701378255,12.587442572741194,0.012091898428053204,21.54746835443038,432.0,-0.5826593821434725,-0.8386142576364507,-0.4980738822930516,-0.6844675118178052,-0.650953758472695,ATL,IND,33.6367,-84.428101,39.7173,-86.294403
ATL-JAN,2020,0.18639798488664988,13.568261964735516,0.01485148514851485,23.616216216216216,340.0,-0.7093209495614492,-0.6783311517355208,-0.291923826960245,-0.4843524151508134,-0.5409820858520071,ATL,JAN,33.6367,-84.428101,32.311199,-90.075897
ATL-JAX,3968,0.2692800409941071,17.404304381245197,0.015372983870967742,17.011417697431018,269.0,0.7547981249110451,-0.051454483202605254,-0.2529661853349559,-1.1232509094853214,-0.16821836327795936,ATL,JAX,33.6367,-84.428101,30.492469,-81.687813
ATL-JFK,4366,0.2704609595484478,24.670978363123236,0.024736601007787448,27.812173913043477,760.0,0.7756591587947492,1.1360476042272,0.4465263062609162,-0.0784670505678379,0.5699415046787569,ATL,JFK,33.6367,-84.428101,40.639447,-73.779317
ATL-LAS,4875,0.25036329665767076,16.51546605771227,0.010051282051282051,19.217247097844112,1747.0,0.4206321122582294,-0.196706267886383,-0.650514527069756,-0.9098755765853974,-0.3341160648208268,ATL,LAS,33.6367,-84.428101,36.083361,-115.151817
ATL-LAX,5192,0.2328393135725429,16.244149765990638,0.01078582434514638,18.571189279731993,1947.0,0.11106935403702503,-0.24104411262479306,-0.5956418414601201,-0.9723703470270534,-0.42449673676873534,ATL,LAX,33.6367,-84.428101,33.942501,-118.407997
ATL-LEX,2023,0.1846076458752515,12.741951710261569,0.01532377656945131,21.264305177111716,304.0,-0.7409474513577138,-0.8133647523208146,-0.25664212994476826,-0.7118585862200482,-0.6307032299608362,ATL,LEX,33.6367,-84.428101,38.035066,-84.606738
ATL-LGA,8144,0.28153354632587857,22.353099041533547,0.03462671905697446,20.027689514298682,762.0,0.971257413301972,0.7572654351547451,1.1853501192508615,-0.8314794774243164,0.5205983725708155,ATL,LGA,33.6367,-84.428101,40.777199,-73.872597
ATL-LIT,2240,0.17343678685531722,12.65449566408033,0.019196428571428573,14.802631578947368,453.0,-0.9382816939846572,-0.8276566054653999,0.032657502704124514,-1.3369122530361497,-0.7675482624455205,ATL,LIT,33.6367,-84.428101,34.729222,-92.223591
ATL-MCI,3264,0.20117975783918038,13.034150884818379,0.011029411764705883,18.246913580246915,692.0,-0.44819958323986403,-0.7656142779501727,-0.5774450732091964,-1.003738337369383,-0.698749317942154,ATL,MCI,33.6367,-84.428101,39.301699,-94.713893
ATL-MCO,8183,0.3219621513944223,24.9515687250996,0.014175730172308445,22.1430781129157,404.0,1.6854324062392492,1.1819009948417472,-0.342404909762769,-0.6268527069414861,0.4745189460941853,ATL,MCO,33.6367,-84.428101,28.429399490356445,-81.30899810791016
ATL-MDW,3569,0.23335246842709528,17.260619977037887,0.017932193891846457,32.6629766297663,591.0,0.1201342813083058,-0.07493503707811995,-0.06178491768334104,0.3907630922159836,0.0935443546907071,ATL,MDW,33.6367,-84.428101,41.785999,-87.752403
ATL-MEM,3305,0.1936978683966636,12.733704046957058,0.019062027231467472,16.60127591706539,332.0,-0.5803678420929116,-0.8147125652837947,0.022617287818197995,-1.162924938177338,-0.6338470144339616,ATL,MEM,33.6367,-84.428101,35.043845,-89.97634
ATL-MIA,6220,0.2978200295033601,22.386002294705786,0.015916398713826368,25.819482663731424,594.0,1.2589596228768705,0.7626424043049653,-0.21237133861630175,-0.2712250030228634,0.38450142138566773,ATL,MIA,33.6367,-84.428101,25.796011,-80.289751
ATL-MKE,2223,0.18056828597616864,10.466544454628782,0.016644174538911382,12.705583756345177,669.0,-0.8123031120961349,-1.1852062402636283,-0.15800413011413292,-1.5397648748984776,-0.9238195893430934,ATL,MKE,33.6367,-84.428101,42.947201,-87.896599
ATL-MLB,1437,0.18714689265536724,12.11864406779661,0.013917884481558803,16.267924528301887,443.0,-0.6960914255764491,-0.9152241626072787,-0.36166681699736825,-1.1951708423876746,-0.7920383118921926,ATL,MLB,33.6367,-84.428101,28.102009,-80.641088
ATL-MSN,1016,0.1906187624750499,12.805389221556887,0.011811023622047244,14.041884816753926,707.0,-0.6347605288080059,-0.8029979493966146,-0.5190561389369137,-1.4105011686636073,-0.8418289464512854,ATL,MSN,33.6367,-84.428101,43.1399,-89.337502
ATL-MSP,3529,0.20262182958107722,13.15702479338843,0.004533862283933126,15.450070323488045,907.0,-0.4227252544981695,-0.745534524368069,-1.0626836326461973,-1.2742839021660395,-0.8763068284196187,ATL,MSP,33.6367,-84.428101,44.880081,-93.221741
ATL-MSY,4164,0.21299462628236443,14.45285784074255,0.015129682997118156,22.587155963302752,425.0,-0.239488855460362,-0.5337726574491619,-0.27114154769436816,-0.5838959582726747,-0.4070747547191417,ATL,MSY,33.6367,-84.428101,29.993401,-90.264673
ATL-MYR,1483,0.21384509938313914,13.825222755311858,0.014834794335805798,16.259615384615383,317.0,-0.22446517062856172,-0.63633924787992,-0.2931706846647005,-1.1959746064049142,-0.5874874273945241,ATL,MYR,33.6367,-84.428101,33.679699,-78.928299
ATL-OKC,1823,0.21468609865470853,14.094170403587444,0.019199122325836534,21.289817232375977,761.0,-0.209608841853057,-0.592388481059629,0.03285873487274479,-0.7093907420232333,-0.36963233251579364,ATL,OKC,33.6367,-84.428101,35.393388,-97.598248
ATL-OMA,1779,0.22514285714285714,15.256571428571428,0.012928611579539067,19.923857868020306,821.0,-0.02488925019860889,-0.4024317488543018,-0.43556870309446405,-0.841523369343631,-0.42610326787275143,ATL,OMA,33.6367,-84.428101,41.3032,-95.894096
ATL-ORD,6297,0.2852261633582818,23.691669378457533,0.020327139907892647,24.502567027952082,606.0,1.0364878297005968,0.9760113253973728,0.11712529741017617,-0.39861350919333544,0.4327527358287026,ATL,ORD,33.6367,-84.428101,41.9786,-87.9048
ATL-ORF,2873,0.2443342776203966,15.593484419263456,0.014966933518969718,15.184057971014493,516.0,0.3141289415190002,-0.3473742520233236,-0.28329946020964264,-1.300015934867166,-0.404140176395283,ATL,ORF,33.6367,-84.428101,36.895341,-76.201
ATL-PBI,3861,0.27921052631578946,17.138684210526314,0.014245014245014245,16.49670122525919,545.0,0.9302210531187366,-0.09486148177977474,-0.337229165396383,-1.1730407067281046,-0.16872757519638143,ATL,PBI,33.6367,-84.428101,26.683201,-80.095596
ATL-PDX,1613,0.22305764411027568,14.038847117794486,0.009299442033477991,13.536516853932584,2172.0,-0.061724728451982874,-0.6014292771000804,-0.7066794086161482,-1.4593866614781315,-0.7073050189115857,ATL,PDX,33.6367,-84.428101,45.588699,-122.598
ATL-PHL,5629,0.2886201209455745,23.144951438519332,0.029490140344643808,32.9784126984127,666.0,1.096442399783454,0.8866680169551594,0.8016310725121752,0.42127600320695324,0.8015043731144355,ATL,PHL,33.6367,-84.428101,39.871899,-75.241096
ATL-PHX,3775,0.25335120643431636,18.286595174262736,0.009006622516556291,18.54074074074074,1587.0,0.473413810761436,0.09272732005997168,-0.7285539738067778,-0.9753157095026637,-0.2844321381220084,ATL,PHX,33.6367,-84.428101,33.435302,-112.005905
ATL-PIT,2819,0.17271407837445574,10.956821480406386,0.02021993614757006,15.455882352941176,526.0,-0.9510484051620496,-1.1050863679559244,0.10911682970792219,-1.2737216901839372,-0.8051849083984973,ATL,PIT,33.6367,-84.428101,40.491501,-80.232903
ATL-PNS,2779,0.19110621095185593,12.507901506798971,0.01727240014393667,13.209615384615384,272.0,-0.6261497070423278,-0.8516126640708578,-0.11107364509723755,-1.4910086490298293,-0.7699611663100632,ATL,PNS,33.6367,-84.428101,30.472718,-87.186639
ATL-PVD,1028,0.2672672672672673,14.671671671671671,0.02821011673151751,16.254681647940075,903.0,0.7192422935952477,-0.49801463642952487,0.7060091677114658,-1.196451858954607,-0.06730375851935455,ATL,PVD,33.6367,-84.428101,41.725038,-71.425668
ATL-RDU,4599,0.21157243816254417,14.650176678445229,0.01456838443139813,24.608559498956158,356.0,-0.2646119382060091,-0.5015272956446412,-0.31307236636494473,-0.38836059535460216,-0.36689304889254926,ATL,RDU,33.6367,-84.428101,35.878659,-78.7873
ATL-RIC,2697,0.21927162367223066,14.374810318664643,0.0192806822395254,16.041522491349482,481.0,-0.12860512452345146,-0.5465269925985536,0.03895152427313948,-1.217071271312456,-0.4633129660403304,ATL,RIC,33.6367,-84.428101,37.505199,-77.319702
ATL-ROC,1045,0.27317554240631164,15.660749506903352,0.026794258373205742,16.873646209386283,749.0,0.8236125123684298,-0.33638195593535714,0.6002399680174769,-1.1365778862316454,-0.01227684044527394,ATL,ROC,33.6367,-84.428101,43.1189,-77.672401
ATL-RSW,2882,0.24381625441696114,16.126501766784454,0.015961138098542677,14.194202898550724,515.0,0.30497801442103006,-0.2602698608815185,-0.2090291618452525,-1.3957670639300397,-0.39002201805894515,ATL,RSW,33.6367,-84.428101,26.534685,-81.752816
ATL-SAN,2522,0.24085243264977885,13.512665862484921,0.007137192704203013,11.303839732888147,1892.0,0.2526218328002179,-0.6874165307741549,-0.86820642842975,-1.6753590407889176,-0.7445900417981512,ATL,SAN,33.6367,-84.428101,32.733601,-117.190002
ATL-SAT,3141,0.22404900064474534,14.221147646679562,0.011461318051575931,20.56978417266187,874.0,-0.044212324924756824,-0.5716381705869139,-0.5451802763551398,-0.7790413205252137,-0.485018023098006,ATL,SAT,33.6367,-84.428101,29.533701,-98.469803
ATL-SAV,2938,0.19542619542619544,12.374220374220375,0.015997277059223963,13.592198581560284,215.0,-0.54983678760769,-0.8734585077653668,-0.20632946457215107,-1.4540004302642495,-0.7709062975523644,ATL,SAV,33.6367,-84.428101,32.126591,-81.19998
ATL-SBN,1038,0.2798029556650246,29.220689655172414,0.018304431599229287,0.0,566.0,0.9406863715631527,1.8795502947270193,-0.033977556745943,-2.768807412453879,0.004362924272587554,ATL,SBN,33.6367,-84.428101,41.708304,-86.316922
ATL-SDF,2685,0.1859582542694497,13.019354838709678,0.01638733705772812,15.551020408163266,321.0,-0.7170888309884933,-0.768032211613305,-0.17719072083254703,-1.2645187508266762,-0.7317076285652554,ATL,SDF,33.6367,-84.428101,38.1706,-85.735076
ATL-SEA,3268,0.23391089108910892,13.434715346534654,0.00795593635250918,11.476190476190476,2182.0,0.12999886852380463,-0.7001550134194502,-0.8070436292503624,-1.6586871271673125,-0.7589717253283301,ATL,SEA,33.6367,-84.428101,47.447943,-122.310276
ATL-SFO,3367,0.2629685157421289,17.55592203898051,0.007722007722007722,12.529076396807298,2139.0,0.6433044561432817,-0.02667749644072386,-0.824518854712288,-1.5568388682878251,-0.4411826908243888,ATL,SFO,33.6367,-84.428101,37.619806,-122.374821
ATL-SHV,1537,0.2603748326639893,27.16934404283802,0.026024723487312947,0.0,552.0,0.5974868081964533,1.5443244124647881,0.5427532225816292,-2.768807412453879,-0.02106074230275201,ATL,SHV,33.6367,-84.428101,32.444747,-93.826741
ATL-SJU,2172,0.3020102851799906,20.26180458158018,0.013351749539594844,15.73219814241486,1547.0,1.3329808712773354,0.4155112099317245,-0.40395892861913363,-1.2469929805414728,0.024385043012113417,ATL,SJU,33.6367,-84.428101,18.4394,-66.001801
ATL-SLC,2957,0.19319727891156463,12.811224489795919,0.00439634764964491,13.890845070422536,1590.0,-0.589210800967671,-0.8020443641343826,-1.0729564206899245,-1.4251116168462932,-0.9723308006595679,ATL,SLC,33.6367,-84.428101,40.78886,-111.979866
ATL-SMF,1009,0.18328298086606243,10.920443101711983,0.014866204162537165,9.587912087912088,2092.0,-0.7643477794664357,-1.111031233618626,-0.2908242689964942,-1.8413449653624052,-1.0018870618609903,ATL,SMF,33.6367,-84.428101,38.6954,-121.591003
ATL-SNA,1076,0.261116367076632,14.437086092715232,0.011152416356877323,5.916666666666667,1919.0,0.6105860811744342,-0.5363500379332133,-0.5682562322518484,-2.196473613919207,-0.6726234507324587,ATL,SNA,33.6367,-84.428101,33.675063,-117.869281
ATL-SRQ,2272,0.21524663677130046,13.47982062780269,0.016725352112676055,13.727083333333333,444.0,-0.19970688493964386,-0.6927840186846543,-0.15193990274295222,-1.4409526946563609,-0.6213458752559029,ATL,SRQ,33.6367,-84.428101,27.394631,-82.554359
ATL-STL,3651,0.189640768588137,12.229741019214703,0.015064365927143249,23.08663729809104,484.0,-0.6520368799483568,-0.897068970555856,-0.2760209441234288,-0.5355798935453706,-0.5901766720432531,ATL,STL,33.6367,-84.428101,38.748697,-90.370003
ATL-SYR,1103,0.23234200743494424,13.763940520446097,0.024478694469628286,17.088,794.0,0.10228439579508143,-0.6463538408019278,0.42725985352798324,-1.1158429139704191,-0.30816312636232057,ATL,SYR,33.6367,-84.428101,43.11119842529297,-76.1063003540039
ATL-TLH,1709,0.2045319022063208,15.33154442456768,0.01579871269748391,23.014577259475217,223.0,-0.3889836475015825,-0.3901798452367123,-0.22116286475353314,-0.542550439284562,-0.3857191991940975,ATL,TLH,33.6367,-84.428101,30.401209,-84.35433
ATL-TPA,6089,0.28929346918323035,20.242525471855686,0.014288060436853342,24.22921478060046,406.0,1.1083371577662458,0.4123606649783224,-0.33401347561077194,-0.4250555480775172,0.19040719976406975,ATL,TPA,33.6367,-84.428101,27.9755,-82.533203
ATL-TUL,1558,0.18725361366622864,13.635348226018397,0.022464698331193838,20.2140350877193,674.0,-0.6942061891937202,-0.6673680790133986,0.2768078266719964,-0.8134538092762696,-0.474555062702848,ATL,TUL,33.6367,-84.428101,36.197084,-95.886225
ATL-TYS,1727,0.20946745562130178,13.098224852071006,0.01910828025477707,15.412429378531073,152.0,-0.3017966466315433,-0.7551434669502358,0.0260725382888148,-1.2779250038574748,-0.5771981447876098,ATL,TYS,33.6367,-84.428101,35.811001,-83.994003
ATL-VPS,2362,0.17545375972342264,12.3552290406223,0.01693480101608806,21.13054187192118,250.0,-0.9026516844557195,-0.8765620250481061,-0.13629339208698069,-0.7247978415266821,-0.6600762357793721,ATL,VPS,33.6367,-84.428101,30.481315,-86.515839
ATW-DTW,1053,0.22040423484119345,23.32820019249278,0.013295346628679962,0.10480349344978165,296.0,-0.10859744500487091,0.9166140800928564,-0.40817240852894027,-2.758669511354304,-0.5897063211988147,ATW,DTW,44.258515,-88.519,42.21377,-83.353786
ATW-ORD,2511,0.28884297520661156,25.654545454545456,0.03544404619673437,30.03576537911302,160.0,1.1003791406141692,1.2967797324476116,1.2464071006594122,0.13662645086847663,0.9450481061474174,ATW,ORD,44.258515,-88.519,41.9786,-87.9048
AUS-ATL,4575,0.19007344758513242,13.877587358112619,0.015300546448087432,34.477751756440284,813.0,-0.6443935660348687,-0.6277819525769504,-0.2583774951605242,0.5663107781431209,-0.2410605589073056,AUS,ATL,30.197535,-97.662015,33.6367,-84.428101
AUS-BNA,3024,0.22437395659432388,15.169616026711186,0.007936507936507936,18.290178571428573,756.0,-0.03847194846106942,-0.41664178792855355,-0.8084949947769422,-0.9995532077784136,-0.5657904847362447,AUS,BNA,30.197535,-97.662015,36.1245,-86.6782
AUS-BOS,1550,0.36236702127659576,32.03058510638298,0.026451612903225806,32.52660550458715,1698.0,2.3991881149462237,2.338736536203301,0.574643242945513,0.37757157603273384,1.422534867531943,AUS,BOS,30.197535,-97.662015,42.36197,-71.0079
AUS-BWI,1278,0.2194732641660016,13.236233040702315,0.017214397496087636,28.64727272727273,1342.0,-0.12504312682477794,-0.7325905063398123,-0.11540663053120395,0.002314122925056906,-0.2426815351926843,AUS,BWI,30.197535,-97.662015,39.1754,-76.668297
AUS-CLT,1717,0.2337118947997609,30.168559473998805,0.023878858474082703,62.808184143222505,1032.0,0.12648358093723766,2.034448861977334,0.38245016418013594,3.306783563842854,1.4625415427343906,AUS,CLT,30.197535,-97.662015,35.2140007019043,-80.94309997558594
AUS-DAL,2334,0.2159090909090909,13.616258741258742,0.017994858611825194,32.87246963562753,189.0,-0.18800457222379216,-0.67048763591888,-0.05710366037939578,0.41102786874742125,-0.12614199994366168,AUS,DAL,30.197535,-97.662015,32.844776,-96.847653
AUS-DEN,5145,0.23503937007874015,16.86240157480315,0.009523809523809525,25.69179229480737,775.0,0.14993355271791295,-0.1400109143069613,-0.689918431255382,-0.28357680818611924,-0.2408931502576374,AUS,DEN,30.197535,-97.662015,39.860027,-104.673792
AUS-DFW,4787,0.28298196044338186,31.323842642903717,0.03843743471903071,47.05913978494624,190.0,0.9968437806867577,2.2232424115528917,1.470022906942444,1.7833395558096208,1.6183621637479284,AUS,DFW,30.197535,-97.662015,32.896801,-97.038002
AUS-DTW,1342,0.1527464258841234,15.906696764484575,0.00819672131147541,30.75862068965517,1149.0,-1.3037788061264073,-0.29618985670210435,-0.7890562138717683,0.20655003267245675,-0.5456187110069558,AUS,DTW,30.197535,-97.662015,42.21377,-83.353786
AUS-ELP,1010,0.22664015904572565,12.76441351888668,0.0009900990099009901,36.271929824561404,528.0,0.0015607243699696865,-0.809694098498132,-1.3274142133564424,0.739866059660083,-0.34892038195613045,AUS,ELP,30.197535,-97.662015,31.809908,-106.375607
AUS-EWR,2029,0.2965412004069176,31.161749745676502,0.02661409561360276,16.777015437392794,1504.0,1.236368990344005,2.196753586776262,0.5867812270452589,-1.14592521977368,0.7184946460979615,AUS,EWR,30.197535,-97.662015,40.6894,-74.170545
AUS-FLL,1010,0.32451678535096645,20.510681586978638,0.023762376237623763,22.197492163009404,1105.0,1.7305602478944093,0.4561820813869439,0.3737485642944536,-0.6215891013104237,0.48472544806634577,AUS,FLL,30.197535,-97.662015,26.072599,-80.152702
AUS-HOU,1507,0.2648432288192128,14.338892595063376,0.0033178500331785005,24.84382871536524,148.0,0.6764214334991867,-0.5523965791327232,-1.153523681599796,-0.3656024222325143,-0.3487753123664617,AUS,HOU,30.197535,-97.662015,29.645336,-95.276812
AUS-IAD,1139,0.1127886323268206,11.531083481349912,0.007901668129938543,34.803149606299215,1297.0,-2.009636870810899,-1.011241876438526,-0.8110976410350975,0.5977873168661817,-0.8085472678545852,AUS,IAD,30.197535,-97.662015,38.9445,-77.455803
AUS-IAH,2678,0.2314990512333966,16.516888045540796,0.014563106796116505,25.824590163934428,140.0,0.08739349767316885,-0.19647389011370672,-0.3134666227937303,-0.2707309418974209,-0.17331948928292226,AUS,IAH,30.197535,-97.662015,29.9844,-95.3414
AUS-JFK,2076,0.20636499254102436,19.29388363998011,0.02745664739884393,26.35421686746988,1521.0,-0.3566019396830531,0.2573359372438962,0.6497225710734567,-0.21949884110195464,0.08273943188308627,AUS,JFK,30.197535,-97.662015,40.639447,-73.779317
AUS-LAS,2911,0.24464409122322045,14.880096751900483,0.004465819306080384,29.634180790960453,1090.0,0.3196018270472903,-0.4639543196378704,-1.067766663212095,0.0977801805410952,-0.278584743815395,AUS,LAS,30.197535,-97.662015,36.083361,-115.151817
AUS-LAX,4013,0.18561368209255533,13.775402414486921,0.00722651383005233,37.60433604336043,1242.0,-0.7231757298954109,-0.6444807661142067,-0.8615338513733041,0.8687530082341338,-0.34010933478719696,AUS,LAX,30.197535,-97.662015,33.942501,-118.407997
AUS-MCO,2723,0.27466367713004486,19.362107623318387,0.01395519647447668,27.965986394557824,994.0,0.849900547882146,0.26848493372138,-0.35887949042141243,-0.06358838885395338,0.17397940058204003,AUS,MCO,30.197535,-97.662015,28.429399490356445,-81.30899810791016
AUS-MDW,1358,0.2070254110612855,13.372197309417041,0.010309278350515464,32.43682310469314,972.0,-0.3449355863363697,-0.7103715581226147,-0.6312413688941978,0.3688867024598495,-0.32941545272333317,AUS,MDW,30.197535,-97.662015,41.785999,-87.752403
AUS-MFE,1031,0.1828793774319066,14.679961089494164,0.002909796314258002,0.0,279.0,-0.7714774709126037,-0.49666000004535016,-1.1840066144645207,-2.768807412453879,-1.3052378744690882,AUS,MFE,30.197535,-97.662015,26.176141,-98.237965
AUS-MIA,2015,0.22564361433619384,17.775870772337203,0.013895781637717122,31.43847874720358,1103.0,-0.01604332874254592,0.00926598755759275,-0.36331797093545243,0.27231438386249907,-0.02444523206447663,AUS,MIA,30.197535,-97.662015,25.796011,-80.289751
AUS-MSP,1676,0.25,20.072289156626507,0.007159904534606206,29.387951807228916,1042.0,0.41421444369196886,0.3845410627510649,-0.8665097812254381,0.07396184202249194,0.0015518918100219208,AUS,MSP,30.197535,-97.662015,44.880081,-93.221741
AUS-MSY,2101,0.21743295019157088,14.272030651340996,0.004283674440742504,28.125550660792953,445.0,-0.16108545912410935,-0.5633229944278015,-1.0813734738948588,-0.04815334277991123,-0.46348381755667023,AUS,MSY,30.197535,-97.662015,29.993401,-90.264673
AUS-ORD,3119,0.26403940886699506,22.9247947454844,0.01923693491503687,36.00373134328358,977.0,0.6622218807883116,0.8506905486949065,0.03568345761043861,0.713922557313441,0.5656296111017743,AUS,ORD,30.197535,-97.662015,41.9786,-87.9048
AUS-PHL,1201,0.273972602739726,47.949486301369866,0.025811823480432972,61.44375,1431.0,0.8376926557971156,4.940164430970388,0.5268489033322166,3.1747984749345264,2.3698761162585615,AUS,PHL,30.197535,-97.662015,39.871899,-75.241096
AUS-PHX,3402,0.20837043633125557,17.51944197091125,0.007936507936507936,38.91737891737892,872.0,-0.32117559236544896,-0.032638979932326895,-0.8084949947769422,0.9957668925821703,-0.041635668623136945,AUS,PHX,30.197535,-97.662015,33.435302,-112.005905
AUS-SAN,2394,0.24268137462876538,16.37929571489181,0.010025062656641603,37.14510489510489,1164.0,0.2849302595369518,-0.21895889222987078,-0.6524732006696263,0.8243304435885228,0.059457152556494364,AUS,SAN,30.197535,-97.662015,32.733601,-117.190002
AUS-SEA,2071,0.19149975574010747,15.16609672691744,0.010622887493964268,28.45408163265306,1770.0,-0.6191977024927389,-0.4172169032924445,-0.6078137513471653,-0.016373729417491607,-0.4151505216374601,AUS,SEA,30.197535,-97.662015,47.447943,-122.310276
AUS-SFO,2712,0.19239373601789708,13.628262490678598,0.009587020648967551,24.9031007751938,1504.0,-0.6034054594140078,-0.6685260125505259,-0.6851963557169128,-0.35986888930598143,-0.5792491792468569,AUS,SFO,30.197535,-97.662015,37.619806,-122.374821
AUS-SJC,1168,0.23109965635738833,12.485395189003436,0.0017123287671232876,34.00371747211896,1476.0,0.08033815079021837,-0.8552905914732991,-1.2734613140652513,0.5204562695378325,-0.38198937130262495,AUS,SJC,30.197535,-97.662015,37.362452,-121.929188
AUS-SLC,1761,0.17885714285714285,14.268571428571429,0.005110732538330494,32.46964856230032,1086.0,-0.8425306112362365,-0.5638882921513529,-1.019589558456721,0.37206199015127883,-0.513486617923258,AUS,SLC,30.197535,-97.662015,40.78886,-111.979866
AUS-TPA,1412,0.25017818959372773,15.646471846044191,0.0056657223796034,28.424501424501425,928.0,0.4173621791042157,-0.3387151763490087,-0.9781300219111853,-0.0192350961036108,-0.22967952881489728,AUS,TPA,30.197535,-97.662015,27.9755,-82.533203
AVL-ATL,1985,0.16734902763561924,12.57625383828045,0.015617128463476071,30.798165137614678,164.0,-1.0458225153996035,-0.8404426932537586,-0.2347277944622901,0.21037526491667444,-0.47765443454974443,AVL,ATL,35.435488,-82.541853,33.6367,-84.428101
AVL-CLT,1226,0.1921470342522974,19.838763575605682,0.02365415986949429,48.28695652173913,91.0,-0.6077634685861287,0.34637888351720075,0.3656644515132201,1.9021093051402889,0.5015972928961452,AVL,CLT,35.435488,-82.541853,35.2140007019043,-80.94309997558594
AVL-ORD,1203,0.2929120409906063,22.450896669513238,0.0199501246882793,27.78134110787172,536.0,1.1722595585167608,0.7732472843007491,0.08896104085381776,-0.0814495840613754,0.48825457490248814,AVL,ORD,35.435488,-82.541853,41.9786,-87.9048
BDL-ATL,2331,0.1950682518714223,15.681638044914134,0.019305019305019305,28.724604966139953,859.0,-0.556159893123417,-0.33296840214816087,0.040769581796393284,0.009794661632674265,-0.20964101296062754,BDL,ATL,41.938555,-72.688016,33.6367,-84.428101
BDL-BWI,1762,0.18782608695652173,11.746666666666666,0.019296254256526674,28.11111111111111,283.0,-0.6840933963491816,-0.9760117996225232,0.040114804318899,-0.04955011612952347,-0.41738512694558233,BDL,BWI,41.938555,-72.688016,39.1754,-76.668297
BDL-CLT,1707,0.186144578313253,15.892168674698794,0.025190392501464556,33.84789644012945,644.0,-0.7137973997743402,-0.29856400159838103,0.480425998862511,0.5053833157693572,-0.0066380216852132135,BDL,CLT,41.938555,-72.688016,35.2140007019043,-80.94309997558594
BDL-DCA,1803,0.3287995269071555,29.37551744529864,0.05823627287853577,43.76618705035971,313.0,1.806215267785841,1.9048518734720616,2.949060167066836,1.464804094348036,2.031232850668194,BDL,DCA,41.938555,-72.688016,38.8521,-77.037697
BDL-DEN,1013,0.18274111675126903,11.975634517766498,0.012833168805528134,14.877777777777778,1671.0,-0.7739198584362502,-0.9385944334638868,-0.44269858707222826,-1.3296431753873523,-0.8712140135899293,BDL,DEN,41.938555,-72.688016,39.860027,-104.673792
BDL-DTW,1313,0.13090627420604184,13.29976762199845,0.015993907083015995,39.29585798816568,549.0,-1.6895870758898142,-0.7222078404735172,-0.20658121269682195,1.0323781090750028,-0.3964995049962876,BDL,DTW,41.938555,-72.688016,42.21377,-83.353786
BDL-IAD,1032,0.1823587710604559,12.511397423191278,0.022286821705426358,24.75,325.0,-0.7806740299089763,-0.8510413699652328,0.26351986729297583,-0.3746787059074355,-0.4357185596221672,BDL,IAD,41.938555,-72.688016,38.9445,-77.455803
BDL-MCO,1944,0.2518479408658923,18.236536430834214,0.018518518518518517,28.89937106918239,1050.0,0.4468584874973287,0.08454684265535307,-0.017984571299875254,0.026700218975104634,0.13503024445697778,BDL,MCO,41.938555,-72.688016,28.429399490356445,-81.30899810791016
BDL-ORD,2310,0.2864142538975501,25.665478841870826,0.024675324675324677,23.66096423017107,783.0,1.0574755573516545,1.29856643986065,0.44194876599587296,-0.48002382909948976,0.579491733527172,BDL,ORD,41.938555,-72.688016,41.9786,-87.9048
BFL-PHX,1277,0.17238627294493217,15.869912210694334,0.017227877838684416,37.88425925925926,425.0,-0.9568391179486491,-0.3022010985054412,-0.11439960533006564,0.895830673155838,-0.11940228715707948,BFL,PHX,35.433601,-119.056999,33.435302,-112.005905
BGR-DCA,1014,0.3167898627243928,32.565997888067585,0.0631163708086785,51.733333333333334,590.0,1.5940634555142585,2.4262323833367576,3.3136192696559887,2.2354858569873066,2.392350241373578,BGR,DCA,44.806364,-68.826668,38.8521,-77.037697
BHM-ATL,3160,0.11944623309723117,10.760463618802317,0.016455696202531647,29.36388140161725,134.0,-1.8920297464709435,-1.1371746893970112,-0.1720840715726198,0.07163345216176029,-0.7824137638197035,BHM,ATL,33.562877,-86.750712,33.6367,-84.428101
BHM-CLT,1877,0.1772428884026258,18.045404814004378,0.02557272242940863,57.00308641975309,350.0,-0.8710465632879852,0.0533125813515861,0.5089872813243549,2.745242105092731,0.6091238511201718,BHM,CLT,33.562877,-86.750712,35.2140007019043,-80.94309997558594
BHM-DCA,1045,0.2434077079107505,21.976673427991887,0.05167464114832536,34.6125,653.0,0.29776100315653425,0.6957508821477532,2.458885049819538,0.57934530897395,1.0079355610244438,BHM,DCA,33.562877,-86.750712,38.8521,-77.037697
BHM-DEN,1115,0.1717902350813743,14.293851717902351,0.0017937219730941704,14.952631578947368,1083.0,-0.9673681811274325,-0.5597570491058873,-1.2673809782706924,-1.3224023820873834,-1.029227147647849,BHM,DEN,33.562877,-86.750712,39.860027,-104.673792
BHM-DFW,2193,0.2368296155671571,26.257712387280492,0.03511171910624715,47.236472945891784,597.0,0.18155840242218735,1.3953477972153079,1.2215811919157034,1.8004934310113316,1.1497452056411326,BHM,DFW,33.562877,-86.750712,32.896801,-97.038002
BHM-ORD,1068,0.2196969696969697,16.970643939393938,0.010299625468164793,27.439655172413794,584.0,-0.1210913482331521,-0.12232221185237878,-0.6319624704330467,-0.11450170958472895,-0.24746943502582663,BHM,ORD,33.562877,-86.750712,41.9786,-87.9048
BIL-DEN,1811,0.22903770399549803,20.592009003939225,0.011595803423522915,22.15724815724816,455.0,0.04391357440443085,0.469472408935258,-0.5351337840080227,-0.6254820035108042,-0.1618074510447845,BIL,DEN,45.808932,-108.541242,39.860027,-104.673792
BIL-SLC,1074,0.07778819119025304,7.597938144329897,0.00558659217877095,7.180722891566265,387.0,-2.6279228532020817,-1.6539868667220963,-0.9840413039010393,-2.074198329284021,-1.8350373382773095,BIL,SLC,45.808932,-108.541242,40.78886,-111.979866
BIS-DEN,1550,0.2369980250164582,27.518104015799867,0.00903225806451613,20.708333333333332,516.0,0.18453337069183878,1.6013179141599228,-0.7266389154427039,-0.7656391175825282,0.07339331295663235,BIS,DEN,46.772734,-100.746874,39.860027,-104.673792
BIS-MSP,1043,0.17936354869816779,17.243008678881388,0.004793863854266539,1.7150537634408602,386.0,-0.8335849059039797,-0.07781303234464028,-1.0432606742323798,-2.602906020602393,-1.1393911582708482,BIS,MSP,46.772734,-100.746874,44.880081,-93.221741
BLI-SEA,1308,0.17578125,10.62265625,0.020642201834862386,23.25777777777778,93.0,-0.8968665388746359,-1.1596948325221974,0.14066144258600416,-0.5190250517162737,-0.6087312451317757,BLI,SEA,48.79280090332031,-122.53800201416016,47.447943,-122.310276
BNA-ATL,4182,0.15584731339654753,11.148553367371749,0.015303682448589193,31.017160686427456,214.0,-1.2490013456246132,-1.0737540119749038,-0.2581432257780228,0.23155924592752553,-0.5873348343625036,BNA,ATL,36.1245,-86.6782,33.6367,-84.428101
BNA-AUS,3029,0.18914418914418915,13.324009324009324,0.006932981181908221,21.669014084507044,756.0,-0.6608090010807327,-0.7182463208274514,-0.8834616897732404,-0.6727100927658985,-0.7338067761118308,BNA,AUS,36.1245,-86.6782,30.197535,-97.662015
BNA-BOS,2991,0.29931740614334473,23.74368600682594,0.019391507856904047,28.413911060433296,942.0,1.285410917683416,0.9845117555697718,0.04723055641425605,-0.020259528209804166,0.5742234253644098,BNA,BOS,36.1245,-86.6782,42.36197,-71.0079
BNA-BWI,1895,0.2067099567099567,12.341450216450216,0.02216358839050132,32.50261780104712,587.0,-0.35050811620106115,-0.8788137267905377,0.25431394000601165,0.3752511861479132,-0.1499391792094185,BNA,BWI,36.1245,-86.6782,39.1754,-76.668297
BNA-CLE,1013,0.25472636815920396,15.732338308457711,0.006910167818361303,35.46484375,448.0,0.4977061679549165,-0.3246830890955339,-0.88516592183185,0.6617946277505339,-0.01258705380548339,BNA,CLE,36.1245,-86.6782,41.411701,-81.8498
BNA-CLT,3609,0.24368794326241136,20.698439716312055,0.022443890274314215,39.78812572759022,328.0,0.30271138618245985,0.48686505561578425,0.2752533975086378,1.0799963848836096,0.5362065560476228,BNA,CLT,36.1245,-86.6782,35.2140007019043,-80.94309997558594
BNA-CMH,1009,0.19138276553106212,10.571142284569138,0.008919722497522299,31.25130890052356,338.0,-0.6212643451972556,-1.1681131187468845,-0.7350456863517935,0.25420898172364953,-0.567553542143071,BNA,CMH,36.1245,-86.6782,39.998001,-82.891899
BNA-DAL,2434,0.20175438596491227,13.237677527151211,0.012325390304026294,31.919254658385093,623.0,-0.43804872503092124,-0.7323544518976277,-0.4806312838073041,0.31882102670596113,-0.333053358507473,BNA,DAL,36.1245,-86.6782,32.844776,-96.847653
BNA-DCA,4301,0.26990291262135924,19.126941747572815,0.0372006510113927,29.81025179856115,562.0,0.7658012089709442,0.23005470153584964,1.3776311629636075,0.11481196452846436,0.6220747594997164,BNA,DCA,36.1245,-86.6782,38.8521,-77.037697
BNA-DEN,3697,0.25458025704129067,18.062072737216297,0.0067622396537733295,21.435016111707842,1013.0,0.4951251017413564,0.056036412592210774,-0.8962166342769331,-0.6953452953498276,-0.2601001038232984,BNA,DEN,36.1245,-86.6782,39.860027,-104.673792
BNA-DFW,3490,0.26111608475082065,24.921515965383467,0.03524355300859599,42.334857142857146,631.0,0.6105810938632475,1.176989846359658,1.2314296109062857,1.3263480127282237,1.0863371409643539,BNA,DFW,36.1245,-86.6782,32.896801,-97.038002
BNA-DTW,2420,0.18862400669176077,14.191133416980342,0.01115702479338843,34.5609756097561,456.0,-0.6699980715089426,-0.5765430225878851,-0.567911967136091,0.5743612272862645,-0.3100229584866636,BNA,DTW,36.1245,-86.6782,42.21377,-83.353786
BNA-ECP,1079,0.20130475302889095,11.84622553588071,0.0037071362372567192,34.273148148148145,401.0,-0.4459915318223741,-0.9597421327420954,-1.124442742807049,0.5465189651299818,-0.49591436056038424,BNA,ECP,36.1245,-86.6782,30.357106,-85.795414
BNA-EWR,1827,0.322690992018244,32.22291904218928,0.0361247947454844,25.95583038869258,748.0,1.698307442280878,2.370167277533263,1.2972612194852446,-0.2580357504005684,1.2769250472247042,BNA,EWR,36.1245,-86.6782,40.6894,-74.170545
BNA-FLL,2203,0.2408352668213457,15.976334106728538,0.019518837948252384,29.41233140655106,793.0,0.2523185968765639,-0.284809892569408,0.05674252615318849,0.07632014095547167,0.025142842853954017,BNA,FLL,36.1245,-86.6782,26.072599,-80.152702
BNA-HOU,1791,0.20551801801801803,10.855292792792794,0.007816862088218872,25.22739726027397,670.0,-0.3715638218197372,-1.1216779377409212,-0.8174329267006778,-0.328498888321636,-0.6597933936457431,BNA,HOU,36.1245,-86.6782,29.645336,-95.276812
BNA-IAD,1048,0.21953578336557059,17.98936170212766,0.01049618320610687,31.387665198237887,542.0,-0.12393871946679658,0.04415415309326133,-0.6172789715408387,0.267399063609559,-0.10741611857620373,BNA,IAD,36.1245,-86.6782,38.9445,-77.455803
BNA-IAH,1417,0.15925394548063126,15.657101865136298,0.015525758645024701,27.13063063063063,657.0,-1.1888228794008702,-0.3369780446305946,-0.24155341548366804,-0.14439441772656458,-0.47793718931042434,BNA,IAH,36.1245,-86.6782,29.9844,-95.3414
BNA-JAX,1090,0.2222222222222222,13.055555555555555,0.009174311926605505,32.52916666666667,483.0,-0.07648253223939222,-0.7621163790153184,-0.7160270323977439,0.3778193235744182,-0.29420165501950907,BNA,JAX,36.1245,-86.6782,30.492469,-81.687813
BNA-JFK,1578,0.2428476380572189,19.486360612109117,0.043092522179974654,25.427397260273974,765.0,0.28786731815275624,0.28879005321983997,1.8177729995693974,-0.3091523937232806,0.5213194943046782,BNA,JFK,36.1245,-86.6782,40.639447,-73.779317
BNA-LAS,2039,0.19653465346534654,11.515346534653466,0.008337420304070623,26.511335012594458,1587.0,-0.5302557753283929,-1.0138135697742123,-0.7785455439610504,-0.20430041437217356,-0.6317288258589572,BNA,LAS,36.1245,-86.6782,36.083361,-115.151817
BNA-LAX,2214,0.20155393053016454,14.551188299817184,0.01084010840108401,34.64399092970522,1798.0,-0.441589788553951,-0.5177037343489568,-0.5915866468716494,0.5823915044811462,-0.2421221663233528,BNA,LAX,36.1245,-86.6782,33.942501,-118.407997
BNA-LGA,3941,0.27529286474973375,21.86235356762513,0.040091347373763006,26.918762088974855,764.0,0.8610152045240383,0.6770690101993545,1.593575532689119,-0.16488898571008873,0.7416926904256058,BNA,LGA,36.1245,-86.6782,40.777199,-73.872597
BNA-MCI,1401,0.21924746743849494,13.348046309696093,0.009992862241256246,37.06600660066007,491.0,-0.12903184659383582,-0.7143182554223236,-0.6548786758678546,0.8166790699574431,-0.17038742698164278,BNA,MCI,36.1245,-86.6782,39.301699,-94.713893
BNA-MCO,3447,0.2265995260663507,15.266587677725118,0.01624601102407891,30.611764705882354,616.0,0.0008429390862843042,-0.4007949179179083,-0.18774823273848804,0.19234429018847216,-0.09883898034540996,BNA,MCO,36.1245,-86.6782,28.429399490356445,-81.30899810791016
BNA-MDW,1904,0.18976545842217485,11.343283582089553,0.011554621848739496,30.162921348314608,395.0,-0.6498342226666536,-1.0419316766066555,-0.5382101808675037,0.1489265622250123,-0.5202623794789502,BNA,MDW,36.1245,-86.6782,41.785999,-87.752403
BNA-MIA,2383,0.24957264957264957,20.002991452991452,0.014687368862778011,40.16609589041096,806.0,0.406665259446871,0.37321660152906144,-0.30418384442402097,1.1165583734503637,0.39806409750056876,BNA,MIA,36.1245,-86.6782,25.796011,-80.289751
BNA-MSP,1637,0.15108359133126936,10.422291021671827,0.012828344532681736,33.72540983606557,695.0,-1.3331529300425549,-1.1924380280310956,-0.44305897586046655,0.4935348836498937,-0.6187787625710558,BNA,MSP,36.1245,-86.6782,44.880081,-93.221741
BNA-MSY,1551,0.19384413883431564,11.692861820563197,0.014184397163120567,33.66554054054054,471.0,-0.5777839614816468,-0.9848044559631062,-0.3417574575112271,0.4877435786374818,-0.3541505740796245,BNA,MSY,36.1245,-86.6782,29.993401,-90.264673
BNA-ORD,4890,0.2958604748896827,29.677032990123976,0.024539877300613498,26.9765625,409.0,1.2243439120451316,1.9541248062836263,0.4318304089301737,-0.1592978090116854,0.8627503295618116,BNA,ORD,36.1245,-86.6782,41.9786,-87.9048
BNA-PHL,2736,0.2616017964071856,21.184880239520957,0.021929824561403508,40.719599427753934,675.0,0.619161234537552,0.5663579760580093,0.23685102574207395,1.1701001394272452,0.64811759394122,BNA,PHL,36.1245,-86.6782,39.871899,-75.241096
BNA-PHX,2402,0.21028234302570586,15.38558786346397,0.010824313072439634,33.56312625250501,1449.0,-0.28740158636918034,-0.38134819864553776,-0.592766609019566,0.4778367912861127,-0.19591990068704285,BNA,PHX,36.1245,-86.6782,33.435302,-112.005905
BNA-PIT,1104,0.23883318140382861,14.391978122151322,0.006340579710144928,35.24045801526717,462.0,0.21695157551901506,-0.5437214721461627,-0.927715996143728,0.640089240725751,-0.15359916301128118,BNA,PIT,36.1245,-86.6782,40.491501,-80.232903
BNA-RDU,2157,0.24157570004746085,14.496915045087803,0.02132591562355123,32.45972495088409,442.0,0.26539841729418073,-0.5265729368814326,0.19173707442787244,0.37110205467797713,0.07541615237964944,BNA,RDU,36.1245,-86.6782,35.878659,-78.7873
BNA-SEA,1437,0.27150916784203105,15.44428772919605,0.010438413361169102,19.241558441558443,1978.0,0.7941758538278184,-0.3717556101707374,-0.6215945658442118,-0.9075238801861572,-0.27667455059332197,BNA,SEA,36.1245,-86.6782,47.447943,-122.310276
BNA-SFO,1097,0.22672811059907835,14.12626728110599,0.007292616226071103,15.959349593495935,1969.0,0.003114396575280565,-0.5871432878462958,-0.8565957885482222,-1.2250200589347302,-0.6664111846884919,BNA,SFO,36.1245,-86.6782,37.619806,-122.374821
BNA-SLC,1255,0.1614457831325301,11.054618473895582,0.00796812749003984,22.53731343283582,1404.0,-1.150103867530177,-1.0891046224968053,-0.8061329118382656,-0.588717349504909,-0.9085146878425392,BNA,SLC,36.1245,-86.6782,40.78886,-111.979866
BNA-STL,1291,0.1841692789968652,10.75,0.011618900077459334,36.770212765957446,272.0,-0.7486912422143285,-1.1388846283870924,-0.5334083892408675,0.7880662008309381,-0.40822951475283753,BNA,STL,36.1245,-86.6782,38.748697,-90.370003
BNA-TPA,2479,0.23712183156173344,14.297628781684383,0.010891488503428802,30.31206896551724,612.0,0.1867204245970534,-0.5591398105815358,-0.5877483870109076,0.1633539800778537,-0.19920344822938407,BNA,TPA,36.1245,-86.6782,27.9755,-82.533203
BOI-DEN,3028,0.20557954168050482,16.238791099302556,0.002311756935270806,17.095315024232633,649.0,-0.3704770007150395,-0.24191981282736263,-1.2286820907433684,-1.115135313586402,-0.7390535544680431,BOI,DEN,43.5644,-116.223,39.860027,-104.673792
BOI-LAS,1415,0.1706798866855524,11.080736543909348,0.0021201413427561835,31.356846473029044,519.0,-0.9869825867295944,-1.0848364713814074,-1.2429963953842134,0.2644178921056537,-0.7625993903473903,BOI,LAS,43.5644,-116.223,36.083361,-115.151817
BOI-LAX,1354,0.06365655070318282,5.310140636565507,0.0022156573116691287,12.593023255813954,674.0,-2.877559570272445,-2.0278531393610106,-1.2358610435104822,-1.550653130476055,-1.9229817209049984,BOI,LAX,43.5644,-116.223,33.942501,-118.407997
BOI-ORD,1044,0.21650485436893205,20.198058252427185,0.008620689655172414,29.565022421524663,1437.0,-0.17748035641167192,0.40509394074860855,-0.7573844070521317,0.0910903204374924,-0.10967012556942568,BOI,ORD,43.5644,-116.223,41.9786,-87.9048
BOI-PDX,1200,0.0803347280334728,5.501255230125523,0.004166666666666667,35.520833333333336,344.0,-2.5829380477917154,-1.9966216599583577,-1.0901143331406473,0.6672106386081466,-1.2506158505706435,BOI,PDX,43.5644,-116.223,45.588699,-122.598
BOI-PHX,2053,0.15456329735034346,11.143277723258096,0.004870920603994155,24.387301587301586,735.0,-1.2716836060977215,-1.074616144831438,-1.0375042857477097,-0.40976342031794466,-0.9483918642487035,BOI,PHX,43.5644,-116.223,33.435302,-112.005905
BOI-SAN,1025,0.16781836130306022,9.647581441263574,0.007804878048780488,21.341176470588234,749.0,-1.0375316933922252,-1.3190391726786923,-0.8183281732153154,-0.704422635899988,-0.9698304187965552,BOI,SAN,43.5644,-116.223,32.733601,-117.190002
BOI-SEA,3785,0.14467746217148925,8.599150517653305,0.003963011889035667,10.247706422018348,399.0,-1.446317785463228,-1.4903711896947336,-1.105328003856673,-1.7775214277583447,-1.4548846016932448,BOI,SEA,43.5644,-116.223,47.447943,-122.310276
BOI-SFO,1626,0.21313506815365552,17.4275092936803,0.0036900369003690036,18.25872093023256,522.0,-0.2370079370050416,-0.04766239317296735,-1.1257201185892338,-1.002596183205792,-0.6032466579932587,BOI,SFO,43.5644,-116.223,37.619806,-122.374821
BOI-SLC,1719,0.07931844888366628,7.5475910693302,0.008144269924374637,29.28148148148148,290.0,-2.600890711590153,-1.6622144625668014,-0.7929745021694081,0.06366270411270272,-1.248104243053415,BOI,SLC,43.5644,-116.223,40.78886,-111.979866
BOS-ATL,4917,0.2300976927873623,17.421118270629808,0.019117347976408378,29.898825654923215,946.0,0.06263837301323265,-0.04870679852708064,0.026749926428921513,0.12337993269678513,0.04101535840296466,BOS,ATL,42.36197,-71.0079,33.6367,-84.428101
BOS-AUS,1550,0.29509283819628646,23.992705570291776,0.02129032258064516,27.716853932584268,1698.0,1.210783539898846,1.025205923515657,0.18907815897863395,-0.0876875880031849,0.5843450085974881,BOS,AUS,42.36197,-71.0079,30.197535,-97.662015
BOS-BNA,2992,0.2801503245644004,20.01503245644004,0.01838235294117647,32.93414634146342,942.0,0.94682267482758,0.3751843128596654,-0.028156580425499157,0.41699400902891276,0.42771110407266477,BOS,BNA,42.36197,-71.0079,36.1245,-86.6782
BOS-BUF,1068,0.24618320610687022,18.544847328244273,0.018726591760299626,43.798449612403104,395.0,0.3467904317319344,0.1349302553645029,-0.00244082701802269,1.4679249317595442,0.48680119795948973,BOS,BUF,42.36197,-71.0079,42.940498,-78.732201
BOS-BWI,3663,0.2196629213483146,17.02696629213483,0.0273000273000273,37.78005115089514,369.0,-0.12169281541509035,-0.1131181507350694,0.6380225430229242,0.8857503651279818,0.3222404855001866,BOS,BWI,42.36197,-71.0079,39.1754,-76.668297
BOS-CHS,1154,0.2513274336283186,17.594690265486726,0.01733102253032929,22.570422535211268,818.0,0.4376636797099281,-0.02034208769431597,-0.10669436318919945,-0.585514624153594,-0.06872184883179533,BOS,CHS,42.36197,-71.0079,32.896159,-80.038151
BOS-CLE,1745,0.22639296187683283,16.79706744868035,0.02177650429799427,33.39119170984456,563.0,-0.002806036146472353,-0.15068765738704307,0.22539750607150266,0.46120513778185795,0.1332772375799613,BOS,CLE,42.36197,-71.0079,41.411701,-81.8498
BOS-CLT,4098,0.19351595878361397,16.78336265393315,0.027818448023426062,36.76623376623377,728.0,-0.5835812919854981,-0.15292726142194066,0.6767502481614857,0.7876813023476331,0.18198074927542,BOS,CLT,42.36197,-71.0079,35.2140007019043,-80.94309997558594
BOS-CMH,2005,0.21184277692700357,16.06023481368045,0.021945137157107233,39.07469879518072,640.0,-0.25983637929490827,-0.27109904426512227,0.23799492617767393,1.0109848334127027,0.17951108400758653,BOS,CMH,42.36197,-71.0079,39.998001,-82.891899
BOS-CVG,1822,0.21517553793884484,13.945073612684032,0.02854006586169045,31.568421052631578,752.0,-0.20096285229445995,-0.616753513930022,0.730657435126952,0.28488402441280203,0.04945627332881802,BOS,CVG,42.36197,-71.0079,39.048801,-84.667801
BOS-DCA,9059,0.2684641087682913,20.52794100702846,0.03852522353460647,30.438197424892703,399.0,0.7403846077832263,0.4590025735939844,1.4765810154644028,0.1755546978678848,0.7128807236773745,BOS,DCA,42.36197,-71.0079,38.8521,-77.037697
BOS-DEN,3955,0.2513464991023339,15.741215696332393,0.011378002528445006,24.86122448979592,1754.0,0.4380004730459125,-0.32323236808363787,-0.5514042154602854,-0.36391968595222773,-0.20013894911255964,BOS,DEN,42.36197,-71.0079,39.860027,-104.673792
BOS-DFW,3833,0.25094850948509484,21.776151761517614,0.028437255413514217,34.70626349892009,1562.0,0.4309699501871858,0.6629821218996759,0.722977162054477,0.588415284100852,0.6013361295605477,BOS,DFW,42.36197,-71.0079,32.896801,-97.038002
BOS-DTW,2692,0.22475322703113135,17.33561123766135,0.020059435364041606,33.339527027027025,632.0,-0.03177210163061218,-0.06268014869982783,0.09712690195532935,0.4562074852465818,0.11472053421786778,BOS,DTW,42.36197,-71.0079,42.21377,-83.353786
BOS-EWR,3727,0.2913006517427033,26.244261830546897,0.05258921384491548,25.33365758754864,200.0,1.1437942206009657,1.3931497401347137,2.527206588914489,-0.3182200640834419,1.1864826213916817,BOS,EWR,42.36197,-71.0079,40.6894,-74.170545
BOS-FLL,3508,0.3277037037037037,25.569185185185184,0.033637400228050174,26.125678119349004,1237.0,1.7868574510306292,1.2828303660247222,1.1114448022654213,-0.24160595938213145,0.9848816649846602,BOS,FLL,42.36197,-71.0079,26.072599,-80.152702
BOS-IAD,1555,0.1879502292075966,14.740667976424362,0.017363344051446947,33.23693379790941,412.0,-0.6819004121704225,-0.48673942907563883,-0.10427984100098897,0.446283388481823,-0.20665907344130685,BOS,IAD,42.36197,-71.0079,38.9445,-77.455803
BOS-IAH,2064,0.1929737753587333,13.482434438396833,0.015019379844961241,30.351282051282052,1597.0,-0.5931590115971038,-0.6923568761508856,-0.27938154999323667,0.1671471588375224,-0.34943756972592593,BOS,IAH,42.36197,-71.0079,29.9844,-95.3414
BOS-IND,2017,0.1862944162436548,14.41776649746193,0.022806147744174516,35.12534059945504,818.0,-0.711150499078533,-0.5395071989327035,0.3023152024168491,0.6289536484098213,-0.07984721179614152,BOS,IND,42.36197,-71.0079,39.7173,-86.294403
BOS-JAX,1570,0.2742782152230971,18.189632545931758,0.027388535031847135,25.169856459330145,1011.0,0.8430913281674097,0.07688192451410485,0.644634356914023,-0.3340649522948598,0.3076356643251695,BOS,JAX,42.36197,-71.0079,30.492469,-81.687813
BOS-JFK,5746,0.2565549890750182,19.620903131828115,0.044204664114166375,27.694109297374023,187.0,0.5300089230814526,0.3107766626938327,1.900853599853343,-0.08988773281436767,0.6629378632035652,BOS,JFK,42.36197,-71.0079,40.639447,-73.779317
BOS-LAS,1702,0.23539928486293207,15.909415971394518,0.010575793184488837,22.28354430379747,2381.0,0.1562914801809677,-0.2957454905602129,-0.6113318486159462,-0.6132650649257576,-0.34101273098023727,BOS,LAS,42.36197,-71.0079,36.083361,-115.151817
BOS-LAX,4694,0.23539593249675464,20.940934660320206,0.013634426927993182,36.44944852941177,2611.0,0.15623226032693036,0.5264929862094765,-0.3828420132391734,0.7570378829825558,0.26423027906994734,BOS,LAX,42.36197,-71.0079,33.942501,-118.407997
BOS-LGA,7028,0.2321752265861027,18.685045317220546,0.057626636311895275,27.49772283669486,184.0,0.09933819690096848,0.157841067790927,2.903518343353169,-0.10888468081796533,0.7629532318067748,BOS,LGA,42.36197,-71.0079,40.777199,-73.872597
BOS-MCO,4645,0.29536335265269725,23.359563085153813,0.0271259418729817,31.137358490566037,1121.0,1.2155622024242798,0.9217393272961427,0.6250177984530265,0.24318627677003152,0.7513764012358701,BOS,MCO,42.36197,-71.0079,28.429399490356445,-81.30899810791016
BOS-MDW,1345,0.27252081756245267,18.146858440575322,0.015613382899628252,36.38333333333333,861.0,0.8120467383342754,0.06989188484459669,-0.2350076001986908,0.7506423965635527,0.3493933548859335,BOS,MDW,42.36197,-71.0079,41.785999,-87.752403
BOS-MIA,3596,0.2268835616438356,17.327625570776256,0.02335928809788654,23.567295597484275,1258.0,0.005860453447719757,-0.06398514684880462,0.34363657625846056,-0.4890846275810418,-0.050893186180916525,BOS,MIA,42.36197,-71.0079,25.796011,-80.289751
BOS-MSP,1839,0.18622589531680442,13.139393939393939,0.011963023382272975,27.668639053254438,1124.0,-0.7123609274958991,-0.7484157154017994,-0.5077012651260027,-0.0923515325157594,-0.5152073601348651,BOS,MSP,42.36197,-71.0079,44.880081,-93.221741
BOS-ORD,7366,0.28025210084033614,23.984733893557422,0.027287537333695357,34.14092953523238,867.0,0.9486205620172157,1.0239032116028937,0.6370895021326549,0.5337291317270976,0.7858356018699655,BOS,ORD,42.36197,-71.0079,41.9786,-87.9048
BOS-PBI,2202,0.3377234242709313,25.79821260583255,0.02997275204359673,28.775766016713092,1197.0,1.9638567279831995,1.3202574668931062,0.8376837276817728,0.014743596575471295,1.0341353797833874,BOS,PBI,42.36197,-71.0079,26.683201,-80.095596
BOS-PHL,4964,0.24958402662229617,22.171381031613976,0.030620467365028204,46.2375,280.0,0.4068662360657089,0.7275695224660476,0.8860701575638052,1.70386030750334,0.9310915558997255,BOS,PHL,42.36197,-71.0079,39.871899,-75.241096
BOS-PHX,2013,0.24022346368715083,19.475368207211783,0.01838052657724789,27.964059196617335,2300.0,0.24151103875523283,0.2869937012995515,-0.028293015719285452,-0.06377481147668154,0.10910922821470434,BOS,PHX,42.36197,-71.0079,33.435302,-112.005905
BOS-PIT,2137,0.22099712368168745,15.5071907957814,0.022929340196537203,33.49891540130152,496.0,-0.09812400960549218,-0.36147614489375895,0.31151807713821444,0.4716255168562921,0.08088585987381386,BOS,PIT,42.36197,-71.0079,40.491501,-80.232903
BOS-RDU,2804,0.25145772594752186,19.62536443148688,0.021398002853067047,36.31739130434783,612.0,0.4399653054026524,0.3115057173714809,0.1971222236762311,0.7442636610256896,0.4232142268690135,BOS,RDU,42.36197,-71.0079,35.878659,-78.7873
BOS-RIC,1725,0.2577565632458234,17.88126491646778,0.025507246376811593,32.18518518518518,473.0,0.5512348403124209,0.026489240791473672,0.5040960083791094,0.3445451442073395,0.35659130842258585,BOS,RIC,42.36197,-71.0079,37.505199,-77.319702
BOS-RSW,2271,0.2964641885766092,21.07116953762466,0.025979744605900485,26.876146788990827,1249.0,1.2350085693432473,0.5477756512968172,0.5393931546326011,-0.16901126906483016,0.5382915265519588,BOS,RSW,42.36197,-71.0079,26.534685,-81.752816
BOS-SAN,1761,0.2111368909512761,12.570185614849187,0.013628620102214651,19.406593406593405,2588.0,-0.2723059193860139,-0.8414343474836837,-0.383275801910019,-0.8915596398882141,-0.5971439271669826,BOS,SAN,42.36197,-71.0079,32.733601,-117.190002
BOS-SAV,1089,0.20544090056285177,12.896810506566604,0.018365472910927456,13.424657534246576,901.0,-0.3729261086932349,-0.7880581066218743,-0.029417573292312146,-1.4702070900985367,-0.6651522196764894,BOS,SAV,42.36197,-71.0079,32.126591,-81.19998
BOS-SEA,2434,0.28905597326649957,16.54093567251462,0.01191454396055875,18.84971098265896,2496.0,1.1041417707533556,-0.1925440857354772,-0.5113228347598854,-0.9454282539210473,-0.13628835091576358,BOS,SEA,42.36197,-71.0079,47.447943,-122.310276
BOS-SFO,4593,0.22173144876325088,15.615945229681978,0.011321576311778794,26.861553784860558,2704.0,-0.08515209011803807,-0.34370376132512015,-0.5556194363851109,-0.1704228864427303,-0.28872454356774985,BOS,SFO,42.36197,-71.0079,37.619806,-122.374821
BOS-SJU,1870,0.30599889928453494,23.871766648321408,0.025668449197860963,24.269784172661872,1674.0,1.4034401029305899,1.0054423807105888,0.516138380605619,-0.4211311704556441,0.6259724234477884,BOS,SJU,42.36197,-71.0079,18.4394,-66.001801
BOS-SLC,1253,0.22564935064935066,17.12418831168831,0.014365522745411013,17.98201438848921,2105.0,-0.015941996247860368,-0.09723036611010648,-0.32822679056950627,-1.0293626912816283,-0.3676904610522753,BOS,SLC,42.36197,-71.0079,40.78886,-111.979866
BOS-STL,1626,0.22917971195992487,15.04445835942392,0.014760147601476014,37.0,1047.0,0.04642215803771798,-0.43709474777402346,-0.298747037202708,0.8102940882418143,0.030218615325700193,BOS,STL,42.36197,-71.0079,38.748697,-90.370003
BOS-TPA,2875,0.26575931232091693,20.43839541547278,0.024695652173913042,32.75067385444744,1185.0,0.6926041320427127,0.44436925205545225,0.4434672959002596,0.399246261633906,0.4949217354080826,BOS,TPA,42.36197,-71.0079,27.9755,-82.533203
BRO-DFW,1498,0.1667815299793246,14.137835975189525,0.030040053404539385,33.32231404958678,482.0,-1.0558474132161122,-0.5852527601568338,0.8427113570653425,0.45454243137123523,-0.08596159623409207,BRO,DFW,25.907238,-97.425235,32.896801,-97.038002
BTR-ATL,1000,0.14943705220061412,13.921187308085978,0.02,29.136986301369863,448.0,-1.3622391938405012,-0.6206569554002065,0.09268688798691423,0.0496853280051138,-0.4601309833121699,BTR,ATL,30.533199,-91.149597,33.6367,-84.428101
BTR-DFW,2103,0.23745653253849974,27.020367610531544,0.04089396100808369,54.21129707112971,383.0,0.19263294785411125,1.519979048301903,1.653533367642896,2.4751854173282934,1.460332695281801,BTR,DFW,30.533199,-91.149597,32.896801,-97.038002
BTV-DCA,1258,0.3313758389261745,40.40268456375839,0.04689984101748808,42.050632911392405,437.0,1.8517260543902174,3.7068845509066946,2.10219203347884,1.2988542999344526,2.2399142346775514,BTV,DCA,44.471901,-73.153297,38.8521,-77.037697
BTV-ORD,1145,0.33865248226950356,31.499113475177303,0.014847161572052401,11.350785340314136,763.0,1.9802686221963122,2.2518847422408377,-0.2922468121088401,-1.6708178760865007,0.5672721690604523,BTV,ORD,44.471901,-73.153297,41.9786,-87.9048
BTV-PHL,1074,0.27120315581854043,28.797830374753453,0.05493482309124767,47.86545454545455,335.0,0.7887701235449011,1.8104476654582702,2.7024311877050033,1.8613363766033606,1.7907463383278837,BTV,PHL,44.471901,-73.153297,39.871899,-75.241096
BUF-ATL,1407,0.2,14.821897810218978,0.024164889836531627,33.394160583941606,712.0,-0.46904011298448045,-0.47346504832961384,0.40381763227184336,0.46149232431526616,-0.019298801181746164,BUF,ATL,42.940498,-78.732201,33.6367,-84.428101
BUF-BOS,1068,0.2697807435653003,21.27073403241182,0.017790262172284643,37.28975265017668,395.0,0.7636430814619657,0.5803879928890818,-0.07238767628635884,0.8383225786493254,0.5274914941785035,BUF,BOS,42.940498,-78.732201,42.36197,-71.0079
BUF-BWI,1717,0.14344991108476585,9.304682868998222,0.0157251019219569,27.681818181818183,281.0,-1.4680025872812597,-1.3750748186093176,-0.22666182781762742,-0.09107668281791174,-0.7902039791315291,BUF,BWI,42.940498,-78.732201,39.1754,-76.668297
BUF-CLT,1218,0.21428571428571427,24.096638655462186,0.022167487684729065,48.247058823529414,546.0,-0.21668166821978102,1.0421904140680989,0.2546052298991135,1.8982499021257837,0.7445909694683037,BUF,CLT,42.940498,-78.732201,35.2140007019043,-80.94309997558594
BUF-DCA,1238,0.34302822925577414,38.59110350727117,0.05492730210016155,53.15211970074813,296.0,2.057566591486047,3.41084040588357,2.7018693453403237,2.3727285709543575,2.6357512284160745,BUF,DCA,42.940498,-78.732201,38.8521,-77.037697
BUF-JFK,1261,0.22148209825145712,21.1240632805995,0.046788263283108644,43.99624060150376,301.0,-0.08955688963306686,0.5564194173927287,2.0938568157646524,1.4870577432707397,1.0119442716987637,BUF,JFK,42.940498,-78.732201,40.639447,-73.779317
BUF-LGA,1911,0.21523915461624027,17.75528364849833,0.0575614861329147,27.96124031007752,292.0,-0.1998390578906573,0.005901690137094107,2.8986514142212814,-0.06404748934276093,0.6601666392812393,BUF,LGA,42.940498,-78.732201,40.777199,-73.872597
BUF-MCO,1839,0.21440443213296398,16.56786703601108,0.011963023382272975,34.48062015503876,1011.0,-0.2145845066289386,-0.18814302818849882,-0.5077012651260027,0.5665882454330773,-0.0859601386275907,BUF,MCO,42.940498,-78.732201,28.429399490356445,-81.30899810791016
BUF-ORD,2209,0.25302325581395346,24.656744186046513,0.025350837483023993,29.424632352941178,474.0,0.4676205331654281,1.1337214898269108,0.49241175802749776,0.07751004191992687,0.5428159557349409,BUF,ORD,42.940498,-78.732201,41.9786,-87.9048
BUR-DEN,2345,0.2025862068965517,15.356896551724137,0.006823027718550106,21.77659574468085,850.0,-0.4233545324667335,-0.386036862629517,-0.8916755691875887,-0.6623034527287255,-0.5908426042531412,BUR,DEN,34.202834,-118.35805,39.860027,-104.673792
BUR-LAS,4406,0.18571428571428572,12.366359447004609,0.014979573309123922,33.078163771712155,223.0,-0.7213985577491804,-0.8747431212627023,-0.2823552269951675,0.4309251712107937,-0.36189293369906406,BUR,LAS,34.202834,-118.35805,36.083361,-115.151817
BUR-OAK,2912,0.13897596656217345,8.653430860327411,0.01407967032967033,44.037593984962406,325.0,-1.547035224999207,-1.481500828867668,-0.34958089076321214,1.4910579583192718,-0.4717647465777039,BUR,OAK,34.202834,-118.35805,37.720085,-122.221184
BUR-PHX,3113,0.15575105897686542,13.510589768654285,0.012849341471249599,37.21129707112971,369.0,-1.2507016887203026,-0.6877558009497166,-0.44149043662396076,0.8307333764681099,-0.38730363745646756,BUR,PHX,34.202834,-118.35805,33.435302,-112.005905
BUR-SEA,1582,0.20169160702667535,12.247885491216655,0.022756005056890013,28.448387096774194,937.0,-0.43915772069614256,-0.8941038453236847,0.29856938146417156,-0.016924575955594778,-0.26290419012781263,BUR,SEA,34.202834,-118.35805,47.447943,-122.310276
BUR-SFO,3031,0.24574858286095366,18.229409803267757,0.008578027053777632,22.202170963364992,326.0,0.3391127724840682,0.08338222661057006,-0.7605714413906303,-0.6211365093813928,-0.2398032379193462,BUR,SFO,34.202834,-118.35805,37.619806,-122.374821
BUR-SJC,2289,0.12014134275618374,7.7530918727915195,0.010048055919615552,49.18382352941177,296.0,-1.87975057099775,-1.6286320239315468,-0.6507555295418394,1.988865468737197,-0.5425681639334847,BUR,SJC,34.202834,-118.35805,37.362452,-121.929188
BUR-SLC,1512,0.10778443113772455,9.471723220226215,0.005291005291005291,22.487654320987655,574.0,-2.0980365408667945,-1.3477774930016282,-1.006122600646209,-0.5935209982005571,-1.2613644081787974,BUR,SLC,34.202834,-118.35805,40.78886,-111.979866
BUR-SMF,2729,0.12751677852348994,7.39634601043997,0.017222425796995237,40.248538011695906,358.0,-1.7494628260187965,-1.6869305601368167,-0.11480689048170352,1.1245332037209446,-0.606666768229093,BUR,SMF,34.202834,-118.35805,38.6954,-121.591003
BWI-ALB,1688,0.20120481927710843,11.877710843373494,0.015995260663507108,24.089820359281436,288.0,-0.4477568706549278,-0.9545968808064377,-0.2064800958552778,-0.438539515172964,-0.5118433406224018,BWI,ALB,39.1754,-76.668297,42.748299,-73.801697
BWI-ATL,5449,0.2160435844448619,17.232012023295134,0.020370710222059094,31.236521739130435,577.0,-0.18562873165752697,-0.07961007890211477,0.12038014082918569,0.2527785830335639,0.026979978325776963,BWI,ATL,39.1754,-76.668297,33.6367,-84.428101
BWI-AUS,1283,0.21957040572792363,13.401750198886237,0.017926734216679657,20.992753623188406,1342.0,-0.12332711228057192,-0.70554209721357,-0.06219277308045164,-0.7381264395758094,-0.40729710553760073,BWI,AUS,39.1754,-76.668297,30.197535,-97.662015
BWI-BDL,1760,0.18967517401392112,11.621809744779583,0.019886363636363636,26.217125382262996,283.0,-0.6514291049663925,-0.9964156123903354,0.08419788400752976,-0.23276003949213198,-0.4491017182103325,BWI,BDL,39.1754,-76.668297,41.938555,-72.688016
BWI-BNA,1879,0.18726183995645074,12.391399020141534,0.019159127195316657,23.15988372093023,587.0,-0.694060871027256,-0.8706512154688543,0.029870969237919508,-0.5284945859263344,-0.5158339257961313,BWI,BNA,39.1754,-76.668297,36.1245,-86.6782
BWI-BOS,3700,0.26827912149013067,19.677787044759523,0.027567567567567567,20.882901554404146,369.0,0.7371167906559754,0.32007249260386866,0.6580086665059194,-0.7487527018525735,0.24161131197829744,BWI,BOS,39.1754,-76.668297,42.36197,-71.0079
BWI-BUF,1715,0.24554102259215219,14.13614744351962,0.016909620991253645,24.447941888619855,281.0,0.3354462014199903,-0.5855286958720871,-0.13817442139995978,-0.40389753400846207,-0.19803861246512966,BWI,BUF,39.1754,-76.668297,42.940498,-78.732201
BWI-CHS,1271,0.212,14.2024,0.014162077104642014,32.61132075471698,472.0,-0.2570590193821329,-0.5747018651495013,-0.34342483808537894,0.3857662916779087,-0.19735485773477612,BWI,CHS,39.1754,-76.668297,32.896159,-80.038151
BWI-CLT,3062,0.20987654320987653,19.496496496496498,0.019921619856303068,41.774244833068366,361.0,-0.29457007709777483,0.29044643465348885,0.086831637691532,1.2721185976127236,0.3387066482149924,BWI,CLT,39.1754,-76.668297,35.2140007019043,-80.94309997558594
BWI-CMH,1056,0.23449612403100775,15.86531007751938,0.019886363636363636,36.43801652892562,337.0,0.1403370617767907,-0.3029531678518184,0.08419788400752976,0.7559320373042878,0.16937845380919747,BWI,CMH,39.1754,-76.668297,39.998001,-82.891899
BWI-DAL,1827,0.23977591036414567,15.472829131652661,0.020251778872468526,22.83411214953271,1209.0,0.2336049685172328,-0.3670914439951358,0.11149558426964429,-0.5600072756580333,-0.145499541716573,BWI,DAL,39.1754,-76.668297,32.844776,-96.847653
BWI-DEN,2983,0.25408719346049047,17.52043596730245,0.011733154542406973,18.142091152815013,1491.0,0.4864150886518967,-0.03247654347344715,-0.5248732110939617,-1.0138780699998715,-0.2712031839788459,BWI,DEN,39.1754,-76.668297,39.860027,-104.673792
BWI-DFW,1391,0.28507795100222716,32.68968077208612,0.02875629043853343,41.1171875,1217.0,1.033869644923776,2.4464443377078533,0.7468101105076466,1.20855981688764,1.3589209775067288,BWI,DFW,39.1754,-76.668297,32.896801,-97.038002
BWI-DTW,2262,0.19092542677448338,16.56648697214735,0.015473032714412025,38.89411764705882,409.0,-0.629343276011114,-0.18836855484939682,-0.24549221306980024,0.993516772379177,-0.01742181788778349,BWI,DTW,39.1754,-76.668297,42.21377,-83.353786
BWI-FLL,3257,0.2349056603773585,16.31572327044025,0.02210623272950568,24.41231593038822,925.0,0.14757155865756905,-0.22934774560040974,0.2500292865830083,-0.4073437210509097,-0.05977265535268552,BWI,FLL,39.1754,-76.668297,26.072599,-80.152702
BWI-HOU,1462,0.23832752613240418,13.994425087108015,0.017783857729138167,22.339181286549707,1246.0,0.2080191290671531,-0.608688616696106,-0.07286610890789318,-0.6078831619943329,-0.27035468963279474,BWI,HOU,39.1754,-76.668297,29.645336,-95.276812
BWI-IAH,1271,0.1832797427652733,17.980707395498392,0.01888276947285602,22.31140350877193,1235.0,-0.764404980811975,0.04273988747282174,0.009226153347742192,-0.6105701751329932,-0.33075227878110103,BWI,IAH,39.1754,-76.668297,29.9844,-95.3414
BWI-IND,1208,0.22399328859060402,12.718959731543624,0.013245033112582781,26.861423220973784,516.0,-0.04519648343839927,-0.8171220452432426,-0.4119309909465592,-0.17043551621038136,-0.36117125895964564,BWI,IND,39.1754,-76.668297,39.7173,-86.294403
BWI-ISP,1202,0.2453151618398637,14.341567291311755,0.01913477537437604,25.98611111111111,220.0,0.331456350647327,-0.5519594868142689,0.02805180943506219,-0.2551066212370464,-0.11188948699223153,BWI,ISP,39.1754,-76.668297,40.796324,-73.101703
BWI-JAX,1403,0.2467343976777939,15.437590711175616,0.014255167498218105,24.444117647058825,663.0,0.3565272810643341,-0.37285002047435817,-0.33647068453609186,-0.40426746235197847,-0.18926522157452358,BWI,JAX,39.1754,-76.668297,30.492469,-81.687813
BWI-LAS,1916,0.2055084745762712,13.116525423728813,0.011482254697286013,19.22938144329897,2106.0,-0.37173240758792253,-0.7521528322941331,-0.5436162411901587,-0.9087017913414126,-0.6440508181034067,BWI,LAS,39.1754,-76.668297,36.083361,-115.151817
BWI-LAX,1764,0.2289988492520138,14.16168009205984,0.012471655328798186,21.939698492462313,2329.0,0.04322720181981215,-0.581356212901923,-0.46970481328677055,-0.6465261205840708,-0.41358998623823806,BWI,LAX,39.1754,-76.668297,33.942501,-118.407997
BWI-MCO,4844,0.2608695652173913,19.539766702014845,0.022295623451692816,22.17642276422764,787.0,0.606226303839023,0.2975175457979679,0.26417738621289294,-0.6236271963590334,0.1360735098727126,BWI,MCO,39.1754,-76.668297,28.429399490356445,-81.30899810791016
BWI-MDW,1925,0.24268227780734433,17.08728046833422,0.019740259740259742,33.00877192982456,611.0,0.28494621426885886,-0.10326175559239434,0.07328345031974995,0.42421272673955246,0.16979515893394173,BWI,MDW,39.1754,-76.668297,41.785999,-87.752403
BWI-MHT,1676,0.20012091898428053,12.486094316807739,0.011933174224343675,33.37462235649547,377.0,-0.4669040681073914,-0.8551763417176254,-0.509931093785902,0.4596023432565258,-0.34310229008859827,BWI,MHT,39.1754,-76.668297,42.932598,-71.435699
BWI-MIA,2411,0.263918402039949,20.812579685507863,0.021567814184985483,26.801932367149757,946.0,0.6600842841607635,0.5055175301890504,0.2098076795133526,-0.1761902136211717,0.2998048200604987,BWI,MIA,39.1754,-76.668297,25.796011,-80.289751
BWI-MSP,1387,0.18594436310395315,16.459736456808198,0.014419610670511895,35.13779527559055,936.0,-0.7173342196929408,-0.2058134629484233,-0.32418624758902753,0.6301584200327203,-0.15429387754941784,BWI,MSP,39.1754,-76.668297,44.880081,-93.221741
BWI-MSY,1242,0.21551020408163266,16.26204081632653,0.012077294685990338,26.931818181818183,998.0,-0.19505094438280648,-0.23812040094140596,-0.49916482906852466,-0.16362603756174335,-0.27399055298862013,BWI,MSY,39.1754,-76.668297,29.993401,-90.264673
BWI-MYR,1032,0.22428991185112634,16.34965719882468,0.01065891472868217,28.65938864628821,399.0,-0.039956606508947945,-0.2238023460281026,-0.6051224003649641,0.0034861257339925612,-0.21634880679200552,BWI,MYR,39.1754,-76.668297,33.679699,-78.928299
BWI-ORD,2607,0.25088478175383405,24.184821077467557,0.022247794399693134,29.539184952978058,622.0,0.42984419400673096,1.056600969773108,0.2606044013006447,0.08859099820913206,0.45891014082240394,BWI,ORD,39.1754,-76.668297,41.9786,-87.9048
BWI-ORF,1530,0.21433311214333112,11.850696748506968,0.01437908496732026,24.09907120743034,159.0,-0.21584438074544546,-0.959011458111547,-0.32721364871884556,-0.437644657754249,-0.48492853633252175,BWI,ORF,39.1754,-76.668297,36.895341,-76.201
BWI-PBI,1234,0.2465078060805259,15.70419063270337,0.012155591572123177,19.98,883.0,0.35252451984850286,-0.3292829134165281,-0.49331579838251993,-0.8360926020782046,-0.32654169850718745,BWI,PBI,39.1754,-76.668297,26.683201,-80.095596
BWI-PHX,1287,0.22562893081761007,13.70754716981132,0.010101010101010102,23.05923344947735,1999.0,-0.016302714436489164,-0.6555695042213909,-0.6467996808839056,-0.5382307355912651,-0.4642256587832627,BWI,PHX,39.1754,-76.668297,33.435302,-112.005905
BWI-PIT,1051,0.23062015503875968,14.681201550387597,0.01807802093244529,28.39075630252101,210.0,0.07186771629799604,-0.49645728696038166,-0.05089116599742189,-0.022499345204185613,-0.12449502046599828,BWI,PIT,39.1754,-76.668297,40.491501,-80.232903
BWI-PVD,1876,0.21109902067464636,13.51632208922742,0.019189765458422176,28.6159793814433,327.0,-0.2729749012739302,-0.6868190391432295,0.03215974660725231,-0.0007129598052106139,-0.2320867884037795,BWI,PVD,39.1754,-76.668297,41.725038,-71.425668
BWI-PWM,1355,0.21674140508221226,11.985052316890881,0.012546125461254613,25.141379310344828,452.0,-0.17330166650387566,-0.9370553997674405,-0.4641416534800131,-0.33681961733996474,-0.47782958427282346,BWI,PWM,39.1754,-76.668297,43.646198,-70.309303
BWI-RDU,1820,0.20213963963963963,12.150337837837839,0.024175824175824177,31.328690807799443,256.0,-0.4312431837573355,-0.9100448442318655,0.4046344627897876,0.2616943249792658,-0.1687398100550369,BWI,RDU,39.1754,-76.668297,35.878659,-78.7873
BWI-ROC,1105,0.24907749077490776,14.24630996309963,0.017194570135746608,23.488888888888887,277.0,0.39791823415919325,-0.5675262063859716,-0.11688779849055789,-0.4966691024026192,-0.19579121827998885,BWI,ROC,39.1754,-76.668297,43.1189,-77.672401
BWI-RSW,1461,0.2533054975643702,16.23382045929019,0.01574264202600958,24.78846153846154,919.0,0.47260635940822665,-0.2427321026597217,-0.2253515253023297,-0.37095822617698243,-0.09160887368270179,BWI,RSW,39.1754,-76.668297,26.534685,-81.752816
BWI-SAN,1062,0.228626320845341,13.419788664745438,0.015065913370998116,19.222689075630253,2295.0,0.03664645356610897,-0.7025942952459501,-0.27590534506146064,-0.9093491606161777,-0.46280058683936987,BWI,SAN,39.1754,-76.668297,32.733601,-117.190002
BWI-SFO,1062,0.22402287893231648,14.658722592945663,0.009416195856873822,24.119148936170212,2457.0,-0.044673767355376405,-0.5001307432007623,-0.6979575203076913,-0.4357024894011833,-0.4196161300662533,BWI,SFO,39.1754,-76.668297,37.619806,-122.374821
BWI-SJU,1262,0.33008921330089214,24.157339821573398,0.022187004754358162,21.4987714987715,1565.0,1.8289976954648706,1.052110050155565,0.25606321813849003,-0.6891780790926121,0.6119982211665784,BWI,SJU,39.1754,-76.668297,18.4394,-66.001801
BWI-SRQ,1304,0.22482435597189696,15.694769711163154,0.014570552147239263,29.14236111111111,880.0,-0.03051560240975633,-0.330822457370532,-0.31291043097901106,0.05020524664324501,-0.1560108110290136,BWI,SRQ,39.1754,-76.668297,27.394631,-82.554359
BWI-STL,1315,0.1875,13.097993827160494,0.012927756653992395,33.69547325102881,738.0,-0.689853752153593,-0.755181220476012,-0.4356325687985005,0.4906390437463588,-0.3475071244204367,BWI,STL,39.1754,-76.668297,38.748697,-90.370003
BWI-TPA,2786,0.21740727139184723,15.463092177745134,0.01866475233309404,26.95608108108108,842.0,-0.16153907746142726,-0.36868263318557315,-0.0070604322819760095,-0.161279027314093,-0.17464029256076735,BWI,TPA,39.1754,-76.668297,27.9755,-82.533203
BZN-DEN,2695,0.2543200601051841,18.517280240420735,0.007050092764378479,19.528803545051698,524.0,0.49052869915236874,0.1304253093030103,-0.8747130757045666,-0.879737950970476,-0.2833742545549159,BZN,DEN,45.778853,-111.153711,39.860027,-104.673792
BZN-ORD,1200,0.2472480948348857,23.187976291278577,0.009166666666666667,38.50684931506849,1185.0,0.3656017881593954,0.8936990331518925,-0.7165981580477331,0.9560553489143526,0.3746895030444769,BZN,ORD,45.778853,-111.153711,41.9786,-87.9048
BZN-SEA,1338,0.16842900302114805,12.028700906344412,0.008221225710014948,21.573991031390136,543.0,-1.0267446517922687,-0.9299224540458219,-0.7872256560286802,-0.6819019076851259,-0.8564486673879742,BZN,SEA,45.778853,-111.153711,47.447943,-122.310276
BZN-SLC,1125,0.08765652951699464,6.716457960644007,0.006222222222222222,20.785714285714285,347.0,-2.4535977573236947,-1.7980362021904905,-0.9365576833802269,-0.7581538666962598,-1.486586377397668,BZN,SLC,45.778853,-111.153711,40.78886,-111.979866
CAE-ATL,1779,0.12941847206385404,10.734321550741162,0.012366498032602586,31.440528634361232,192.0,-1.7158692363202215,-1.1414467622146127,-0.47756040349838924,0.272512674516613,-0.7655909318791526,CAE,ATL,33.938172,-81.123022,33.6367,-84.428101
CAE-DCA,1086,0.283,29.232,0.07366482504604052,41.399293286219084,408.0,0.997162451098425,1.8813986036130108,4.10162292563241,1.235848607233901,2.0540081468944367,CAE,DCA,33.938172,-81.123022,38.8521,-77.037697
CAK-CLT,1368,0.2145536384096024,25.21755438859715,0.02266081871345029,38.48601398601399,394.0,-0.2119487641544264,1.2253677213547907,0.29145865367963447,0.9540398960093129,0.5647293767223279,CAK,CLT,40.91609954833984,-81.44219970703125,35.2140007019043,-80.94309997558594
CAK-ORD,1703,0.2805402087170043,32.74094536525476,0.042278332354668234,35.647702407002186,344.0,0.9537100139148463,2.4548218721274266,1.756950385699793,0.6794829978503102,1.461241317398094,CAK,ORD,40.91609954833984,-81.44219970703125,41.9786,-87.9048
CHA-ATL,1324,0.14826254826254825,13.99073359073359,0.02190332326283988,31.703125,106.0,-1.3829869129431236,-0.6092918720040089,0.23487129300717768,0.2979142703635035,-0.3648733053941128,CHA,ATL,35.035301,-85.203796,33.6367,-84.428101
CHA-DFW,1622,0.22988505747126436,26.26500638569604,0.028976572133168926,40.955555555555556,695.0,0.05888215077615576,1.396539764594851,0.7632658657122939,1.1929247591870595,0.85290313506759,CHA,DFW,35.035301,-85.203796,32.896801,-97.038002
CHO-ORD,1058,0.3194029850746269,40.44676616915423,0.03969754253308128,35.48909657320872,566.0,1.640224499974205,3.714088259034424,1.5641570371242166,0.6641406633165458,1.8956526148623476,CHO,ORD,38.13859939575195,-78.4529037475586,41.9786,-87.9048
CHS-ATL,3162,0.1132258064516129,9.106129032258064,0.016761543327008223,32.41310541310541,259.0,-2.001914150055222,-1.4075220009356668,-0.14923630195308837,0.3665924314989124,-0.7980200053612663,CHS,ATL,32.896159,-80.038151,33.6367,-84.428101
CHS-BOS,1155,0.315929203539823,24.835398230088497,0.02077922077922078,30.162464985994397,818.0,1.5788598325839245,1.162916696706524,0.1508972009884073,0.14888241716919803,0.7603890368620134,CHS,BOS,32.896159,-80.038151,42.36197,-71.0079
CHS-BWI,1269,0.17983870967741936,10.596774193548388,0.018912529550827423,26.475336322869953,472.0,-0.8251911439024039,-1.1639244148785703,0.011449327446611323,-0.2077826566536885,-0.5463622219970129,CHS,BWI,32.896159,-80.038151,39.1754,-76.668297
CHS-CLT,2647,0.17468257021931513,18.829165063485956,0.018133736305251228,54.66079295154185,168.0,-0.9162748173269998,0.1813927642007056,-0.046729047408552035,2.5186662654401752,0.4342637912263323,CHS,CLT,32.896159,-80.038151,35.2140007019043,-80.94309997558594
CHS-DCA,1815,0.286214953271028,24.654205607476637,0.0512396694214876,44.124489795918365,444.0,1.0539548936211727,1.133306641526526,2.426391254683138,1.4994636050056676,1.5282790987091261,CHS,DCA,32.896159,-80.038151,38.8521,-77.037697
CHS-DFW,1237,0.21100917431192662,20.34862385321101,0.024252223120452707,39.209486166007906,987.0,-0.27456204545939067,0.4296990029368678,0.41034171110554435,1.0240231491208756,0.3973754544259743,CHS,DFW,32.896159,-80.038151,32.896801,-97.038002
CHS-EWR,1437,0.2529325513196481,27.440615835777127,0.049408489909533754,19.901449275362317,628.0,0.4660182300073031,1.5886549853210044,2.2895962212404357,-0.8436910079277037,0.8751446071602598,CHS,EWR,32.896159,-80.038151,40.6894,-74.170545
CHS-LGA,1378,0.26150306748466257,29.334355828220858,0.05152394775036284,31.563049853372434,641.0,0.6174171791236671,1.898125342692815,2.4476277654957954,0.2843644550255334,1.311883685584453,CHS,LGA,32.896159,-80.038151,40.777199,-73.872597
CHS-MIA,1038,0.2019607843137255,24.95098039215686,0.015414258188824663,67.68932038834951,489.0,-0.4344026793893257,1.1818048509113395,-0.2498828602678587,3.778947943843779,1.0691168137744835,CHS,MIA,32.896159,-80.038151,25.796011,-80.289751
CHS-ORD,1963,0.23467784180199058,16.090623363017286,0.021395822720326033,21.125,760.0,0.14354712276178416,-0.266133021864578,0.19695936070770748,-0.7253339205026217,-0.162740114724427,CHS,ORD,32.896159,-80.038151,41.9786,-87.9048
CHS-PHL,1242,0.2372322899505766,22.355848434925864,0.021739130434782608,46.541666666666664,550.0,0.1886716821024306,0.7577147342977485,0.2226055575844495,1.7332831013716719,0.7255687688390751,CHS,PHL,32.896159,-80.038151,39.871899,-75.241096
CID-DEN,1062,0.2689721421709894,27.565802113352547,0.014124293785310734,23.15,692.0,0.7493590641407654,1.6091126205897823,-0.3462473742691657,-0.5294506626942764,0.3706934119417763,CID,DEN,41.884701,-91.7108,39.860027,-104.673792
CID-DFW,1165,0.24444444444444444,31.025777777777776,0.030042918454935622,52.70181818181818,685.0,0.3160750485056965,2.1745333803772477,0.8429253855984327,2.329169791436311,1.415675901479422,CID,DFW,41.884701,-91.7108,32.896801,-97.038002
CID-ORD,2494,0.2796188898094449,26.21582435791218,0.031676022453889334,29.265185185185185,196.0,0.9374348314497658,1.3885025579163877,0.9649235374420593,0.06208632307135525,0.838236812469892,CID,ORD,41.884701,-91.7108,41.9786,-87.9048
CLE-ATL,3332,0.14571165078389178,11.627728250845374,0.02040816326530612,27.87552742616034,554.0,-1.4280487493758793,-0.9954484246060588,0.12317800432102952,-0.07233870857132695,-0.5931644695580588,CLE,ATL,41.411701,-81.8498,33.6367,-84.428101
CLE-BNA,1012,0.15469061876247506,10.955089820359282,0.007905138339920948,39.18709677419355,448.0,-1.2694344617491673,-1.1053693516050853,-0.810838405123218,1.021857367881891,-0.5409462126488949,CLE,BNA,41.411701,-81.8498,36.1245,-86.6782
CLE-BOS,1745,0.21114369501466276,15.804105571847508,0.02177650429799427,18.566666666666666,563.0,-0.2721857249862103,-0.312955058459091,0.22539750607150266,-0.9728078305732473,-0.3331377769867615,CLE,BOS,41.411701,-81.8498,42.36197,-71.0079
CLE-CLT,1821,0.19480519480519481,20.32128740824393,0.025260845689181768,42.48695652173913,430.0,-0.5608068201716441,0.4252317479668123,0.48568907990235816,1.3410609617879912,0.4227937423713794,CLE,CLT,41.411701,-81.8498,35.2140007019043,-80.94309997558594
CLE-DCA,1612,0.3509127789046653,38.30087897227857,0.08126550868486353,44.03275529865125,310.0,2.1968478795805435,3.3634126222804324,4.669418581805302,1.4905899002263625,2.93006724597316,CLE,DCA,41.411701,-81.8498,38.8521,-77.037697
CLE-DEN,1847,0.20120284308365227,14.537998906506287,0.004331348132106118,22.097826086956523,1201.0,-0.4477917802924283,-0.5198591127418339,-1.0778120949247192,-0.6312300473204051,-0.6691732588198467,CLE,DEN,41.411701,-81.8498,39.860027,-104.673792
CLE-DFW,1657,0.254375,26.10125,0.026554013277006638,38.95085995085995,1021.0,0.4914992174011585,1.369779096601631,0.5822928821340533,0.9990055957491109,0.8606441979714884,CLE,DFW,41.411701,-81.8498,32.896801,-97.038002
CLE-EWR,1991,0.2425353588266108,26.327396542692508,0.04018081366147665,24.572354211663068,404.0,0.2823508770849556,1.40673541144142,1.6002589538064311,-0.39186282232984043,0.7243706050007416,CLE,EWR,41.411701,-81.8498,40.6894,-74.170545
CLE-FLL,1083,0.2079021636876764,16.927563499529633,0.01569713758079409,37.932126696832576,1062.0,-0.3294476712896137,-0.12936231195785158,-0.2287508545676528,0.9004610087680843,0.05322504273824155,CLE,FLL,41.411701,-81.8498,26.072599,-80.152702
CLE-LGA,1887,0.25070581592320723,19.30773574251835,0.06041335453100159,23.335585585585587,419.0,0.4266827462989205,0.25959961395768233,3.1116952094056356,-0.5114985100489556,0.8216197649033208,CLE,LGA,41.411701,-81.8498,40.777199,-73.872597
CLE-MCO,1932,0.23443223443223443,19.86656200941915,0.008799171842650104,37.08705357142857,895.0,0.1392084461919754,0.35092163557448275,-0.7440512102543552,0.818714995488866,0.14119846675024222,CLE,MCO,41.411701,-81.8498,28.429399490356445,-81.30899810791016
CLE-MDW,1108,0.1678832116788321,10.90419708029197,0.009025270758122744,32.02173913043478,307.0,-1.036386105594171,-1.1136861187004128,-0.7271608898343558,0.328734603130584,-0.6371246277495889,CLE,MDW,41.411701,-81.8498,41.785999,-87.752403
CLE-ORD,4803,0.24265179146105986,21.668740613602232,0.028523839267124713,22.46153846153846,316.0,0.2844076701834154,0.6454292548409857,0.7294452560195565,-0.5960472498693834,0.26580873279364353,CLE,ORD,41.411701,-81.8498,41.9786,-87.9048
CLE-PHL,1103,0.2700871248789932,27.51597289448209,0.06255666364460562,44.630824372759854,363.0,0.7690553352899616,1.6009696515270129,3.2718073338366676,1.548442600784789,1.7975687303596077,CLE,PHL,41.411701,-81.8498,39.871899,-75.241096
CLL-DFW,1214,0.1700854700854701,15.00940170940171,0.036243822075782535,23.718592964824122,164.0,-0.9974830101413307,-0.4428236197701375,1.3061529461141408,-0.47444925908111335,-0.1521507357196102,CLL,DFW,30.5886,-96.3638,32.896801,-97.038002
CLT-ALB,1133,0.2446043165467626,18.867805755395683,0.01676963812886143,36.393382352941174,646.0,0.3188992037628557,0.1877073315553117,-0.1486315940678195,0.751614463081362,0.27739735108292746,CLT,ALB,35.2140007019043,-80.94309997558594,42.748299,-73.801697
CLT-ATL,4628,0.1918232044198895,14.994917127071822,0.020743301642178046,28.24078341013825,226.0,-0.6134839520873695,-0.4451906547843937,0.14821392525223928,-0.03700659396609937,-0.23686681889640582,CLT,ATL,35.2140007019043,-80.94309997558594,33.6367,-84.428101
CLT-AUS,1717,0.2723480333730632,22.03098927294398,0.020966802562609202,37.50984682713348,1032.0,0.8089944898822772,0.7046270446702466,0.16491016703807754,0.859612832677446,0.6345361335670118,CLT,AUS,35.2140007019043,-80.94309997558594,30.197535,-97.662015
CLT-AVL,1226,0.2672268907563025,21.647899159663865,0.02528548123980424,40.81761006289308,91.0,0.7185290388494009,0.6420233954177332,0.48752943523032094,1.1795809505437496,0.7569157050103011,CLT,AVL,35.2140007019043,-80.94309997558594,35.435488,-82.541853
CLT-BDL,1708,0.24909529553679133,17.556694813027743,0.025175644028103045,34.1501210653753,644.0,0.3982327569004772,-0.026551211596173054,0.47932424019082065,0.5346182511684008,0.3464060091658814,CLT,BDL,35.2140007019043,-80.94309997558594,41.938555,-72.688016
CLT-BHM,1878,0.19629225736095965,16.129225736095965,0.022364217252396165,36.03888888888889,350.0,-0.5345377246027998,-0.25982471647961186,0.26930156502765307,0.7173234336441636,0.048065639397351256,CLT,BHM,35.2140007019043,-80.94309997558594,33.562877,-86.750712
CLT-BNA,3607,0.25297787861599547,18.18944980147476,0.020792902689215416,35.02914798206278,328.0,0.4668189408281159,0.07685206086194506,0.15191928392623974,0.6196486986459161,0.32880974606555424,CLT,BNA,35.2140007019043,-80.94309997558594,36.1245,-86.6782
CLT-BOS,4099,0.2615346038114343,18.512788365095286,0.02585996584532813,24.592521572387344,728.0,0.6179742712101063,0.12969125802470224,0.5304452937313298,-0.389911983653264,0.22204970982821853,CLT,BOS,35.2140007019043,-80.94309997558594,42.36197,-71.0079
CLT-BUF,1218,0.2802013422818792,21.51006711409396,0.021346469622331693,35.67365269461078,546.0,0.9477239074562674,0.6194992196755486,0.1932725246293411,0.6819932333455374,0.6106222212766736,CLT,BUF,35.2140007019043,-80.94309997558594,42.940498,-78.732201
CLT-BWI,3061,0.25275459098497494,18.367946577629382,0.0199281280627246,32.19682959048877,361.0,0.4628745444771485,0.10602156740809196,0.08731782176538912,0.3456715363288738,0.25047136749487586,CLT,BWI,35.2140007019043,-80.94309997558594,39.1754,-76.668297
CLT-CAK,1368,0.30230826507818315,24.924795234549517,0.016812865497076022,38.09113300492611,394.0,1.338244713334866,1.1775257365054992,-0.14540236982084986,0.9158420821712637,0.8215525405476948,CLT,CAK,35.2140007019043,-80.94309997558594,40.91609954833984,-81.44219970703125
CLT-CHS,2646,0.2400923432089265,18.19392073874567,0.016628873771730914,39.44230769230769,168.0,0.2391947835579281,0.07758269049459642,-0.15914714692078002,1.0465445511255738,0.30104371956432957,CLT,CHS,35.2140007019043,-80.94309997558594,32.896159,-80.038151
CLT-CLE,1820,0.26704225352112676,19.84281690140845,0.023626373626373626,40.4451476793249,430.0,0.7152674052633784,0.34704126810522884,0.3635887292630936,1.143551743084788,0.6423622864291222,CLT,CLE,35.2140007019043,-80.94309997558594,41.411701,-81.8498
CLT-CMH,1992,0.2334190231362468,18.006169665809768,0.02359437751004016,39.180616740088105,347.0,0.12130997631083276,0.046900869404977515,0.3611985158649528,1.0212305381578004,0.3876599749346409,CLT,CMH,35.2140007019043,-80.94309997558594,39.998001,-82.891899
CLT-CRW,1171,0.2775800711743772,21.265124555160142,0.035012809564474806,41.407051282051285,221.0,0.9014189144565583,0.5794713058377059,1.2141923291711036,1.2365990573562098,0.9829204017053943,CLT,CRW,35.2140007019043,-80.94309997558594,38.3731,-81.593201
CLT-CVG,1873,0.28297755883962783,19.84181718664477,0.02402562733582488,38.06963249516441,335.0,0.9967660259553089,0.34687789716390627,0.3934142729522716,0.9137622846914313,0.6627051201907295,CLT,CVG,35.2140007019043,-80.94309997558594,39.048801,-84.667801
CLT-DAB,1414,0.2303206997084548,15.113702623906706,0.028288543140028287,34.49050632911393,416.0,0.06657781059773947,-0.4257790194475687,0.7118678741381098,0.5675445594997957,0.23005280619701907,CLT,DAB,35.2140007019043,-80.94309997558594,29.18255,-81.059464
CLT-DAY,1324,0.2672811059907834,22.711981566820278,0.015861027190332326,42.508620689655174,370.0,0.7194867559073317,0.8159131395904862,-0.21650777054921413,1.3431565903258191,0.6655121788186057,CLT,DAY,35.2140007019043,-80.94309997558594,39.902401,-84.219398
CLT-DCA,2817,0.3426163429827776,25.45804323928179,0.026979055733049342,24.510160427807488,331.0,2.0502905829369134,1.2646678210845703,0.614044928620687,-0.39787898084690665,0.8827810879488159,CLT,DCA,35.2140007019043,-80.94309997558594,38.8521,-77.037697
CLT-DEN,2878,0.2676803394625177,19.3995756718529,0.01250868658790827,25.779392338177015,1337.0,0.7265392515690726,0.2746078705639597,-0.4669384584344359,-0.27510303935678676,0.06477640608545245,CLT,DEN,35.2140007019043,-80.94309997558594,39.860027,-104.673792
CLT-DFW,3838,0.23682097939523683,17.54910355900455,0.02344971339239187,24.34689265536723,935.0,0.18140584365817108,-0.02779175576001376,0.35039163828551667,-0.41367227623491115,0.022583362487190714,CLT,DFW,35.2140007019043,-80.94309997558594,32.896801,-97.038002
CLT-DTW,3647,0.18917410714285715,14.883370535714286,0.01617768028516589,39.46017699115044,500.0,-0.6602804969077296,-0.46341932589487594,-0.19285275998650075,1.0482730925932617,-0.06706987254896118,CLT,DTW,35.2140007019043,-80.94309997558594,42.21377,-83.353786
CLT-ECP,1165,0.19014084507042253,14.309859154929578,0.019742489270386267,35.398148148148145,437.0,-0.6432029833150482,-0.5571411529019792,0.07345000343277279,0.6553429972457292,-0.11788778388463134,CLT,ECP,35.2140007019043,-80.94309997558594,30.357106,-85.795414
CLT-EWR,3745,0.3161579389526743,28.758891066928033,0.043257676902536714,26.685562444641274,529.0,1.5829004644974078,1.8040842990211527,1.8301105916233797,-0.1874469640072785,1.2574120977836654,CLT,EWR,35.2140007019043,-80.94309997558594,40.6894,-74.170545
CLT-EYW,1242,0.18900915903413823,12.548709408825978,0.021739130434782608,26.45814977973568,736.0,-0.6631943202805526,-0.8449439365400022,0.2226055575844495,-0.20944515347324646,-0.37374446317733795,CLT,EYW,35.2140007019043,-80.94309997558594,24.556119,-81.759579
CLT-FLL,3139,0.26262295081967213,16.880327868852458,0.0270786874800892,27.983770287141073,632.0,0.6372000202955315,-0.13708144318213583,0.6214877424351176,-0.06186810894495554,0.26493455265088944,CLT,FLL,35.2140007019043,-80.94309997558594,26.072599,-80.152702
CLT-GRR,1025,0.267591674925669,20.31119920713578,0.012682926829268294,33.855555555555554,583.0,0.7249729844453283,0.4235831588180194,-0.4539221487344235,0.5061242009454534,0.3001895488685944,CLT,GRR,35.2140007019043,-80.94309997558594,42.880798,-85.522797
CLT-GSO,1252,0.22439024390243903,17.866666666666667,0.01757188498402556,40.992753623188406,84.0,-0.03818423167889546,0.024103630517106477,-0.0887011587035745,1.1965230202597006,0.27343531509858426,CLT,GSO,35.2140007019043,-80.94309997558594,36.09937,-79.937262
CLT-GSP,1828,0.2856344326439352,23.632196757965342,0.02024070021881838,44.48140900195695,75.0,1.043699943838684,0.9662924552298764,0.11066797300232799,1.5339892824640409,0.9136624136337324,CLT,GSP,35.2140007019043,-80.94309997558594,34.895699,-82.218903
CLT-HHH,1130,0.17450271247739602,9.644665461121157,0.01592920353982301,22.984455958549223,206.0,-0.9194520207290716,-1.3195156950209164,-0.21141477669050263,-0.545464147212863,-0.7489616599133384,CLT,HHH,35.2140007019043,-80.94309997558594,32.2244,-80.697502
CLT-HPN,1359,0.25595695618754805,21.144504227517295,0.03384841795437822,37.234234234234236,564.0,0.5194446176234445,0.5597598269383417,1.1272085090683925,0.8329521449786268,0.7598412746522014,CLT,HPN,35.2140007019043,-80.94309997558594,41.06700134277344,-73.70760345458984
CLT-IAD,2098,0.2090506640432858,15.370880472208558,0.030505243088655862,33.91294117647059,322.0,-0.30915930784088325,-0.38375164454940014,0.877462531366116,0.5116752539707333,0.17405670823664146,CLT,IAD,35.2140007019043,-80.94309997558594,38.9445,-77.455803
CLT-IAH,2352,0.2312717770034843,17.985191637630663,0.02040816326530612,29.278719397363464,912.0,0.08337867768946575,0.04347269135337185,0.12317800432102952,0.06339552088535552,0.07835622356230565,CLT,IAH,35.2140007019043,-80.94309997558594,29.9844,-95.3414
CLT-ILM,2026,0.2280966767371601,18.05941591137966,0.0192497532082922,40.88520971302428,185.0,0.027290242126756604,0.05560224061273113,0.036641025584028715,1.1861200318743195,0.326413385049459,CLT,ILM,35.2140007019043,-80.94309997558594,34.272345,-77.905117
CLT-IND,1953,0.24646781789638933,18.027210884353742,0.01894521249359959,33.66242038216561,427.0,0.3518181249314662,0.050339373871443015,0.01389084900161952,0.48744175800174844,0.2258725264515693,CLT,IND,35.2140007019043,-80.94309997558594,39.7173,-86.294403
CLT-JAX,2074,0.24141315014720313,16.43277723258096,0.01591128254580521,32.270325203252035,328.0,0.26252695849238217,-0.2102190734278766,-0.21275353291838095,0.3527809487055105,0.048083825212908785,CLT,JAX,35.2140007019043,-80.94309997558594,30.492469,-81.687813
CLT-JFK,2037,0.31945149822244795,26.199593702387,0.031418753068237604,28.384737678855327,542.0,1.6410814891516385,1.3858501838915487,0.9457046820626317,-0.023081541555373845,0.9873887033876113,CLT,JFK,35.2140007019043,-80.94309997558594,40.639447,-73.779317
CLT-LAS,2239,0.20317460317460317,13.577324263038548,0.01205895489057615,29.323660714285715,1916.0,-0.41296045859232516,-0.676850213113725,-0.5005348711155435,0.06774280561075206,-0.3806506843027104,CLT,LAS,35.2140007019043,-80.94309997558594,36.083361,-115.151817
CLT-LAX,2396,0.2270042194092827,14.581434599156118,0.010434056761268781,22.643122676579925,2125.0,0.007991883870310582,-0.5127609580951185,-0.6219200179504474,-0.5784821596921522,-0.42629281296685184,CLT,LAX,35.2140007019043,-80.94309997558594,33.942501,-118.407997
CLT-LEX,1484,0.2675469075747047,19.66782487838777,0.026954177897574125,36.345454545454544,281.0,0.7241821651107371,0.3184444997434097,0.6121864738304283,0.7469782877381065,0.6004478566056703,CLT,LEX,35.2140007019043,-80.94309997558594,38.035066,-84.606738
CLT-LGA,4564,0.28728270814272644,24.42177493138152,0.03812445223488168,26.78343949044586,544.0,1.0728168807379947,1.0953233889774228,1.446642102872359,-0.1779790753174715,0.8592008243175763,CLT,LGA,35.2140007019043,-80.94309997558594,40.777199,-73.872597
CLT-LIT,1193,0.2019315188762072,13.462686567164178,0.04107292539815591,32.17391304347826,640.0,-0.4349196560101491,-0.6955840249633346,1.666902586534418,0.3434547620641149,0.2199634169062623,CLT,LIT,35.2140007019043,-80.94309997558594,34.729222,-92.223591
CLT-MCI,1265,0.2593192868719611,16.81199351701783,0.02292490118577075,31.36875,808.0,0.5788404955846619,-0.14824847580932585,0.31118646867367816,0.2655693497068784,0.2518369595389731,CLT,MCI,35.2140007019043,-80.94309997558594,39.301699,-94.713893
CLT-MCO,4758,0.29948253557567917,23.634971970677014,0.022488440521227407,32.3772498200144,468.0,1.2883279441544317,0.9667459737028932,0.2785814450739299,0.3631240313086318,0.7241948485599715,CLT,MCO,35.2140007019043,-80.94309997558594,28.429399490356445,-81.30899810791016
CLT-MEM,1779,0.25246091488129707,17.813549507817022,0.026419336706014616,33.19954128440367,511.0,0.45768672934193927,0.015423354345422231,0.5722321065997394,0.44266631817903473,0.3720021271165339,CLT,MEM,35.2140007019043,-80.94309997558594,35.043845,-89.97634
CLT-MIA,3767,0.25380434782608696,20.535326086956523,0.02017520573400584,29.801927194860813,650.0,0.4814185947434379,0.4602094252915123,0.10577532311095579,0.11400670502585421,0.29035251204294005,CLT,MIA,35.2140007019043,-80.94309997558594,25.796011,-80.289751
CLT-MLB,1192,0.22174288179465057,16.515962036238136,0.026845637583892617,40.55642023346304,490.0,-0.08495012457642999,-0.1966252162888771,0.6040781612684879,1.1543154124226813,0.3692045582064655,CLT,MLB,35.2140007019043,-80.94309997558594,28.102009,-80.641088
CLT-MSN,1009,0.21862348178137653,15.787449392712551,0.018830525272547076,28.296296296296298,708.0,-0.1400546100928475,-0.31567697051138516,0.00532334257370531,-0.031636695205120434,-0.12051123330891195,CLT,MSN,35.2140007019043,-80.94309997558594,43.1399,-89.337502
CLT-MSP,2497,0.2004899959167007,13.942017149857085,0.017220664797757308,32.41751527494908,930.0,-0.4603842904609059,-0.6172529936089236,-0.11493844282164203,0.36701900834060264,-0.20638917963771725,CLT,MSP,35.2140007019043,-80.94309997558594,44.880081,-93.221741
CLT-MSY,1833,0.2112284602556976,16.60478043357421,0.01691216584833606,34.93421052631579,650.0,-0.2706883392783742,-0.18211073105095565,-0.13798431234324338,0.6104651637719621,0.004920445274847224,CLT,MSY,35.2140007019043,-80.94309997558594,29.993401,-90.264673
CLT-MYR,2372,0.24708926261319533,17.090987494609745,0.021079258010118045,31.448516579406633,157.0,0.36279600248829436,-0.10265596242604058,0.17331095276245057,0.27328536819497695,0.17668409025492032,CLT,MYR,35.2140007019043,-80.94309997558594,33.679699,-78.928299
CLT-OMA,1005,0.23732251521298176,16.864097363083165,0.014925373134328358,33.1025641025641,913.0,0.19026551958536417,-0.13973379273423395,-0.2864041553909688,0.43328547555592,0.049353261754020356,CLT,OMA,35.2140007019043,-80.94309997558594,41.3032,-95.894096
CLT-ORD,4131,0.2780828756864703,22.47803295057414,0.026870007262164125,32.618491921005386,599.0,0.9103010019850317,0.7776818289748689,0.6058986550717316,0.3864599763272217,0.6700853655897135,CLT,ORD,35.2140007019043,-80.94309997558594,41.9786,-87.9048
CLT-ORF,2490,0.25502255022550224,19.77039770397704,0.017670682730923693,40.660771704180064,290.0,0.5029382511481926,0.3352067000023721,-0.08132064739773669,1.1644095882454684,0.48030847299957413,CLT,ORF,35.2140007019043,-80.94309997558594,36.895341,-76.201
CLT-PBI,1860,0.23026315789473684,14.875548245614034,0.017741935483870968,30.945238095238096,590.0,0.06556132921442287,-0.46469762540930254,-0.0759978362485954,0.2246019958178023,-0.06263303415641819,CLT,PBI,35.2140007019043,-80.94309997558594,26.683201,-80.095596
CLT-PHL,3552,0.25769901220220803,19.421557234166183,0.02956081081081081,34.9988726042841,449.0,0.5502181958821255,0.27820004370907236,0.8069103849551216,0.6167200864826242,0.5630121777572359,CLT,PHL,35.2140007019043,-80.94309997558594,39.871899,-75.241096
CLT-PHX,2900,0.1952414275717285,13.342547235829251,0.011379310344827587,26.451612903225808,1773.0,-0.5531007285953952,-0.7152169006226023,-0.5513065173456964,-0.21007748170368837,-0.5074254070668456,CLT,PHX,35.2140007019043,-80.94309997558594,33.435302,-112.005905
CLT-PIT,1873,0.22821350762527234,14.72549019607843,0.019220501868659905,33.98090692124105,366.0,0.029354070412470363,-0.4892197448140761,0.03445585588486896,0.5182497485411078,0.02320998250609277,CLT,PIT,35.2140007019043,-80.94309997558594,40.491501,-80.232903
CLT-PNS,2005,0.23848515864892528,17.412487205731832,0.02144638403990025,36.892703862660944,488.0,0.21080372183710577,-0.050117266040643135,0.20073645484670974,0.7999150675345422,0.2903344945444286,CLT,PNS,35.2140007019043,-80.94309997558594,30.472718,-87.186639
CLT-PVD,1526,0.22782258064516128,15.258064516129032,0.023591087811271297,34.26843657817109,684.0,0.022448309682253184,-0.4021877521378134,0.3609527647246821,0.5460632033144275,0.13181913139588736,CLT,PVD,35.2140007019043,-80.94309997558594,41.725038,-71.425668
CLT-RDU,3144,0.24293601818772328,16.803507632348165,0.020674300254452927,35.39705882352941,130.0,0.28942856121250937,-0.1496352183250965,0.14305929836840142,0.6552376241814684,0.23452256635932067,CLT,RDU,35.2140007019043,-80.94309997558594,35.878659,-78.7873
CLT-RIC,2544,0.24929634097305992,17.679935665460395,0.02161949685534591,31.901612903225807,257.0,0.40178424285414194,-0.006411492945608358,0.2136685421836756,0.317114496101488,0.23153894704842432,CLT,RIC,35.2140007019043,-80.94309997558594,37.505199,-77.319702
CLT-ROC,1010,0.2545454545454545,21.674747474747473,0.01782178217821782,43.19047619047619,573.0,0.4945103124807365,0.6464108813962246,-0.07003302987534554,1.4091141591432816,0.6200005807862243,CLT,ROC,35.2140007019043,-80.94309997558594,43.1189,-77.672401
CLT-RSW,1868,0.22441160372194854,14.342090859332238,0.01980728051391863,29.339024390243903,600.0,-0.03780690852066416,-0.551873926609038,0.0782901189255171,0.06922897198043186,-0.1105404360559383,CLT,RSW,35.2140007019043,-80.94309997558594,26.534685,-81.752816
CLT-SAN,1506,0.20619946091644206,13.517520215633423,0.0099601593625498,25.08169934640523,2077.0,-0.3595260709167805,-0.6866232442566444,-0.6573216867016465,-0.342592607839902,-0.5115159024287433,CLT,SAN,35.2140007019043,-80.94309997558594,32.733601,-117.190002
CLT-SAT,1379,0.23890532544378698,17.223372781065088,0.01740391588107324,36.191950464396285,1095.0,0.21822600655962054,-0.08102188273528196,-0.10124899407728201,0.7321294583630112,0.19202114702751696,CLT,SAT,35.2140007019043,-80.94309997558594,29.533701,-98.469803
CLT-SAV,2371,0.2459227467811159,18.6931330472103,0.01560522986081822,40.07329842931937,213.0,0.34218939400590664,0.15916274484281517,-0.23561665857303224,1.1075818455516164,0.34332933145682654,CLT,SAV,35.2140007019043,-80.94309997558594,32.126591,-81.19998
CLT-SBN,1034,0.2399598393574297,17.33433734939759,0.031914893617021274,36.46861924686193,534.0,0.2368540909456936,-0.06288832440389006,0.9827679860806668,0.7588923138905362,0.4789065166282517,CLT,SBN,35.2140007019043,-80.94309997558594,41.708304,-86.316922
CLT-SDF,1722,0.2630952380952381,20.090476190476192,0.023809523809523808,34.678733031674206,335.0,0.6455430180596106,0.38751314333628417,0.3772706404386582,0.5857521939215388,0.4990197489390229,CLT,SDF,35.2140007019043,-80.94309997558594,38.1706,-85.735076
CLT-SEA,1296,0.2949921752738654,21.629890453834115,0.013117283950617283,27.450928381962864,2279.0,1.2090053202005107,0.6390804567613315,-0.42147426661629483,-0.11341122414649285,0.32830007154976365,CLT,SEA,35.2140007019043,-80.94309997558594,47.447943,-122.310276
CLT-SFO,1520,0.29431438127090304,17.75183946488294,0.015131578947368421,24.78409090909091,2296.0,1.1970320273684212,0.005338850075331821,-0.270999914077239,-0.371381007964534,0.13999748885049498,CLT,SFO,35.2140007019043,-80.94309997558594,37.619806,-122.374821
CLT-SGF,1236,0.215,13.060833333333333,0.025080906148867314,26.926356589147286,708.0,-0.2040637459815459,-0.7612538974806119,0.47224701413311176,-0.16415435092727304,-0.16430624506407976,CLT,SGF,35.2140007019043,-80.94309997558594,37.245047,-93.388596
CLT-SJU,1063,0.2574162679425837,18.436363636363637,0.016933207902163686,20.55390334572491,1475.0,0.5452234927683796,0.11720211579451316,-0.1364124028508846,-0.7805775121879803,-0.06364107661899307,CLT,SJU,35.2140007019043,-80.94309997558594,18.4394,-66.001801
CLT-SRQ,1487,0.23024054982817868,16.267353951890033,0.01882985877605918,34.30746268656716,547.0,0.06516195565832017,-0.23725214132384312,0.00527355312993097,0.5498382952908246,0.09575541568880816,CLT,SRQ,35.2140007019043,-80.94309997558594,27.394631,-82.554359
CLT-STL,1922,0.23806998939554613,17.87539766702015,0.015608740894901144,38.492204899777285,575.0,0.203469719140324,0.025530429238360013,-0.23535437296877737,0.9546387584077155,0.23707113345440553,CLT,STL,35.2140007019043,-80.94309997558594,38.748697,-90.370003
CLT-SYR,1095,0.23026926648096566,16.503249767873722,0.0136986301369863,29.95967741935484,603.0,0.065669237946852,-0.1987026240900742,-0.37804582582881324,0.1292662743561692,-0.09545323440396655,CLT,SYR,35.2140007019043,-80.94309997558594,43.11119842529297,-76.1063003540039
CLT-TPA,3423,0.25610482430017867,17.974687313877308,0.017236342389716622,33.47790697674419,507.0,0.5220567213088073,0.04175610045975857,-0.11376727598497999,0.46959331999520043,0.22990971644469657,CLT,TPA,35.2140007019043,-80.94309997558594,27.9755,-82.533203
CLT-VPS,1202,0.251063829787234,18.681702127659573,0.018302828618968387,38.166101694915255,460.0,0.4330070938340205,0.1572947319305005,-0.034097304557103164,0.9230939889508678,0.3698246275395714,CLT,VPS,35.2140007019043,-80.94309997558594,30.481315,-86.515839
CLT-XNA,1567,0.2205497382198953,18.146596858638745,0.02297383535417996,30.359050445103858,754.0,-0.10602711455986655,0.0698491377643652,0.31484200935679035,0.1678986147830797,0.11164066183609218,CLT,XNA,35.2140007019043,-80.94309997558594,36.281898,-94.306801
CMH-ATL,3236,0.15638766519823788,12.710824417872876,0.014833127317676144,29.651911468812877,447.0,-1.2394559818035864,-0.8184514983038864,-0.29329521631182026,0.09949531285758062,-0.5629268458904282,CMH,ATL,39.998001,-82.891899,33.6367,-84.428101
CMH-BNA,1007,0.1746987951807229,9.331325301204819,0.010923535253227408,26.99425287356322,338.0,-0.9159882019050936,-1.3707209775069864,-0.5853543911291207,-0.15758657542876683,-0.7574125364924919,CMH,BNA,39.998001,-82.891899,36.1245,-86.6782
CMH-BOS,2008,0.1819571865443425,13.194189602446484,0.02091633466135458,16.218487394957982,640.0,-0.7877680569839334,-0.739461142178992,0.1611400515497589,-1.1999530185536547,-0.6415105415417053,CMH,BOS,39.998001,-82.891899,42.36197,-71.0079
CMH-BWI,1054,0.11508704061895551,8.713733075435202,0.018026565464895637,29.907563025210084,337.0,-1.969035278868277,-1.4716463883773248,-0.05473505588277476,0.12422512013207888,-0.8427979007490743,CMH,BWI,39.998001,-82.891899,39.1754,-76.668297
CMH-CLT,1988,0.18988648090815274,16.715686274509803,0.02464788732394366,40.28532608695652,347.0,-0.6476963494226478,-0.163986769807116,0.43989910708736946,1.1280918052175117,0.18907694826877935,CMH,CLT,39.998001,-82.891899,35.2140007019043,-80.94309997558594
CMH-DCA,2056,0.3302938196555218,24.47112462006079,0.038910505836575876,27.35122699386503,323.0,1.8326120853659027,1.1033879943893061,1.505362849816924,-0.12305558597790915,1.079576835898556,CMH,DCA,39.998001,-82.891899,38.8521,-77.037697
CMH-DEN,1753,0.22992489890236859,17.06008087810514,0.0068454078722190535,22.733668341708544,1154.0,0.05958595328750203,-0.10770664609592033,-0.8900036993083054,-0.5697234535855756,-0.3769619614255748,CMH,DEN,39.998001,-82.891899,39.860027,-104.673792
CMH-DFW,1731,0.2284688995215311,22.113636363636363,0.027151935297515885,43.324607329842934,926.0,0.03386559153464606,0.7181330300718155,0.6269595913549415,1.4220889959594312,0.7002618022302085,CMH,DFW,39.998001,-82.891899,32.896801,-97.038002
CMH-DTW,1385,0.15283842794759825,15.094614264919942,0.007942238267148015,6.042857142857143,155.0,-1.3021535812906515,-0.42889839238199795,-0.8080669205404022,-2.184266897089293,-1.1808464478255862,CMH,DTW,39.998001,-82.891899,42.21377,-83.353786
CMH-EWR,1856,0.2100456621004566,15.31906392694064,0.05495689655172414,11.6875,463.0,-0.2915825764832764,-0.39221937763093184,2.7040801466106497,-1.6382466343625028,0.0955078895334846,CMH,EWR,39.998001,-82.891899,40.6894,-74.170545
CMH-FLL,1001,0.2323439099283521,17.0460593654043,0.023976023976023976,25.422907488986784,973.0,0.10231800351451237,-0.10999800740409166,0.3897087415073534,-0.30958670040305797,0.018110509303679037,CMH,FLL,39.998001,-82.891899,26.072599,-80.152702
CMH-IAD,1245,0.16557911908646003,13.270799347471453,0.014457831325301205,30.320197044334975,299.0,-1.077088111218513,-0.7269417650387084,-0.3213310410317376,0.16414022924256516,-0.4903051720115985,CMH,IAD,39.998001,-82.891899,38.9445,-77.455803
CMH-JFK,1718,0.18935269207501512,13.24561403508772,0.034924330616996506,12.603833865814696,483.0,-0.6571257778060839,-0.7310574871837834,1.2075826655634354,-1.5496073934361336,-0.4325519982156414,CMH,JFK,39.998001,-82.891899,40.639447,-73.779317
CMH-LGA,3171,0.22712201591511935,17.200596816976127,0.046357615894039736,17.43065693430657,479.0,0.01007276988112635,-0.08474387507542508,2.061686062648899,-1.0826968613271646,0.22607952403185888,CMH,LGA,39.998001,-82.891899,40.777199,-73.872597
CMH-MCO,2284,0.21266161390994204,18.047703967900134,0.01532399299474606,36.465408805031444,802.0,-0.24537154936779626,0.05368830345737217,-0.2566259622751106,0.7585817599128775,0.0775681379318357,CMH,MCO,39.998001,-82.891899,28.429399490356445,-81.30899810791016
CMH-MDW,1262,0.18072289156626506,11.701204819277109,0.012678288431061807,36.035555555555554,283.0,-0.8095719902573287,-0.9834410635207175,-0.4542686520857524,0.717000992067524,-0.38257017844906865,CMH,MDW,39.998001,-82.891899,41.785999,-87.752403
CMH-MIA,1082,0.2102325581395349,14.767441860465116,0.0046210720887245845,28.11946902654867,990.0,-0.28828104092046286,-0.4823641064361083,-1.0561687781029363,-0.04874163430019209,-0.4688888899399249,CMH,MIA,39.998001,-82.891899,25.796011,-80.289751
CMH-ORD,4676,0.26572052401746726,23.658078602620087,0.020102651839178785,25.831552999178307,296.0,0.6919189331273593,0.9705220029749232,0.10035531245417671,-0.27005740962524616,0.37318470973280327,CMH,ORD,39.998001,-82.891899,41.9786,-87.9048
CMH-PHL,1289,0.2568659127625202,21.51615508885299,0.03646237393328161,37.10377358490566,407.0,0.5355014183567477,0.6204941016191444,1.322479476888642,0.8203323637409607,0.8247018401513737,CMH,PHL,39.998001,-82.891899,39.871899,-75.241096
CMH-PHX,1182,0.15649183147033535,20.14445399828031,0.01353637901861252,28.791208791208792,1670.0,-1.2376158751139448,0.396334064654913,-0.39016650925671764,0.01623741434229465,-0.3038027263433637,CMH,PHX,39.998001,-82.891899,33.435302,-112.005905
CMI-ORD,1019,0.24518743667679838,19.34954407294833,0.03140333660451423,40.47520661157025,135.0,0.329200074001733,0.2664318290510482,0.9445530223499488,1.1464594179363732,0.6716610858347758,CMI,ORD,40.039819,-88.276249,41.9786,-87.9048
COS-DEN,5157,0.26128968645237627,20.573062512324984,0.01648245103742486,19.071698113207546,73.0,0.6136477837421632,0.466376219619831,-0.17008539885370866,-0.9239548898107344,-0.003504071325612229,COS,DEN,38.805801,-104.700996,39.860027,-104.673792
COS-DFW,1951,0.2385759829968119,27.20722635494155,0.030753459764223477,34.29398663697105,592.0,0.21240814221966636,1.5505150472465048,0.8960051200165748,0.5485347236872327,0.8018657582924946,COS,DFW,38.805801,-104.700996,32.896801,-97.038002
COU-DFW,1157,0.21447721179624665,18.905272564789993,0.02679343128781331,30.679166666666667,490.0,-0.2132988472443826,0.19383006590063032,0.6001781820630258,0.1988642485396334,0.1948934123147267,COU,DFW,38.8181,-92.219597,32.896801,-97.038002
COU-ORD,1600,0.26744186046511625,24.11046511627907,0.030625,39.710144927536234,315.0,0.7223264983465438,1.0444499004745018,0.8864087600593566,1.0724531092485103,0.9314095670322282,COU,ORD,38.8181,-92.219597,41.9786,-87.9048
CPR-DEN,2484,0.2213148223764802,20.354430379746834,0.010064412238325281,21.391143911439116,230.0,-0.09251183320897492,0.4306478913002654,-0.6495336596212277,-0.6995891617774119,-0.2527466908268373,CPR,DEN,42.907381,-106.461609,39.860027,-104.673792
CRP-DFW,2394,0.1912968548039638,15.945282205945713,0.028404344193817876,31.236486486486488,355.0,-0.6227819660207952,-0.2898843182406611,0.7205185874747531,0.2527751729581354,0.015156869042858054,CRP,DFW,27.770399,-97.501198,32.896801,-97.038002
CRW-CLT,1170,0.2391496899911426,22.782108060230293,0.03418803418803419,43.01851851851852,221.0,0.2225427285584613,0.8273730396102479,1.1525789403873203,1.3924802682849076,0.8987437442102343,CRW,CLT,38.3731,-81.593201,35.2140007019043,-80.94309997558594
CVG-ATL,3011,0.14444819439757003,11.837664529193384,0.014613085353703089,32.546728971962615,373.0,-1.4503678215834923,-0.9611411515142395,-0.30973306286044994,0.3795181687971317,-0.5854309667902624,CVG,ATL,39.048801,-84.667801,33.6367,-84.428101
CVG-BOS,1821,0.21040723981900453,14.955882352941176,0.02800658978583196,12.774193548387096,752.0,-0.285195273133274,-0.45156962209159546,0.6908050464553038,-1.5331280800428113,-0.39477198220309423,CVG,BOS,39.048801,-84.667801,42.36197,-71.0079
CVG-CLT,1872,0.2311916529379462,22.565074135090608,0.025106837606837608,38.18289786223278,335.0,0.08196327876974605,0.791905886440972,0.4741841779322411,0.9247187237522755,0.5681930167238086,CVG,CLT,39.048801,-84.667801,35.2140007019043,-80.94309997558594
CVG-DCA,1020,0.38035527690700105,38.148380355276906,0.059803921568627454,37.79120879120879,411.0,2.7169522899905494,3.3384916713101194,3.0661685955893287,0.8868296712682737,2.502110557039568,CVG,DCA,39.048801,-84.667801,38.8521,-77.037697
CVG-DEN,1521,0.2182061579651941,17.3714859437751,0.01051939513477975,24.34049079754601,1069.0,-0.14742667333790213,-0.05681759197824541,-0.6155449653779539,-0.41429154377369953,-0.30852019361695027,CVG,DEN,39.048801,-84.667801,39.860027,-104.673792
CVG-DFW,1782,0.266433973240256,21.98196625945317,0.03198653198653199,32.65938864628821,812.0,0.7045220786670673,0.6966158237185959,0.9881196040345737,0.3904160177010942,0.6949183810303328,CVG,DFW,39.048801,-84.667801,32.896801,-97.038002
CVG-MCO,1802,0.2209695603156708,18.49379932356257,0.009988901220865706,36.173469387755105,757.0,-0.09861091897812298,0.12658811530567743,-0.6551745769050026,0.7303417381159594,0.025786089384627814,CVG,MCO,39.048801,-84.667801,28.429399490356445,-81.30899810791016
CVG-MIA,1013,0.22791164658634538,18.63755020080321,0.011846001974333662,32.502202643171806,948.0,0.02402166765016388,0.15007953204170252,-0.5164431428654986,0.37521102689995184,0.00821727093157991,CVG,MIA,39.048801,-84.667801,25.796011,-80.289751
CVG-ORD,4441,0.2927395035954535,25.559266991417303,0.027471290249943707,28.30982567353407,264.0,1.1692116697074444,1.2812095590596286,0.6508164394205054,-0.03032796508687196,0.7677274257751766,CVG,ORD,39.048801,-84.667801,41.9786,-87.9048
CVG-PHL,1086,0.2509505703422053,25.817490494296578,0.029465930018416207,39.55681818181818,507.0,0.43100635541585536,1.3234078122711104,0.7998224828221182,1.0576214339594219,0.9029645211171264,CVG,PHL,39.048801,-84.667801,39.871899,-75.241096
DAB-ATL,1555,0.14154652686762778,11.996723460026212,0.0180064308681672,36.19444444444444,366.0,-1.5016260429391242,-0.9351481301045299,-0.056239175394183466,0.7323707072206617,-0.4401606603042939,DAB,ATL,29.18255,-81.059464,33.6367,-84.428101
DAB-CLT,1413,0.16140865737344093,17.43947175348496,0.028308563340410473,50.7,416.0,-1.1507596974478886,-0.04570751725253171,0.7133634478723793,2.135528968229139,0.4131063003502745,DAB,CLT,29.18255,-81.059464,35.2140007019043,-80.94309997558594
DAL-ABQ,1669,0.2237082066869301,13.706990881458967,0.014379868184541641,33.608695652173914,580.0,-0.050232481247319244,-0.6556604115032203,-0.32715513985868616,0.4822448320088366,-0.13770080015009728,DAL,ABQ,32.844776,-96.847653,35.039976,-106.608925
DAL-AMA,1261,0.20436187399030695,12.620355411954765,0.014274385408406027,32.790513833992094,323.0,-0.3919872114327387,-0.8332357219588041,-0.3350350444747575,0.40310008137920195,-0.28928947412177464,DAL,AMA,32.844776,-96.847653,35.217857,-101.706444
DAL-ATL,3474,0.21491745283018868,17.3248820754717,0.021876799078871616,32.31138545953361,721.0,-0.20552194925907774,-0.06443348214073324,0.23288985065852033,0.3567528088373034,0.0799218070240032,DAL,ATL,32.844776,-96.847653,33.6367,-84.428101
DAL-AUS,2334,0.21061792863359444,13.759791122715404,0.015424164524421594,29.75,189.0,-0.281473436022728,-0.6470319252294201,-0.2491428249515882,0.10898365905144196,-0.2671661317880736,DAL,AUS,32.844776,-96.847653,30.197535,-97.662015
DAL-BNA,2431,0.25324947589098534,15.59748427672956,0.016454134101192924,30.183774834437084,623.0,0.4716167314424302,-0.34672060510008673,-0.17220076559604922,0.15094377150813912,0.025909783063608346,DAL,BNA,32.844776,-96.847653,36.1245,-86.6782
DAL-BWI,1829,0.2536394176931691,17.08454647256439,0.020229633679606344,25.304635761589402,1209.0,0.47850508891477905,-0.10370853849359428,0.10984126672272884,-0.3210274170792158,0.04090260001617446,DAL,BWI,32.844776,-96.847653,39.1754,-76.668297
DAL-DCA,1735,0.31345926800472257,20.89787485242031,0.017867435158501442,23.31261770244821,1184.0,1.5352281962624335,0.5194562577291602,-0.06662260455991942,-0.5137202501842201,0.36858539981186356,DAL,DCA,32.844776,-96.847653,38.8521,-77.037697
DAL-DEN,3020,0.3073549257759784,19.774966261808366,0.015231788079470199,22.792535675082327,651.0,1.427394434481418,0.33595328254822104,-0.2635139677308317,-0.5640290708498984,0.2339511696122272,DAL,DEN,32.844776,-96.847653,39.860027,-104.673792
DAL-ELP,1770,0.24899828277046365,15.714939896966229,0.011864406779661017,35.3816091954023,562.0,0.3965190175421831,-0.3275262949439898,-0.515068244367658,0.6537431434459292,0.05191690541911613,DAL,ELP,32.844776,-96.847653,31.809908,-106.375607
DAL-HOU,4090,0.24606937858747194,15.116046917893685,0.019070904645476772,26.49087221095335,239.0,0.3447796582282602,-0.42539592065848997,0.02328045936329199,-0.20627983177925824,-0.06590390871154901,DAL,HOU,32.844776,-96.847653,29.645336,-95.276812
DAL-LAS,2895,0.21172752808988765,12.3999297752809,0.014507772020725389,26.502487562189053,1067.0,-0.26187226050559415,-0.8692571403306808,-0.3176003095244733,-0.20515625012956046,-0.41347149012257717,DAL,LAS,32.844776,-96.847653,36.083361,-115.151817
DAL-LAX,1481,0.27546138072453863,15.904306220095695,0.010803511141120865,27.732009925558312,1246.0,0.8639920545764221,-0.2965805136187307,-0.5943205805837124,-0.0862215113221596,-0.028282637737045146,DAL,LAX,32.844776,-96.847653,33.942501,-118.407997
DAL-LBB,1593,0.22492012779552717,13.21405750798722,0.015693659761456372,34.76988636363637,293.0,-0.028823784417304335,-0.7362143776535266,-0.22901065892299047,0.5945696811436789,-0.09986978496253562,DAL,LBB,32.844776,-96.847653,33.663601,-101.822998
DAL-LGA,1440,0.3318872017353579,24.885755603759943,0.03194444444444444,17.359477124183005,1381.0,1.8607593250167396,1.1711459755349751,0.9849755284866534,-1.0895822603875018,0.7318246421627166,DAL,LGA,32.844776,-96.847653,40.777199,-73.872597
DAL-LIT,1022,0.24975222993062438,15.809712586719524,0.009784735812133072,34.82936507936508,296.0,0.40983756283628764,-0.31203877380377637,-0.6704263934162216,0.6003232044064924,0.006923900005695538,DAL,LIT,32.844776,-96.847653,34.729222,-92.223591
DAL-MAF,1374,0.19524870081662954,12.118782479584262,0.018195050946142648,30.90494296577947,319.0,-0.5529722460613817,-0.9152015436915037,-0.042148645379960305,0.22070414829574553,-0.32240457170927506,DAL,MAF,32.844776,-96.847653,31.942499,-102.202003
DAL-MCI,2034,0.2335,13.798,0.014257620452310717,32.42826552462527,461.0,0.12274043998874073,-0.6407879239646103,-0.33628744093002166,0.36805890657705903,-0.12156900458220803,DAL,MCI,32.844776,-96.847653,39.301699,-94.713893
DAL-MCO,2647,0.2909441233140655,17.883236994219654,0.014733660748016623,21.319205298013244,973.0,1.1374961134173849,0.026811512913872865,-0.3007256908415877,-0.7065479617576957,0.03925849343299359,DAL,MCO,32.844776,-96.847653,28.429399490356445,-81.30899810791016
DAL-MDW,2206,0.2773148148148148,17.938425925925927,0.016319129646418858,31.530884808013354,793.0,0.89673313669114,0.03583035313811555,-0.18228603510959196,0.28125305064405703,0.2578826263409302,DAL,MDW,32.844776,-96.847653,41.785999,-87.752403
DAL-MSY,2294,0.23438192290651308,14.929995569339832,0.013513513513513514,31.083175803402646,437.0,0.1383196885050408,-0.45579997694721464,-0.39187463645794735,0.23794505144737704,-0.11785246836318604,DAL,MSY,32.844776,-96.847653,29.993401,-90.264673
DAL-PHX,2925,0.22728867064188005,14.237811294282707,0.02358974358974359,31.805555555555557,879.0,0.013016740817187407,-0.5689150380558166,0.3608523470279808,0.30782263131231397,0.028194170275416403,DAL,PHX,32.844776,-96.847653,33.435302,-112.005905
DAL-SAN,1589,0.25,14.52628205128205,0.012586532410320957,23.682051282051283,1182.0,0.41421444369196886,-0.5217738525624991,-0.4611231236675261,-0.477984026423011,-0.2616666397402668,DAL,SAN,32.844776,-96.847653,32.733601,-117.190002
DAL-SAT,2724,0.19583023082650783,12.441176470588236,0.013215859030837005,35.5722433460076,247.0,-0.5426994654399997,-0.8625167062752667,-0.4141103892316653,0.672183656270667,-0.28678572616906617,DAL,SAT,32.844776,-96.847653,29.533701,-98.469803
DAL-STL,1941,0.20534311157674176,12.753797799895233,0.014940752189592994,31.956632653061224,546.0,-0.3746535600447237,-0.8114288933290753,-0.28525529021117096,0.3224366925664567,-0.28722526275462834,DAL,STL,32.844776,-96.847653,38.748697,-90.370003
DAL-TPA,1315,0.29592621060722524,18.248270561106843,0.00988593155893536,29.264935064935067,917.0,1.2255051394862484,0.08646440552217081,-0.6628667437599692,0.06206212832101596,0.1777912323923665,DAL,TPA,32.844776,-96.847653,27.9755,-82.533203
DAL-TUL,1048,0.20986460348162475,13.212765957446809,0.012404580152671756,36.24884792626728,237.0,-0.29478099348545206,-0.7364254396836362,-0.47471554593285614,0.7376332905567479,-0.1920721721362991,DAL,TUL,32.844776,-96.847653,36.197084,-95.886225
DAY-ATL,1396,0.10591672753834916,10.911614317019723,0.017191977077363897,41.61379310344827,432.0,-2.1310296951601813,-1.112474012017337,-0.11708150834033841,1.2565977050107644,-0.5259968776267732,DAY,ATL,39.902401,-84.219398,33.6367,-84.428101
DAY-CLT,1323,0.18041634541249035,22.390902081727063,0.01889644746787604,52.74786324786325,370.0,-0.8149871560003916,0.7634431155148308,0.010247943824305855,2.33362384454392,0.5730819369706662,DAY,CLT,39.902401,-84.219398,35.2140007019043,-80.94309997558594
DAY-DCA,1051,0.30220883534136544,33.80120481927711,0.047573739295908656,48.42857142857143,391.0,1.3364882779725986,2.628086878650167,2.152534414950311,1.9158080652906773,2.0082294092159385,DAY,DCA,39.902401,-84.219398,38.8521,-77.037697
DAY-DFW,1381,0.23214285714285715,21.02157738095238,0.02172338884866039,41.217948717948715,861.0,0.09876638773609416,0.5396714223586067,0.2214296101767963,1.2183066986814826,0.5195435297382449,DAY,DFW,39.902401,-84.219398,32.896801,-97.038002
DAY-ORD,1739,0.27130852340936373,26.876350540216087,0.04025301897642323,43.82743362831859,240.0,0.790631451639315,1.4964441309447145,1.6056529244184765,1.4707286272962818,1.340864283574697,DAY,ORD,39.902401,-84.219398,41.9786,-87.9048
DCA-ALB,1189,0.34532374100719426,28.444244604316548,0.06223717409587889,52.434895833333336,318.0,2.09811701577297,1.752665543743931,3.247940430992153,2.303349732570599,2.3505181807699134,DCA,ALB,38.8521,-77.037697,42.748299,-73.801697
DCA-ATL,6853,0.22700409152901954,18.757690559175632,0.03443747263971983,36.32109479305741,547.0,0.007989624853807742,0.1697125755369252,1.171212799666264,0.7446219086472646,0.5233842271760654,DCA,ATL,38.8521,-77.037697,33.6367,-84.428101
DCA-BDL,1802,0.30971896955503514,22.818501170960186,0.051054384017758046,40.294896030245745,313.0,1.4691554832821079,0.8333203127461541,2.4125498356228157,1.1290175294982692,1.4610107902873368,DCA,BDL,38.8521,-77.037697,41.938555,-72.688016
DCA-BGR,1012,0.3241232731137088,25.70988310308183,0.06719367588932806,40.68524590163934,590.0,1.723608818361094,1.3058228756124597,3.6182071493382146,1.1667770378901932,1.9536039703004904,DCA,BGR,38.8521,-77.037697,44.806364,-68.826668
DCA-BHM,1047,0.295959595959596,24.52929292929293,0.05157593123209169,45.63139931740614,653.0,1.2260948947784025,1.1128937172011024,2.451511099748469,1.6452306895940334,1.6089326003305018,DCA,BHM,38.8521,-77.037697,33.562877,-86.750712
DCA-BNA,4299,0.23510971786833856,17.516517964793827,0.03233310072109793,38.19179487179487,562.0,0.15117625283221126,-0.03311681385975431,1.014009409662946,0.925579353489448,0.5144120505312128,DCA,BNA,38.8521,-77.037697,36.1245,-86.6782
DCA-BOS,9057,0.28868466398621484,23.812062033314188,0.03853373081594347,37.008356545961,399.0,1.097582558478401,0.9956855985669179,1.47721653690149,0.8111024375982913,1.095396782886275,DCA,BOS,38.8521,-77.037697,42.36197,-71.0079
DCA-BTV,1259,0.2803970223325062,24.44251447477254,0.03653693407466243,43.92920353982301,437.0,0.9511806133836066,1.0987125944283067,1.3280493606532322,1.4805730825122585,1.214628912744351,DCA,BTV,38.8521,-77.037697,44.471901,-73.153297
DCA-BUF,1238,0.3495311167945439,26.74850809889173,0.051696284329563816,42.06585365853658,296.0,2.1724406924895048,1.4755524318932096,2.460501865474144,1.3003266404464913,1.8522054075758374,DCA,BUF,38.8521,-77.037697,42.940498,-78.732201
DCA-CAE,1085,0.3346613545816733,23.900398406374503,0.07188940092165899,35.592261904761905,408.0,1.9097649878652396,1.010121312576753,3.9689930000110745,0.6741201009647018,1.8907498503544422,DCA,CAE,38.8521,-77.037697,33.938172,-81.123022
DCA-CHS,1816,0.305365296803653,23.671232876712327,0.034691629955947136,41.70467289719626,444.0,1.39224745736338,0.9726716422709912,1.1901991733920847,1.2653887322049897,1.2051267513078614,DCA,CHS,38.8521,-77.037697,32.896159,-80.038151
DCA-CLE,1611,0.341644204851752,26.055256064690028,0.07759155803848541,41.02564102564103,310.0,2.0331176742579675,1.3622628801969991,4.394962583222243,1.1997043000292185,2.247511859426607,DCA,CLE,38.8521,-77.037697,41.411701,-81.8498
DCA-CLT,2813,0.23252391464311994,27.47718910963944,0.03306078919303235,66.70094936708861,331.0,0.10549780320535114,1.5946317002753216,1.0683700926021764,3.6833403707238053,1.6129599917016635,DCA,CLT,38.8521,-77.037697,35.2140007019043,-80.94309997558594
DCA-CMH,2058,0.2611336032388664,18.758603238866396,0.038872691933916424,38.57170542635659,323.0,0.6108905595510976,0.16986172341952452,1.5025380289595853,0.9623290409478799,0.8114048382195218,DCA,CMH,38.8521,-77.037697,39.998001,-82.891899
DCA-CVG,1023,0.37333333333333335,33.39179487179487,0.04594330400782014,44.675824175824175,411.0,2.5929090168272113,2.561182106472121,2.0307356244416437,1.5527955430193436,2.1844055726900797,DCA,CVG,38.8521,-77.037697,39.048801,-84.667801
DCA-DAL,1735,0.2659198113207547,18.599646226415093,0.019020172910662825,32.51219512195122,1184.0,0.6954393615016873,0.1438853572624256,0.019490634654585243,0.3761776240836026,0.3087482443755752,DCA,DAL,38.8521,-77.037697,32.844776,-96.847653
DCA-DAY,1051,0.3629112662013958,29.52542372881356,0.04471931493815414,44.43131868131868,391.0,2.4088022511417773,1.9293491916449632,1.9392996813102081,1.52914392187575,1.9516487614931748,DCA,DAY,38.8521,-77.037697,39.902401,-84.219398
DCA-DEN,1366,0.23071216617210683,21.18545994065282,0.007320644216691069,27.713826366559484,1476.0,0.07349310135387259,0.566452709398997,-0.8545020069778402,-0.08798045195190811,-0.0756341620442197,DCA,DEN,38.8521,-77.037697,39.860027,-104.673792
DCA-DFW,3328,0.23438970818951993,21.010354565422027,0.03665865384615385,34.957161981258366,1192.0,0.13845721623885715,0.5378374172962673,1.3371422213493638,0.612685314767317,0.6565305424129513,DCA,DFW,38.8521,-77.037697,32.896801,-97.038002
DCA-DTW,2917,0.24571428571428572,22.299285714285713,0.03908124785738773,49.60901162790697,405.0,0.33850691026255897,0.7484713928462954,1.5181178311251797,2.0299949649913085,1.1587727748063357,DCA,DTW,38.8521,-77.037697,42.21377,-83.353786
DCA-FLL,2293,0.3027604630454141,23.824131789848618,0.01875272568687309,40.917647058823526,899.0,1.3462328316363974,0.9976580086564786,-0.0004885381592467557,1.1892577765507697,0.8831650196710998,DCA,FLL,38.8521,-77.037697,26.072599,-80.152702
DCA-GSP,1028,0.3494845360824742,31.986597938144328,0.05544747081712062,46.660766961651916,396.0,2.171617839965729,2.3315482607648,2.7407276312526325,1.7448039674396452,2.247174424855702,DCA,GSP,38.8521,-77.037697,34.895699,-82.218903
DCA-HOU,1056,0.20950533462657614,15.117361784675072,0.019886363636363636,34.36574074074074,1218.0,-0.3011275105513244,-0.425181048345313,0.08419788400752976,0.5554756755921835,-0.02165874982423105,DCA,HOU,38.8521,-77.037697,29.645336,-95.276812
DCA-HPN,1378,0.4012539184952978,33.33620689655172,0.07039187227866474,44.708984375,234.0,3.0861286982147704,2.5520980555291644,3.857122765846415,1.556003211090521,2.7628381826702175,DCA,HPN,38.8521,-77.037697,41.06700134277344,-73.70760345458984
DCA-HSV,1324,0.28685897435897434,22.21073717948718,0.055891238670694864,38.71508379888268,613.0,1.065331584831659,0.7340010078841599,2.7738785255118805,0.9761983854958649,1.387352375930891,DCA,HSV,38.8521,-77.037697,34.636244,-86.774378
DCA-IAH,2951,0.17463617463617465,15.783783783783784,0.01965435445611657,38.59325396825397,1208.0,-0.9170943995313696,-0.3162759953562409,0.06686604768906447,0.9644134846949804,-0.05052271562589136,DCA,IAH,38.8521,-77.037697,29.9844,-95.3414
DCA-IND,2041,0.25383043922369763,18.56741573033708,0.03968642822146007,39.00804828973843,500.0,0.4818795016600316,0.1386183284309424,1.563326762091107,1.0045375651951183,0.7970905393442999,DCA,IND,38.8521,-77.037697,39.7173,-86.294403
DCA-JAX,1453,0.2652482269503546,20.699290780141844,0.028905712319339298,44.37700534759358,634.0,0.6835757623947157,0.4870041343850988,0.7579724083864061,1.5238900587880937,0.8631105909885786,DCA,JAX,38.8521,-77.037697,30.492469,-81.687813
DCA-JFK,2628,0.2400161355385236,17.72851956434046,0.05669710806697108,25.26050420168067,213.0,0.237848568115187,0.001527968970453063,2.834079576416187,-0.32529637200617206,0.6870399353739137,DCA,JFK,38.8521,-77.037697,40.639447,-73.779317
DCA-LAX,1457,0.2634521313766597,20.943396226415093,0.013040494166094716,24.992042440318304,2311.0,0.6518475704008669,0.5268952493195753,-0.4272107119365105,-0.3512653420864817,0.10006669142436254,DCA,LAX,38.8521,-77.037697,33.942501,-118.407997
DCA-LGA,4743,0.3225298221922125,24.74566734188611,0.062196921779464474,22.594556873691555,214.0,1.6954603626160558,1.1482530944432332,3.244933452739005,-0.5831800499083752,1.3763667149724799,DCA,LGA,38.8521,-77.037697,40.777199,-73.872597
DCA-MCI,1933,0.27679052234787294,19.922455573505655,0.0346611484738748,38.63424124513619,949.0,0.8874714624819893,0.36005562509873273,1.1879221080731206,0.9683782853489962,0.8509568702507098,DCA,MCI,38.8521,-77.037697,39.301699,-94.713893
DCA-MCO,4583,0.2732779896791564,23.916760152568994,0.02247436177176522,35.32101806239737,759.0,0.8254222527796138,1.0127951091181155,0.2775297169440884,0.6478820133089891,0.6909072730377017,DCA,MCO,38.8521,-77.037697,28.429399490356445,-81.30899810791016
DCA-MDW,2104,0.2230958230958231,16.44226044226044,0.027566539923954372,41.94493392070485,601.0,-0.06105029319290199,-0.2086693504985142,0.6579318982035675,1.2886297751725104,0.4192105074211654,DCA,MDW,38.8521,-77.037697,41.785999,-87.752403
DCA-MEM,1250,0.26430976430976433,19.723905723905723,0.0472,37.17834394904459,762.0,0.6669977343232762,0.3276090943410866,2.124614880492367,0.8275457394760165,0.9866918621581865,DCA,MEM,38.8521,-77.037697,35.043845,-89.97634
DCA-MHT,1190,0.31266846361185985,22.992812219227314,0.06470588235294118,42.0919540229885,406.0,1.5212585645937184,0.8618057978794497,3.4323609241117943,1.3028513932459123,1.7795691699577185,DCA,MHT,38.8521,-77.037697,42.932598,-71.435699
DCA-MIA,3953,0.250911933298593,21.4794163626889,0.025550215026562104,40.46313603322949,919.0,0.43032382851931417,0.6144903488543765,0.507305905519853,1.1452918010430304,0.6743529709841435,DCA,MIA,38.8521,-77.037697,25.796011,-80.289751
DCA-MKE,1349,0.2317932654659358,18.18794048551292,0.05114899925871016,38.020270270270274,634.0,0.09259081890375506,0.07660541213933249,2.4196179002040012,0.908987354605045,0.8744503714630335,DCA,MKE,38.8521,-77.037697,42.947201,-87.896599
DCA-MSN,1139,0.28862164662349676,24.42645698427382,0.04916593503072871,45.76602564102564,707.0,1.0964693510229915,1.0960885186085205,2.271476587124159,1.6582534268075386,1.5305719708908025,DCA,MSN,38.8521,-77.037697,43.1399,-89.337502
DCA-MSP,2499,0.22959604286892002,22.700741962077494,0.026810724289715888,34.84021543985637,931.0,0.053776681486822256,0.8140763908761188,0.6014700252483307,0.6013727866096671,0.5176739710552347,DCA,MSP,38.8521,-77.037697,44.880081,-93.221741
DCA-MSY,1916,0.25977504017139796,17.954472415640065,0.022964509394572025,35.36494845360825,969.0,0.5868914191536208,0.03845263123659383,0.3141453300044249,0.6521315086903136,0.39790522227123826,DCA,MSY,38.8521,-77.037697,29.993401,-90.264673
DCA-ORD,6847,0.25578581152624413,22.198759643019212,0.03110851467796115,34.87699586043761,612.0,0.5164213315844939,0.7320436681722851,0.9225288706820228,0.6049306476501678,0.6939811295222423,DCA,ORD,38.8521,-77.037697,41.9786,-87.9048
DCA-ORF,1058,0.3626373626373626,27.662337662337663,0.052930056710775046,41.93112947658402,142.0,2.403963719721333,1.6248882238736082,2.5526686536272027,1.287294437154426,1.9672037585941424,DCA,ORF,38.8521,-77.037697,36.895341,-76.201
DCA-PBI,1795,0.2846590909090909,21.99943181818182,0.017270194986072424,36.45109780439122,857.0,1.026470443206326,0.6994700026043037,-0.11123837752342326,0.7571974214299615,0.592974872429292,DCA,PBI,38.8521,-77.037697,26.683201,-80.095596
DCA-PHX,1088,0.18088097469540768,19.09090909090909,0.013786764705882353,48.880829015544045,1979.0,-0.806779437374351,0.22416633292174593,-0.37146188841531,1.9595560601078312,0.25137026680997904,DCA,PHX,38.8521,-77.037697,33.435302,-112.005905
DCA-PIT,1473,0.24946846208362863,17.93834160170092,0.04073319755600815,31.855113636363637,204.0,0.40482477795834254,0.03581657307952665,1.641523817700098,0.3126165070256057,0.5986954189408932,DCA,PIT,38.8521,-77.037697,40.491501,-80.232903
DCA-PNS,1010,0.31568016614745587,28.87227414330218,0.041584158415841586,48.95065789473684,816.0,1.5744605643521024,1.8226130840209054,1.7050933468038507,1.9663107802783946,1.7671194438638134,DCA,PNS,38.8521,-77.037697,30.472718,-87.186639
DCA-PVD,2505,0.27364016736401675,19.407112970711296,0.045109780439121755,36.7737003058104,356.0,0.8318201545892026,0.2758395975067464,1.9684687173956406,0.7884035591855718,0.9661330071692903,DCA,PVD,38.8521,-77.037697,41.725038,-71.425668
DCA-PWM,1203,0.29365768896611644,19.4622067767159,0.040731504571903575,38.37869822485207,482.0,1.1854314979576788,0.284842892521505,1.6413973463106513,0.9436589770411262,1.0138326784577403,DCA,PWM,38.8521,-77.037697,43.646198,-70.309303
DCA-RDU,1982,0.3044172432144758,22.262905800957956,0.05196770938446014,42.24825174825175,227.0,1.3755000043110954,0.7425262763975647,2.480778195139995,1.317970458733615,1.4791937336455678,DCA,RDU,38.8521,-77.037697,35.878659,-78.7873
DCA-ROC,1105,0.30464216634429403,25.670212765957448,0.06153846153846154,46.66031746031746,296.0,1.3794732918973736,1.2993400461554443,3.1957443426049705,1.74476048606395,1.9048295416804346,DCA,ROC,38.8521,-77.037697,43.1189,-77.672401
DCA-SAV,1074,0.33951219512195124,31.2409756097561,0.04283054003724395,50.47701149425287,519.0,1.9954555280834667,2.20970048369328,1.7982020859903138,2.113958738619478,2.029329209096635,DCA,SAV,38.8521,-77.037697,32.126591,-81.19998
DCA-SDF,1019,0.30116648992576883,21.225874867444325,0.07360157016683022,36.809859154929576,474.0,1.3180751512134683,0.5730572178781063,4.09689758152469,0.7919012940814061,1.6949828111744174,DCA,SDF,38.8521,-77.037697,38.1706,-85.735076
DCA-SEA,1094,0.2674743709226468,21.186393289841565,0.016453382084095063,22.101045296167246,2329.0,0.7229007985416138,0.5666052350403977,-0.17225694370604872,-0.630918645252374,0.12158261115589722,DCA,SEA,38.8521,-77.037697,47.447943,-122.310276
DCA-SFO,1092,0.21944444444444444,16.55462962962963,0.010073260073260074,24.11814345991561,2442.0,-0.12555222983252812,-0.19030625275992308,-0.6488726977286882,-0.43579975160582535,-0.3501327329817412,DCA,SFO,38.8521,-77.037697,37.619806,-122.374821
DCA-STL,2426,0.261864406779661,21.23898305084746,0.026380873866446827,39.49190938511327,719.0,0.6238002706999395,0.5751993251465006,0.5693588080560248,1.0513426455352353,0.7049252623594251,DCA,STL,38.8521,-77.037697,38.748697,-90.370003
DCA-SYR,1057,0.32525252525252524,24.04141414141414,0.06149479659413434,41.82298136645963,298.0,1.743557160306019,1.0331657590646,3.1924824300068226,1.2768330030127069,1.811509588097537,DCA,SYR,38.8521,-77.037697,43.11119842529297,-76.1063003540039
DCA-TPA,2243,0.26492194674012853,21.455004591368226,0.025858225590726706,42.161178509532064,814.0,0.6778119927460052,0.6105010368977021,0.5303152910828475,1.3095476490208569,0.782043992436853,DCA,TPA,38.8521,-77.037697,27.9755,-82.533203
DCA-TYS,1022,0.325437693099897,33.608650875386196,0.04892367906066536,56.677215189873415,437.0,1.7468281672048405,2.5966201841371697,2.2533792824578613,2.713719775149599,2.327636852237368,DCA,TYS,38.8521,-77.037697,35.811001,-83.994003
DEN-ABQ,3142,0.2412576195059352,16.62271414821944,0.007001909611712286,35.93617021276596,349.0,0.25977949554032775,-0.17918004727049539,-0.8783125130821254,0.7073872020803511,-0.022581465682985497,DEN,ABQ,39.860027,-104.673792,35.039976,-106.608925
DEN-ASE,2704,0.26290706910246225,27.751787132644957,0.053994082840236685,25.67522658610272,125.0,0.6422189956537208,1.6395058375128468,2.632154847642289,-0.28517925015598145,1.1571751076632186,DEN,ASE,39.860027,-104.673792,39.223202,-106.869003
DEN-ATL,5580,0.22470481380563123,15.807992733878292,0.00913978494623656,27.386418755052546,1199.0,-0.032627325671139816,-0.31231982794823476,-0.7186063095267272,-0.11965139988930475,-0.2958012157588516,DEN,ATL,39.860027,-104.673792,33.6367,-84.428101
DEN-AUS,5134,0.24823390894819466,17.100667189952905,0.0062329567588624854,32.05296442687747,775.0,0.3830162843117175,-0.10107413029013465,-0.9357557787667738,0.3317551032753869,-0.08051463036745103,DEN,AUS,39.860027,-104.673792,30.197535,-97.662015
DEN-BDL,1013,0.2948846539618857,20.19157472417252,0.014807502467917079,33.46938775510204,1671.0,1.2071059464255924,0.40403441842030174,-0.2952094754856876,0.4687692346177906,0.4461750309944993,DEN,BDL,39.860027,-104.673792,41.938555,-72.688016
DEN-BHM,1115,0.28119349005424954,18.741410488245933,0.007174887892376682,25.938906752411576,1083.0,0.9652502882731171,0.16705212616755263,-0.8653904759285428,-0.25967281559004324,0.0018097807305209185,DEN,BHM,39.860027,-104.673792,33.562877,-86.750712
DEN-BIL,1810,0.23440134907251264,15.557054525014053,0.010497237569060774,30.666666666666668,455.0,0.13866285349779817,-0.3533275362320137,-0.6172002072172983,0.19765509262723627,-0.15855244933106938,DEN,BIL,39.860027,-104.673792,45.808932,-108.541242
DEN-BIS,1550,0.25016414970453055,24.621142481943533,0.012258064516129033,30.325459317585302,516.0,0.4171141631820428,1.1279035464261502,-0.4856607379634044,0.16464926194762777,0.3060015583981041,DEN,BIS,39.860027,-104.673792,46.772734,-100.746874
DEN-BNA,3709,0.2681198910081744,17.343051771117167,0.007279590186033971,32.38313008130081,1013.0,0.7343039696809822,-0.06146423492243683,-0.8575688758784774,0.36369284352470443,0.04474092560119311,DEN,BNA,39.860027,-104.673792,36.1245,-86.6782
DEN-BOI,3030,0.24419376244193763,15.99236894492369,0.0026402640264026403,31.360054347826086,649.0,0.31164672808587834,-0.2821895185336623,-1.204141548309276,0.26472819776781953,-0.22748903524731012,DEN,BOI,39.860027,-104.673792,43.5644,-116.223
DEN-BOS,3924,0.28962312854930305,21.170108415074857,0.011213047910295617,24.533868092691623,1754.0,1.1141606205109416,0.5639440006397317,-0.5637268590672998,-0.395585679793804,0.17969802057239237,DEN,BOS,39.860027,-104.673792,42.36197,-71.0079
DEN-BUR,2350,0.27608415629025335,18.685702018033492,0.005106382978723404,35.762052877138416,850.0,0.8749934417005076,0.15794838423145202,-1.0199144846302768,0.6905444016143599,0.17589293572901069,DEN,BUR,39.860027,-104.673792,34.202834,-118.35805
DEN-BWI,3032,0.23985239852398524,13.972156994297215,0.011873350923482849,25.980419580419582,1491.0,0.2349561388314348,-0.6123276139542533,-0.5144000878896956,-0.25565717707594654,-0.28685718502211516,DEN,BWI,39.860027,-104.673792,39.1754,-76.668297
DEN-BZN,2692,0.22841121495327102,14.441495327102803,0.004457652303120356,31.502454991816695,524.0,0.03284658837933346,-0.5356294916348289,-1.0683767647536153,0.27850296421665255,-0.32316417594811453,DEN,BZN,39.860027,-104.673792,45.778853,-111.153711
DEN-CID,1062,0.23596574690770694,19.83444338725024,0.00847457627118644,39.225806451612904,692.0,0.1662980838256009,0.3456728889035752,-0.7682995495153964,1.0256018507073792,0.19231831848028974,DEN,CID,39.860027,-104.673792,41.884701,-91.7108
DEN-CLE,1851,0.25380434782608696,17.589673913043477,0.0037817396002160996,37.04496788008565,1201.0,0.4814185947434379,-0.021161847740314682,-1.1188696302507175,0.8146439424876969,0.03900776481002566,DEN,CLE,39.860027,-104.673792,41.411701,-81.8498
DEN-CLT,2877,0.2081863091037403,16.412844036697248,0.013555787278415016,36.777966101694915,1337.0,-0.3244282166196701,-0.2134765075414872,-0.3887166494633901,0.788816200170759,-0.0344512933634471,DEN,CLT,39.860027,-104.673792,35.2140007019043,-80.94309997558594
DEN-CMH,1752,0.27928447778418924,17.993652625504904,0.007420091324200913,32.553719008264466,1154.0,0.931527412547477,0.044855365295733335,-0.847072986333614,0.38019433229491195,0.12737603095112704,DEN,CMH,39.860027,-104.673792,39.998001,-82.891899
DEN-COS,5155,0.26475814412635734,20.979861796643632,0.016100872938894277,31.690529455630127,73.0,0.6749184046458269,0.5328543636095104,-0.1985905172261828,0.29669587220792804,0.32646953080927066,DEN,COS,39.860027,-104.673792,38.805801,-104.700996
DEN-CPR,2485,0.23764801959983667,20.483870967741936,0.011670020120724347,29.38487972508591,230.0,0.1960155842435197,0.45180075557154775,-0.5295895566346811,0.07366467191956504,0.047972863774987856,DEN,CPR,39.860027,-104.673792,42.907381,-106.461609
DEN-CVG,1521,0.2589880159786951,18.39214380825566,0.009861932938856016,35.7120822622108,1069.0,0.5729885650652323,0.10997581964926646,-0.6646595183158782,0.6857106204554918,0.1760038717135281,DEN,CVG,39.860027,-104.673792,39.048801,-84.667801
DEN-DAL,3027,0.29110512129380056,18.535377358490567,0.013875123885034688,29.203703703703702,651.0,1.140340157401719,0.13338269607142497,-0.3648611718890441,0.05613906732445337,0.2412501872271383,DEN,DAL,39.860027,-104.673792,32.844776,-96.847653
DEN-DCA,1368,0.20311341734618235,15.800593031875463,0.006578947368421052,19.642335766423358,1476.0,-0.41404131182745946,-0.3135290691494544,-0.9099091609466975,-0.8687556984329458,-0.6265588100891393,DEN,DCA,39.860027,-104.673792,38.8521,-77.037697
DEN-DFW,6051,0.2673217008300864,23.68287311536507,0.020823004462072386,39.85678073510773,641.0,0.7202038674431696,0.9745738615989511,0.15416798373845,1.0866375535440476,0.7338958165811545,DEN,DFW,39.860027,-104.673792,32.896801,-97.038002
DEN-DRO,2170,0.2156586966713549,16.59353023909986,0.013364055299539171,35.176086956521736,251.0,-0.19242780925270933,-0.18394921031335254,-0.40303964854193036,0.6338624690242061,-0.03638854977094652,DEN,DRO,39.860027,-104.673792,37.151501,-107.753998
DEN-DSM,2270,0.22518914107699153,16.655095683133066,0.007488986784140969,36.42885375494071,589.0,-0.024071640284106653,-0.17388833604194606,-0.8419262725979988,0.7550456995172626,-0.0712101373516972,DEN,DSM,39.860027,-104.673792,41.534027,-93.656719
DEN-DTW,3037,0.23699038780245277,16.141862777593637,0.003951267698386566,34.58601398601399,1123.0,0.1843984586104266,-0.25775960206896853,-1.106205332890836,0.5767832513413886,-0.1506958062519973,DEN,DTW,39.860027,-104.673792,42.21377,-83.353786
DEN-EGE,1200,0.2218487394957983,14.61344537815126,0.0075,28.571969696969695,120.0,-0.08308013863846932,-0.5075298348918782,-0.8411035497453712,-0.004970125419930072,-0.35917091217391217,DEN,EGE,39.860027,-104.673792,39.64260101,-106.9179993
DEN-ELP,1833,0.25068568294020843,15.900713110257817,0.00436442989634479,38.11597374179431,563.0,0.4263270953194569,-0.2971676908394902,-1.0753407801159685,0.9182449880794633,-0.006984096889134622,DEN,ELP,39.860027,-104.673792,31.809908,-106.375607
DEN-EUG,1191,0.25063078216989065,16.108494533221194,0.0016792611251049538,33.422818791946305,996.0,0.4253572682084924,-0.2632125589437317,-1.2759315738984573,0.46426450364707345,-0.1623805902466558,DEN,EUG,39.860027,-104.673792,44.124599,-123.211998
DEN-EWR,3206,0.2795149968091895,25.26419910657307,0.017779164067373673,25.192922374429223,1605.0,0.9355995521321189,1.232990287070841,-0.07321674062578391,-0.33183372928550764,0.44088484232291714,DEN,EWR,39.860027,-104.673792,40.6894,-74.170545
DEN-FAR,1442,0.2579058327477161,24.27969079409698,0.009708737864077669,35.32970027247956,627.0,0.5538716996668118,1.0721043468080849,-0.6761036859907343,0.6487218649612737,0.399648556361359,DEN,FAR,39.860027,-104.673792,46.9207,-96.815804
DEN-FAT,1454,0.18952446588559613,12.52997932460372,0.0020632737276478678,27.632727272727273,844.0,-0.654091377787817,-0.8480047610887758,-1.2472445902005964,-0.09582536785568996,-0.7112915242332197,DEN,FAT,39.860027,-104.673792,36.775767,-119.718018
DEN-FCA,1078,0.2050561797752809,13.136704119850187,0.0074211502782931356,27.200913242009133,752.0,-0.37972223646663744,-0.7488552791321912,-0.8469938790371888,-0.13759580691960216,-0.528291800388905,DEN,FCA,39.860027,-104.673792,48.310501,-114.255997
DEN-FLL,1666,0.23847087378640777,15.445388349514563,0.005402160864345739,26.87531806615776,1703.0,0.21055137843890412,-0.3715757494904646,-0.997818919727332,-0.16909143347389743,-0.33198368106319753,DEN,FLL,39.860027,-104.673792,26.072599,-80.152702
DEN-FSD,1836,0.20718232044198895,16.52099447513812,0.011437908496732025,30.442666666666668,483.0,-0.3421637678265377,-0.19580282743346705,-0.5469290458323245,0.17598701867707855,-0.2272271556038127,DEN,FSD,39.860027,-104.673792,43.585463,-96.741152
DEN-GEG,2048,0.26142506142506144,15.821621621621622,0.00439453125,28.469924812030076,836.0,0.6160391949718459,-0.31009262845023716,-1.0730921116194858,-0.014841179496300663,-0.19549668114854443,DEN,GEG,39.860027,-104.673792,47.6199,-117.533997
DEN-GJT,2174,0.220457730032695,17.20317608594115,0.013799448022079117,35.853813559322035,212.0,-0.10765244757179042,-0.08432237725019658,-0.3705144036646481,0.6994206393253937,0.03423285270968965,DEN,GJT,39.860027,-104.673792,39.126663,-108.529387
DEN-GRR,1237,0.29024390243902437,17.85040650406504,0.0032336297493936943,28.07282913165266,1015.0,1.1251266478461839,0.0214464345180109,-1.159815209252704,-0.05325322667355968,-0.016623838390517228,DEN,GRR,39.860027,-104.673792,42.880798,-85.522797
DEN-HDN,1405,0.26274228284278534,19.987796123474517,0.0056939501779359435,27.0,141.0,0.6393080313589746,0.37073341794802506,-0.9760213140582921,-0.15703064167594064,-0.030752626606808227,DEN,HDN,39.860027,-104.673792,40.481201,-107.218002
DEN-HOU,2359,0.2662671232876712,17.314640410958905,0.00423908435777872,31.617363344051448,883.0,0.7015746590490326,-0.06610714990373301,-1.0847044973420004,0.2896183332957302,-0.03990466372524264,DEN,HOU,39.860027,-104.673792,29.645336,-95.276812
DEN-IAD,3618,0.22368053616308295,14.928790840547332,0.007462686567164179,28.82646691635456,1452.0,-0.05072128357279145,-0.4559968507796513,-0.8438909838878556,0.019648019980698143,-0.3327402745649001,DEN,IAD,39.860027,-104.673792,38.9445,-77.455803
DEN-IAH,4588,0.23262442446831835,16.781626836220127,0.0034873583260680036,26.749293119698397,861.0,0.1072733184272961,-0.15321092450669616,-1.1408608637584727,-0.18128213820356778,-0.3420201520103602,DEN,IAH,39.860027,-104.673792,29.9844,-95.3414
DEN-ICT,2101,0.2407318247472316,18.894559460760714,0.009043312708234174,41.792,420.0,0.25049128321029684,0.19207935664501388,-0.7258130977949881,1.2738360988184025,0.2476484102196813,DEN,ICT,39.860027,-104.673792,37.650314,-97.428583
DEN-IDA,1775,0.22158766419189035,17.02512849800114,0.009014084507042254,26.989690721649485,458.0,-0.0876920576747171,-0.11341847855705013,-0.7279965389777985,-0.15802788366554657,-0.27178373971877806,DEN,IDA,39.860027,-104.673792,43.514599,-112.070999
DEN-IND,2580,0.25663026521060844,17.632215288611544,0.004651162790697674,34.545592705167174,976.0,0.5313386828768337,-0.014209840203551758,-1.0539209053215663,0.5728732008835812,0.009020284558824199,DEN,IND,39.860027,-104.673792,39.7173,-86.294403
DEN-JAC,1632,0.2006269592476489,13.397492163009405,0.013480392156862746,26.865625,406.0,-0.4579648207377542,-0.7062379350211694,-0.394348908947964,-0.17002906773421034,-0.4321451831102745,DEN,JAC,39.860027,-104.673792,43.6073,-110.737999
DEN-JFK,1551,0.22533333333333333,21.786666666666665,0.027724049000644745,28.600591715976332,1626.0,-0.02152447093507965,0.6647004419790911,0.6696983357771285,-0.0022014467394005093,0.32766821502043486,DEN,JFK,39.860027,-104.673792,40.639447,-73.779317
DEN-LAS,7125,0.25516265912305514,17.865346534653465,0.006736842105263158,35.189578713968956,628.0,0.5054132875920827,0.023887897772625344,-0.8981139133121843,0.6351675600870809,0.06658870803490116,DEN,LAS,39.860027,-104.673792,36.083361,-115.151817
DEN-LAX,7744,0.21418366021561241,15.16807377581504,0.005165289256198347,28.403274711946633,862.0,-0.2184844626686779,-0.41689381879757015,-1.0155139951399963,-0.021288408502521443,-0.41804517127719143,DEN,LAX,39.860027,-104.673792,33.942501,-118.407997
DEN-LGA,4618,0.29483146067415733,22.00179775280899,0.028367258553486357,20.69969512195122,1620.0,1.206166282150179,0.6998566378538683,0.7177481701692529,-0.7664747131317458,0.46432409426038856,DEN,LGA,39.860027,-104.673792,40.777199,-73.872597
DEN-LGB,1005,0.27627627627627627,15.005005005005005,0.004975124378109453,29.80072463768116,854.0,0.8783872587621748,-0.44354211844806346,-1.0297199267201511,0.11389037869595238,-0.12024610192752185,DEN,LGB,39.860027,-104.673792,33.816523,-118.149891
DEN-LIT,1564,0.248868778280543,19.548157724628314,0.00959079283887468,26.89090909090909,771.0,0.3942313089255334,0.29888878618855313,-0.6849145609277459,-0.16758327509322526,-0.03984443522672116,DEN,LIT,39.860027,-104.673792,34.729222,-92.223591
DEN-LNK,1601,0.26886493341788203,28.241597970830693,0.009993753903810118,39.15094339622642,423.0,0.7474652117468115,1.7195495265846084,-0.6548120657905355,1.018360162224124,0.7076407086912522,DEN,LNK,39.860027,-104.673792,40.844882,-96.76178
DEN-MAF,1448,0.2657784011220196,24.874474053295934,0.008977900552486187,36.44854881266491,563.0,0.6929413374538214,1.1693023721534466,-0.7306995974389021,0.7569508511566402,0.4721237408312515,DEN,MAF,39.860027,-104.673792,31.942499,-102.202003
DEN-MCI,4217,0.25513126491646776,17.283532219570407,0.005216978894949016,37.233863423760525,533.0,0.5048587060716518,-0.07119077444807505,-1.0116526119083795,0.8329162755644934,0.06373289881992267,DEN,MCI,39.860027,-104.673792,39.301699,-94.713893
DEN-MCO,4603,0.2421978021978022,16.577362637362636,0.0071692374538344554,26.523593466424682,1547.0,0.27638790847432526,-0.1865912802423965,-0.8658125819669207,-0.20311462381812048,-0.2447826443882781,DEN,MCO,39.860027,-104.673792,28.429399490356445,-81.30899810791016
DEN-MDW,2441,0.27364016736401675,17.501255230125523,0.016796394920114706,32.3394495412844,895.0,0.8318201545892026,-0.03561101262575082,-0.14663277520248275,0.35946751686730083,0.25226097090706745,DEN,MDW,39.860027,-104.673792,41.785999,-87.752403
DEN-MEM,1253,0.27324171382376716,20.34276475343573,0.010375099760574621,43.02662721893491,872.0,0.8247814364882163,0.4287415231832757,-0.626324296629294,1.3932646429289348,0.5051158264927832,DEN,MEM,39.860027,-104.673792,35.043845,-89.97634
DEN-MIA,2569,0.27852084972462626,20.837136113296616,0.0070066173608407945,23.555084745762713,1709.0,0.918037853283177,0.5095304815519003,-0.8779608289925699,-0.49026581346540443,0.014835423094275768,DEN,MIA,39.860027,-104.673792,25.796011,-80.289751
DEN-MKE,2349,0.2763496143958869,20.44087403598972,0.004682843763303533,35.17054263565891,896.0,0.8796827833286583,0.4447743021574868,-1.0515542341793735,0.6333261531560852,0.22655725111571418,DEN,MKE,39.860027,-104.673792,42.947201,-87.896599
DEN-MOT,1188,0.2446535500427716,21.766467065868262,0.011784511784511785,23.678321678321677,604.0,0.3197689179566768,0.661399472625963,-0.5210366589670996,-0.4783448002150552,-0.004553267149878748,DEN,MOT,39.860027,-104.673792,48.25801,-101.279123
DEN-MSN,1031,0.2130987292277615,13.605083088954057,0.005819592628516004,28.426605504587155,826.0,-0.23764986744265412,-0.6723139336822446,-0.9666354165442991,-0.019031563233545462,-0.4739076952256858,DEN,MSN,39.860027,-104.673792,43.1399,-89.337502
DEN-MSO,1223,0.20957095709570958,15.171617161716172,0.004088307440719542,31.830708661417322,679.0,-0.29996828365367495,-0.41631476734092615,-1.0959680208124496,0.3102557534457464,-0.3754988295903261,DEN,MSO,39.860027,-104.673792,46.915816,-114.091107
DEN-MSP,5802,0.24687282835302293,17.55663655316192,0.00672182006204757,35.24771287825475,680.0,0.358972671557931,-0.026560732280939154,-0.8992361085369777,0.6407910215637561,0.01849171307594258,DEN,MSP,39.860027,-104.673792,44.880081,-93.221741
DEN-MSY,2237,0.2512359550561798,15.874606741573034,0.004023245417970496,33.96601073345259,1062.0,0.43604770239633084,-0.30143392975232763,-1.1008283643886558,0.5168088034581804,-0.11235144707161807,DEN,MSY,39.860027,-104.673792,29.993401,-90.264673
DEN-MTJ,1395,0.24874191229331416,17.424155283968368,0.0014336917562724014,33.23410404624278,197.0,0.39199020969939097,-0.04821049723599677,-1.2942764001717202,0.4460096596051571,-0.1261217570257922,DEN,MTJ,39.860027,-104.673792,38.5098,-107.893997
DEN-OAK,1675,0.3343355381840048,21.178592904389657,0.007164179104477612,35.25179856115108,957.0,1.9040094115076276,0.5653305151300235,-0.866190457027731,0.6411862397741778,0.5610839273460245,DEN,OAK,39.860027,-104.673792,37.720085,-122.221184
DEN-OKC,3199,0.25733207190160834,18.638284452853988,0.00718974679587371,30.66421568627451,495.0,0.5437361620314674,0.15019952171581902,-0.8642804677684857,0.19741800323264846,0.006768304802862279,DEN,OKC,39.860027,-104.673792,35.393388,-97.598248
DEN-OMA,3258,0.24938195302843016,16.536773794808404,0.005831798649478207,35.15365551425031,472.0,0.4032965876143861,-0.19322420961004283,-0.9657235872917179,0.6316926201405189,-0.03098964728671394,DEN,OMA,39.860027,-104.673792,41.3032,-95.894096
DEN-ONT,2747,0.2662028560966679,17.15049432442329,0.005824535857298871,35.334250343878956,819.0,0.7004393732630628,-0.09293150185492664,-0.966266141362782,0.6491620046200262,0.0726009336663451,DEN,ONT,39.860027,-104.673792,34.056,-117.600998
DEN-ORD,6160,0.301101792468344,27.045222825193225,0.008928571428571428,36.321135991261606,888.0,1.316932264731951,1.5240408266846772,-0.7343846425759671,0.7446258938514392,0.712803585673025,DEN,ORD,39.860027,-104.673792,41.9786,-87.9048
DEN-PDX,4373,0.2756794104099493,17.102487333026254,0.006402927052366796,31.801169590643276,991.0,0.8678435688390165,-0.10077668696125913,-0.9230584479849439,0.3073983660798939,0.037851699993176835,DEN,PDX,39.860027,-104.673792,45.588699,-122.598
DEN-PHL,2966,0.28835616438356165,22.019178082191782,0.013149022252191504,31.76603325415677,1558.0,1.0917795830602042,0.7026968887683519,-0.4191033128147052,0.303999541359683,0.4198431750933835,DEN,PHL,39.860027,-104.673792,39.871899,-75.241096
DEN-PHX,8861,0.26246719160104987,18.740728061166266,0.0097054508520483,34.11826086956522,602.0,0.6344485195036819,0.16694060560344803,-0.6763492364228731,0.5315363356376892,0.1641440560804865,DEN,PHX,39.860027,-104.673792,33.435302,-112.005905
DEN-PIT,1752,0.2971264367816092,19.221264367816094,0.006278538812785388,32.70986460348163,1290.0,1.2467072442375882,0.24546867341763132,-0.9323506518799415,0.3952986818670407,0.23878098691057964,DEN,PIT,39.860027,-104.673792,40.491501,-80.232903
DEN-PSP,2049,0.2192723697148476,15.048672566371682,0.004392386530014641,31.228699551569505,776.0,-0.12859194561263385,-0.4364060723828049,-1.073252329140601,0.2520219234865897,-0.3465571059123625,DEN,PSP,39.860027,-104.673792,33.8297,-116.507004
DEN-RAP,2919,0.23101045296167247,18.16724738675958,0.012332990750256937,27.96681749622926,301.0,0.07876236467547747,0.0732237965575319,-0.48006350588629026,-0.06350799433396764,-0.09789633474681213,DEN,RAP,39.860027,-104.673792,44.0452995300293,-103.05699920654295
DEN-RDU,1786,0.2708803611738149,17.63995485327314,0.007278835386338186,31.420833333333334,1436.0,0.7830679267284097,-0.01294505947795955,-0.8576252618575437,0.27060749934186695,0.04577627618369336,DEN,RDU,39.860027,-104.673792,35.878659,-78.7873
DEN-RNO,2660,0.24517593643586832,16.077941732879303,0.0030075187969924814,36.81327160493827,804.0,0.3289969211976461,-0.26820542284175464,-1.1767064288702074,0.7922313888097081,-0.08092088542615195,DEN,RNO,39.860027,-104.673792,39.4991,-119.767998
DEN-RSW,1092,0.22263109475620976,14.401103955841766,0.0018315018315018315,24.5,1607.0,-0.06925976166450516,-0.5422301507267672,-1.2645587006290961,-0.39886182415537935,-0.568727609293937,DEN,RSW,39.860027,-104.673792,26.534685,-81.752816
DEN-SAF,1530,0.21286472148541113,17.54840848806366,0.011764705882352941,19.246105919003114,303.0,-0.24178363553722454,-0.027905342552991673,-0.5225162239308268,-0.9070839914470598,-0.4248222983670257,DEN,SAF,39.860027,-104.673792,35.6171,-106.088997
DEN-SAN,5751,0.25210822206605765,15.840829234012649,0.007476960528603721,27.013937282229964,853.0,0.45145637861859406,-0.3069537674161838,-0.8428246727917913,-0.1556824538990519,-0.21350112887210823,DEN,SAN,39.860027,-104.673792,32.733601,-117.190002
DEN-SAT,3007,0.24857811977249916,16.115088658414184,0.0036581310276022614,35.92866756393001,794.0,0.3890967998922036,-0.26213496313429024,-1.1281035905010008,0.7066614523044612,-0.07362007535965659,DEN,SAT,39.860027,-104.673792,29.533701,-98.469803
DEN-SBA,1124,0.22743682310469315,14.54332129963899,0.0071174377224199285,31.00793650793651,916.0,0.015633867574437688,-0.5189893402749572,-0.8696821894766795,0.23066696833077877,-0.2855926734616051,DEN,SBA,39.860027,-104.673792,34.426201,-119.839996
DEN-SDF,1108,0.26958105646630237,21.36976320582878,0.007220216606498195,42.104729729729726,1024.0,0.7601155906599774,0.5965710981780153,-0.862004274344433,1.3040872189532084,0.449692408361692,DEN,SDF,39.860027,-104.673792,38.1706,-85.735076
DEN-SEA,6349,0.281086231538828,18.782277274892806,0.007875255945818239,31.524293785310736,1024.0,0.9633555568233486,0.17373047647895168,-0.8130707166327906,0.2806154847184878,0.15115770034699938,DEN,SEA,39.860027,-104.673792,47.447943,-122.310276
DEN-SFO,5434,0.28737971872686896,19.27498149518875,0.005336768494663232,28.07598197037991,967.0,1.0745305815477892,0.25424699497778985,-1.0027039412881464,-0.0529482447865286,0.06828134761272603,DEN,SFO,39.860027,-104.673792,37.619806,-122.374821
DEN-SGF,1265,0.23820943245403678,20.409272581934452,0.007905138339920948,25.466442953020135,637.0,0.20593299347649927,0.43961006983468937,-0.810838405123218,-0.30537540730426743,-0.11766768727907422,DEN,SGF,39.860027,-104.673792,37.245047,-93.388596
DEN-SGU,1076,0.2011225444340505,17.796071094480823,0.0018587360594795538,16.846511627906978,517.0,-0.4492102632555428,0.012567074791191594,-1.2625242156959267,-1.1392026814017355,-0.7095925213905033,DEN,SGU,39.860027,-104.673792,37.036389,-113.510306
DEN-SJC,2741,0.2455111762550385,16.355441553682667,0.004377964246625319,36.44328358208955,948.0,0.33491896315487485,-0.22285708090606407,-1.0743297203661382,0.7564415323822136,-0.05145657643377846,DEN,SJC,39.860027,-104.673792,37.362452,-121.929188
DEN-SLC,7740,0.2365717258421121,16.61230329041488,0.005426356589147287,31.237493128092357,391.0,0.17700275692686704,-0.18088136418737968,-0.9960114208110371,0.2528725478900875,-0.18675437004536555,DEN,SLC,39.860027,-104.673792,40.78886,-111.979866
DEN-SMF,3873,0.26141078838174275,16.980809128630707,0.0038729666924864447,36.4781746031746,909.0,0.6157870603608684,-0.12066104149192419,-1.112054671336784,0.7598166271369788,0.035721993667284735,DEN,SMF,39.860027,-104.673792,38.6954,-121.591003
DEN-SNA,3727,0.20183982683982685,10.963474025974026,0.004829621679635095,23.4142091152815,846.0,-0.43653940418902676,-1.1039992252317572,-1.0405894490001193,-0.5038930615861276,-0.7712552850017577,DEN,SNA,39.860027,-104.673792,33.675063,-117.869281
DEN-STL,3670,0.22115648122773363,15.366675801589476,0.004087193460490463,36.24659231722429,770.0,-0.09530894403177088,-0.3844387615371123,-1.0960512387393084,0.7374150999159168,-0.20959596109806872,DEN,STL,39.860027,-104.673792,38.748697,-90.370003
DEN-TPA,3083,0.2511415525114155,17.001630789302023,0.0035679532922478106,27.325974025974027,1506.0,0.4343800728398327,-0.11725841663595767,-1.1348401590586277,-0.12549836801238776,-0.23580421771678511,DEN,TPA,39.860027,-104.673792,27.9755,-82.533203
DEN-TUL,2432,0.26061615320566195,17.964196502914238,0.010279605263157895,33.41054313099041,541.0,0.601749757557493,0.04004171779328076,-0.6334580445127971,0.46307704860520127,0.11785261986079451,DEN,TUL,39.860027,-104.673792,36.197084,-95.886225
DEN-TUS,2851,0.22813822284908322,14.831805359661494,0.004209049456331112,30.964451313755795,639.0,0.028024157980122193,-0.47184598083413476,-1.0869482016436012,0.22646053795915067,-0.32607737163461575,DEN,TUS,39.860027,-104.673792,32.115004,-110.938053
DEN-XNA,1235,0.21615008156606852,16.061990212071777,0.006477732793522267,28.324528301886794,616.0,-0.18374745030595369,-0.2708121813538135,-0.9174702171226674,-0.028905743486834116,-0.35023389806731714,DEN,XNA,39.860027,-104.673792,36.281898,-94.306801
DEN-XWA,1497,0.23066392881587952,21.779603011635867,0.012692050768203072,30.382789317507417,582.0,0.07264098406007675,0.6635461167520511,-0.4532405609798835,0.17019493461671217,0.11328536861223915,DEN,XWA,39.860027,-104.673792,48.260863,-103.75116
DFW-ABI,1746,0.21908127208480566,12.492932862190813,0.026345933562428408,26.830645161290324,158.0,-0.13196770266272606,-0.8540588033585857,0.5667486543133161,-0.17341275403745088,-0.14817265143636166,DFW,ABI,32.896801,-97.038002,32.4113006592,-99.6819000244
DFW-ABQ,2334,0.33466666666666667,23.83111111111111,0.033419023136246784,34.02921646746348,569.0,1.9098588263307568,0.998798552265387,1.0951313270537582,0.5229228504163137,1.1316778890165538,DFW,ABQ,32.896801,-97.038002,35.039976,-106.608925
DFW-ACT,1074,0.22731707317073171,16.41170731707317,0.0446927374301676,25.07296137339056,90.0,0.013518474077774803,-0.21366226748197467,1.9373142554848812,-0.34343785357854656,0.3484331521255337,DFW,ACT,32.896801,-97.038002,31.611299514770508,-97.23049926757812
DFW-AEX,1047,0.18127490039840638,14.46215139442231,0.038204393505253106,14.456043956043956,285.0,-0.7998207039310393,-0.5322539276393645,1.4526139743806,-1.3704385309079377,-0.3124747970244354,DFW,AEX,32.896801,-97.038002,31.325828,-92.546702
DFW-AMA,2420,0.1876595744680851,12.562553191489362,0.024380165289256198,28.439909297052154,312.0,-0.6870348546322854,-0.8426816194398142,0.41989940501045875,-0.017744654488236755,-0.2818904308874694,DFW,AMA,32.896801,-97.038002,35.217857,-101.706444
DFW-ASE,1186,0.3138755980861244,25.451674641148326,0.046374367622259695,3.926829268292683,701.0,1.5425827050920267,1.263627080355545,2.0629374709390818,-2.3889555063154435,0.6200479375178026,DFW,ASE,32.896801,-97.038002,39.223202,-106.869003
DFW-ATL,6725,0.2560956908449624,20.691305014568318,0.027360594795539032,37.0562874251497,731.0,0.5218953779900484,0.4856991201086999,0.6425471308746241,0.815738910074884,0.6164701347620641,DFW,ATL,32.896801,-97.038002,33.6367,-84.428101
DFW-AUS,4787,0.3218390804597701,23.959661678594664,0.03530394819302277,34.870619946091644,190.0,1.6832583469627296,1.0198059715617118,1.2359413265625103,0.6043138896878988,1.1358298836937126,DFW,AUS,32.896801,-97.038002,30.197535,-97.662015
DFW-BHM,2194,0.26487252124645894,23.62275731822474,0.033272561531449404,42.32976827094474,597.0,0.6769388868960121,0.9647498850768615,1.0841901713693807,1.3258557535633984,1.0129336742264132,DFW,BHM,32.896801,-97.038002,33.562877,-86.750712
DFW-BNA,3491,0.3331353919239905,26.721496437054633,0.03322830134631911,38.1301247771836,631.0,1.882808718450911,1.4711382521878182,1.080883792357626,0.9196138527280635,1.3386111539311045,DFW,BNA,32.896801,-97.038002,36.1245,-86.6782
DFW-BOS,3834,0.33899218539477227,27.165184586364862,0.028690662493479395,30.63751987281399,1562.0,1.9862695088625286,1.5436446842622067,0.7419074907044885,0.19483565117808518,1.1166643337518272,DFW,BOS,32.896801,-97.038002,42.36197,-71.0079
DFW-BRO,1498,0.18344827586206897,10.710344827586207,0.029372496662216287,20.026315789473685,482.0,-0.761427828298064,-1.1453649796641974,0.7928427088553406,-0.8316123612238486,-0.4863906150826924,DFW,BRO,32.896801,-97.038002,25.907238,-97.425235
DFW-BTR,2103,0.24081429990069514,22.516881827209534,0.04041844983357109,49.38556701030928,383.0,0.25194821431248215,0.7840304173681123,1.6180111446193186,2.0083806145543823,1.165592597713574,DFW,BTR,32.896801,-97.038002,30.533199,-91.149597
DFW-BWI,1383,0.3398203592814371,22.7874251497006,0.028922631959508314,30.279735682819382,1217.0,2.000899276044872,0.8282419453655888,0.759236360242382,0.1602263016825476,0.9371509708338476,DFW,BWI,32.896801,-97.038002,39.1754,-76.668297
DFW-CHA,1625,0.2689393939393939,22.175505050505052,0.024615384615384615,40.1924882629108,695.0,0.7487805636451691,0.7282434595456476,0.43747104961114264,1.1191113729103934,0.7584016114280883,DFW,CHA,32.896801,-97.038002,35.035301,-85.203796
DFW-CHS,1235,0.3112033195020747,23.36597510373444,0.02348178137651822,34.64,987.0,1.4953766603706105,0.9227871636884345,0.35278722044027955,0.5820054519812242,0.8382391241201371,DFW,CHS,32.896801,-97.038002,32.896159,-80.038151
DFW-CID,1164,0.29333333333333333,23.611555555555555,0.029209621993127148,40.77878787878788,685.0,1.1797017261448917,0.9629193204215979,0.7806754441718007,1.1758255846683117,1.0247805188516503,DFW,CID,32.896801,-97.038002,41.884701,-91.7108
DFW-CLE,1657,0.32898820608317814,24.032898820608317,0.02715751357875679,35.97924528301887,1021.0,1.8095483026252797,1.0317742061674606,0.6273763070094805,0.7115539601502097,1.0450631939881077,DFW,CLE,32.896801,-97.038002,41.411701,-81.8498
DFW-CLL,1214,0.16197783461210571,10.098891730605285,0.030477759472817133,19.352631578947367,164.0,-1.1407051296557449,-1.2452871491245376,0.875409416352955,-0.8967795009235713,-0.6018405908377247,DFW,CLL,32.896801,-97.038002,30.5886,-96.3638
DFW-CLT,3837,0.2894947874899759,21.522587543437584,0.023195204586916863,31.026777469990765,935.0,1.1118934640017542,0.6215452776132171,0.3313790071758185,0.23248950118383113,0.5743268124936552,DFW,CLT,32.896801,-97.038002,35.2140007019043,-80.94309997558594
DFW-CMH,1731,0.3073257891602144,21.50268016676593,0.027151935297515885,36.33139534883721,926.0,1.4268797335086247,0.6182920628120859,0.6269595913549415,0.7456183068810345,0.8544374236391716,DFW,CMH,32.896801,-97.038002,39.998001,-82.891899
DFW-COS,1951,0.3008474576271186,23.115466101694917,0.02972834443874936,23.81338028169014,592.0,1.312439416583273,0.8818495953340872,0.8194256889365309,-0.4652802475124084,0.6371086133353706,DFW,COS,32.896801,-97.038002,38.805801,-104.700996
DFW-COU,1158,0.1989342806394316,12.149200710479574,0.024179620034542316,20.46875,490.0,-0.48786614261168754,-0.9102306708032762,0.40491802571570606,-0.7888146059034743,-0.44549834840068303,DFW,COU,32.896801,-97.038002,38.8181,-92.219597
DFW-CRP,2393,0.19500645716745588,12.974601808006888,0.027998328458002507,26.880794701986755,355.0,-0.5572515022005531,-0.7753456424223528,0.6901878985408947,-0.16856166494648345,-0.20274272775712365,DFW,CRP,32.896801,-97.038002,27.770399,-97.501198
DFW-CVG,1782,0.3267441860465116,25.673837209302327,0.03198653198653199,39.57473309608541,812.0,1.7699074841721005,1.2999323438212744,0.9881196040345737,1.0593543879199268,1.279328454986969,DFW,CVG,32.896801,-97.038002,39.048801,-84.667801
DFW-DAY,1376,0.2554144884241972,23.672890216579535,0.023982558139534885,50.698830409356724,861.0,0.5098618751468497,0.9729424806981448,0.39019686465975867,2.1354158308338262,1.0021042628346448,DFW,DAY,32.896801,-97.038002,39.902401,-84.219398
DFW-DCA,3328,0.2862511744440965,19.316003758221107,0.034555288461538464,26.00656455142232,1192.0,1.0545947439443903,0.2609507528598007,1.180014022692489,-0.2531281093745536,0.5606078525305316,DFW,DCA,32.896801,-97.038002,38.8521,-77.037697
DFW-DEN,6047,0.326811840762164,25.918849948962233,0.023813461220439886,35.23217074440396,641.0,1.7711026108897132,1.3399717264217084,0.3775647777716867,0.6392875925207997,1.031981676900977,DFW,DEN,32.896801,-97.038002,39.860027,-104.673792
DFW-DRO,1250,0.2419753086419753,19.30617283950617,0.024,16.833333333333332,674.0,0.27245753953402013,0.2593442081703798,0.39149982806124556,-1.1404774504256583,-0.05429396866500319,DFW,DRO,32.896801,-97.038002,37.151501,-107.753998
DFW-DSM,1375,0.346969696969697,31.15909090909091,0.03854545454545454,50.157205240174676,624.0,2.127192977852356,2.1963190862051065,1.47809233742245,2.083023088784258,1.9711568725660427,DFW,DSM,32.896801,-97.038002,41.534027,-93.656719
DFW-DTW,3653,0.24979044425817268,20.601005867560772,0.019162332329592115,35.93400447427293,986.0,0.41051262241503494,0.4709426543814625,0.03011040313696516,0.7071777048400671,0.40468584619338244,DFW,DTW,32.896801,-97.038002,42.21377,-83.353786
DFW-ECP,1282,0.29392712550607286,23.212145748987854,0.0343213728549142,42.269972451790636,685.0,1.1901911189907117,0.8976487468109049,1.162539770156322,1.3200715561020528,1.1426127980149978,DFW,ECP,32.896801,-97.038002,30.357106,-85.795414
DFW-ELP,2659,0.34305717619603265,27.232983274990275,0.03159082361790147,40.70181405895691,551.0,2.0580779418237505,1.5547241801180085,0.9585589087739482,1.1683797167204386,1.4349351868590365,DFW,ELP,32.896801,-97.038002,31.809908,-106.375607
DFW-EWR,3442,0.3278438548337908,31.140896614821592,0.03834979662986636,27.04093023255814,1372.0,1.7893332335160845,2.1933458191398705,1.46347605817102,-0.15307135906046335,1.3232709379416279,DFW,EWR,32.896801,-97.038002,40.6894,-74.170545
DFW-FAR,1086,0.16104868913857678,9.870786516853933,0.011970534069981584,23.790697674418606,967.0,-1.1571185691219394,-1.2825635451977444,-0.5071401924569552,-0.4674743922076851,-0.853574174746081,DFW,FAR,32.896801,-97.038002,46.9207,-96.815804
DFW-FAT,1406,0.36430138990490124,25.81272860277981,0.02702702702702703,34.100401606425706,1313.0,2.4333589130510798,1.3226296356072915,0.6176285394688477,0.5298087649483932,1.225856463268903,DFW,FAT,32.896801,-97.038002,36.775767,-119.718018
DFW-FLL,2924,0.2980085348506401,21.791251778093883,0.035909712722298225,27.41766109785203,1119.0,1.262289587015729,0.6654497296730895,1.2811938965588956,-0.11662925080825391,0.773075990609865,DFW,FLL,32.896801,-97.038002,26.072599,-80.152702
DFW-FSD,1086,0.3241706161137441,27.334597156398104,0.026703499079189688,42.599415204678365,737.0,1.724445136771252,1.5713296720644707,0.5934599551464751,1.3519393682981014,1.3102935330700747,DFW,FSD,32.896801,-97.038002,43.585463,-96.741152
DFW-FSM,1167,0.17736185383244207,10.679144385026738,0.03513281919451585,26.527638190954775,227.0,-0.8689450281285415,-1.1504636796692478,1.2231574367685532,-0.20272336761175408,-0.24974365966024753,DFW,FSM,32.896801,-97.038002,35.336601,-94.367401
DFW-FWA,1036,0.22111553784860558,14.900398406374501,0.02895752895752896,25.08108108108108,859.0,-0.09603221255538251,-0.46063667292270233,0.7618432788869612,-0.34265241417367204,-0.0343695051911989,DFW,FWA,32.896801,-97.038002,40.978896,-85.194465
DFW-GPT,1067,0.1783625730994152,15.78167641325536,0.03655107778819119,42.256830601092894,500.0,-0.851267231078383,-0.3166203766932505,1.3291059418090065,1.3188003123843715,0.37000466160543616,DFW,GPT,32.896801,-97.038002,30.405582,-89.069836
DFW-GRK,1782,0.23054245283018868,15.902712264150944,0.04601571268237935,24.524296675191817,134.0,0.07049509970231273,-0.296840994000317,2.0361447866746243,-0.396511546678597,0.35332183642450576,DFW,GRK,32.896801,-97.038002,31.0672,-97.828903
DFW-GRR,1045,0.3353174603174603,26.705357142857142,0.03349282296650718,40.414201183431956,931.0,1.921355155481148,1.4685008082076756,1.100644413118032,1.140558212006634,1.4077646472033725,DFW,GRR,32.896801,-97.038002,42.880798,-85.522797
DFW-GSP,1166,0.3230633802816901,23.235915492957748,0.02144082332761578,36.55040871934605,862.0,1.70488571489171,0.9015331402283491,0.20032105165005232,0.7668040118286185,0.8933859796496825,DFW,GSP,32.896801,-97.038002,34.895699,-82.218903
DFW-HOU,2132,0.24334975369458128,16.564532019704433,0.0450281425891182,25.52834008097166,247.0,0.2967372366463327,-0.18868802839569562,1.962370105900413,-0.2993879450464281,0.44275784227615556,DFW,HOU,32.896801,-97.038002,29.645336,-95.276812
DFW-HRL,1555,0.16942422236929186,11.367968232958306,0.02765273311897106,28.421875,461.0,-1.009164011309457,-1.0378977713417128,0.6643708087079018,-0.019489156640759866,-0.35054503264600695,DFW,HRL,32.896801,-97.038002,26.228500366210938,-97.65440368652344
DFW-HSV,2075,0.2541270635317659,21.518259129564782,0.03325301204819277,42.66732283464567,603.0,0.4871193970944774,0.620837938805665,1.0827297617271683,1.3585082412798488,0.8872988347267898,DFW,HSV,32.896801,-97.038002,34.636244,-86.774378
DFW-IAD,1890,0.23197831978319783,18.26612466124661,0.022222222222222223,36.0,1172.0,0.09585982028284198,0.08938207889488983,0.25869407691709834,0.7135616152500388,0.2893743978362172,DFW,IAD,32.896801,-97.038002,38.9445,-77.455803
DFW-IAH,5732,0.30880491773639485,25.767853914301213,0.03314724354501047,34.69847775175644,224.0,1.453008674605059,1.3152963237821031,1.0748285123763772,0.587662149523624,1.1076989150717906,DFW,IAH,32.896801,-97.038002,29.9844,-95.3414
DFW-ICT,2542,0.26181668721742707,21.476366625565145,0.040912667191188044,37.94505494505494,328.0,0.6229573002842251,0.6139919682734388,1.654930780035641,0.9017115901900853,0.9483979096958476,DFW,ICT,32.896801,-97.038002,37.650314,-97.428583
DFW-IND,2050,0.3148893360160966,22.54527162977867,0.026829268292682926,35.22683706070288,761.0,1.5604904780105,0.7886698094609247,0.6028553222601627,0.6387716521062381,0.8976968154594563,DFW,IND,32.896801,-97.038002,39.7173,-86.294403
DFW-JAN,1899,0.23464912280701755,19.04111842105263,0.036334913112164295,32.17289719626168,408.0,0.1430397990983222,0.21602966344455088,1.3129577412130538,0.34335649665067347,0.50384592510165,DFW,JAN,32.896801,-97.038002,32.311199,-90.075897
DFW-JAX,1829,0.3756345177664975,27.124647490129725,0.028977583378895572,31.315315315315317,917.0,2.6335596495541136,1.5370202111514524,0.763341409039473,0.2604004805137934,1.2985804375647079,DFW,JAX,32.896801,-97.038002,30.492469,-81.687813
DFW-JFK,2068,0.2271592611083375,17.87518721917124,0.027079303675048357,24.417582417582416,1391.0,0.010730709613610953,0.025496038365658717,0.6215337741919686,-0.40683428072063577,0.06273156036265065,DFW,JFK,32.896801,-97.038002,40.639447,-73.779317
DFW-LAS,5386,0.3090630388963403,22.89097528262119,0.028406981062012625,37.35275883446993,1055.0,1.4575684084189875,0.8451638547980878,0.7207155700592184,0.8444173226697871,0.9669662889865203,DFW,LAS,32.896801,-97.038002,36.083361,-115.151817
DFW-LAW,1073,0.2810327706057597,30.19761668321748,0.05405405405405406,50.37809187279152,140.0,0.9624111645686138,2.0391973200323004,2.636634891322438,2.104389999008111,1.9356583437328658,DFW,LAW,32.896801,-97.038002,34.567699,-98.416603
DFW-LAX,6384,0.28747597693786037,20.37860345932095,0.021146616541353382,27.06518105849582,1235.0,1.076230991617303,0.4345981968355703,0.1783428529518305,-0.15072551669541834,0.38461163117732133,DFW,LAX,32.896801,-97.038002,33.942501,-118.407997
DFW-LBB,2690,0.2296153846153846,18.38269230769231,0.030483271375464683,33.31323283082077,282.0,0.05411835520080086,0.10843127854609966,0.8758211733118345,0.45366398262222013,0.3730086974202388,DFW,LBB,32.896801,-97.038002,33.663601,-101.822998
DFW-LCH,1048,0.19242273180458624,14.819541375872383,0.03435114503816794,15.89119170984456,295.0,-0.6028932461996555,-0.47385013106656493,1.1647638485589427,-1.2316131395742136,-0.28589816707037286,DFW,LCH,32.896801,-97.038002,30.126100540161133,-93.22329711914062
DFW-LEX,1200,0.2645547945205479,21.133561643835616,0.025833333333333333,44.29126213592233,785.0,0.6713262153272362,0.55797161667925,0.5284557589286474,1.5155959058808763,0.8183373742040025,DFW,LEX,32.896801,-97.038002,38.035066,-84.606738
DFW-LFT,1682,0.25766871165644173,22.28159509202454,0.03032104637336504,34.838095238095235,351.0,0.5496829339797681,0.7455804346286203,0.8637024408540949,0.6011676942500708,0.6900333759281385,DFW,LFT,32.896801,-97.038002,30.205299,-91.987602
DFW-LGA,6898,0.3347120098039216,26.75229779411765,0.04537547115105828,28.303890160183066,1389.0,1.9106598169826448,1.476171734617224,1.9883166730916892,-0.0309021219717904,1.336061525679942,DFW,LGA,32.896801,-97.038002,40.777199,-73.872597
DFW-LIT,2721,0.25808907499048345,20.557289684050247,0.033443586916574786,37.557522123893804,304.0,0.557108690584809,0.46379866260438857,1.0969663209085456,0.864224582033689,0.745524564032858,DFW,LIT,32.896801,-97.038002,34.729222,-92.223591
DFW-LRD,1563,0.19601328903654486,10.8578073089701,0.03582853486884197,20.277966101694915,396.0,-0.5394657254769549,-1.1212670216578722,1.2751296482938492,-0.8072696041935367,-0.29821817575862863,DFW,LRD,32.896801,-97.038002,27.5438,-99.461601
DFW-MAF,2927,0.21156558533145275,14.535260930888576,0.02869832593098736,21.733333333333334,309.0,-0.26473299409176165,-0.5203065460200397,0.7424799742776963,-0.6664883327659581,-0.17726197465001578,DFW,MAF,32.896801,-97.038002,31.942499,-102.202003
DFW-MCI,2543,0.34472934472934474,27.13838013838014,0.03185214313802595,39.11806375442739,460.0,2.087616951355328,1.5392643669377137,0.9780803223007506,1.0151796331618204,1.4050353184389033,DFW,MCI,32.896801,-97.038002,39.301699,-94.713893
DFW-MCO,4860,0.37712585034013607,28.20514455782313,0.028189300411522632,33.029312288613305,985.0,2.65990417537784,1.7135923989979878,0.7044541212666665,0.42619964644132596,1.376037585520955,DFW,MCO,32.896801,-97.038002,28.429399490356445,-81.30899810791016
DFW-MEM,2433,0.32016985138004245,22.963906581740975,0.032059186189889025,32.774535809018566,431.0,1.6537712631466037,0.857082109306229,0.9935471080630424,0.40155448750998823,0.9764887420064658,DFW,MEM,32.896801,-97.038002,35.043845,-89.97634
DFW-MFE,2438,0.2894736842105263,22.96816638370119,0.03240360951599672,40.16862170087977,469.0,1.1115206726470608,0.8577782357228545,1.0192766447391475,1.1168027013433202,1.0263445636130957,DFW,MFE,32.896801,-97.038002,26.176141,-98.237965
DFW-MGM,1067,0.267258382642998,24.467455621301774,0.04873477038425492,40.74907749077491,622.0,0.7190853458978435,1.1027884155866825,2.2392671932069232,1.1729516253622716,1.3085231450134303,DFW,MGM,32.896801,-97.038002,32.300598,-86.393997
DFW-MHK,1089,0.20285714285714285,13.141904761904762,0.031221303948576674,14.553990610328638,431.0,-0.4185684240315409,-0.7480054029286922,0.930954594072389,-1.36096390881771,-0.39914578542638846,DFW,MHK,32.896801,-97.038002,39.14099884033203,-96.6707992553711
DFW-MIA,4836,0.3198724760892667,24.326673751328375,0.024607113316790736,27.004651162790697,1121.0,1.6485181015341908,1.0797821867559132,0.43685315684837517,-0.15658072319690916,0.7521431804853925,DFW,MIA,32.896801,-97.038002,25.796011,-80.289751
DFW-MKE,1090,0.3491912464319695,28.59467174119886,0.03486238532110092,45.73024523160763,853.0,2.1664368515610426,1.7772479785000952,1.2029551515658519,1.6547922993198765,1.7003580702367165,DFW,MKE,32.896801,-97.038002,42.947201,-87.896599
DFW-MLU,1041,0.18045862412761715,12.57826520438684,0.03266090297790586,24.359116022099446,293.0,-0.8142402986446683,-0.8401140007245659,1.0384972986928909,-0.4124898797426186,-0.2570867201047405,DFW,MLU,32.896801,-97.038002,32.510899,-92.037697
DFW-MOB,1130,0.21475256769374415,15.663865546218487,0.047787610619469026,31.77391304347826,539.0,-0.20843466022093465,-0.33587274041248333,2.1685112946979768,0.30476177286740486,0.4822414167329909,DFW,MOB,32.896801,-97.038002,30.6912,-88.242798
DFW-MSN,1093,0.3849056603773585,35.10377358490566,0.023787740164684355,46.6764705882353,821.0,2.7973352286869178,2.84094948017354,0.37564333169865516,1.746323018073995,1.940062764658277,DFW,MSN,32.896801,-97.038002,43.1399,-89.337502
DFW-MSP,3253,0.26517067003792666,21.52275600505689,0.02490009222256379,37.08581644815256,852.0,0.6822057124686409,0.6215728071989778,0.4587396289018268,0.8185953254949823,0.645278368516107,DFW,MSP,32.896801,-97.038002,44.880081,-93.221741
DFW-MSY,2837,0.3362734288864388,25.547225284821756,0.03842086711314769,37.59781420765027,448.0,1.9382424273729426,1.2792417328224686,1.4687852531864694,0.8681221349374441,1.3885978870798312,DFW,MSY,32.896801,-97.038002,29.993401,-90.264673
DFW-OKC,3154,0.2870279146141215,21.067651888341544,0.03138871274571972,35.49771167048055,175.0,1.0683159298349556,0.5472008056553364,0.9434605727895442,0.6649740229807144,0.8059878328151375,DFW,OKC,32.896801,-97.038002,35.393388,-97.598248
DFW-OMA,1616,0.322663252240717,24.547375160051217,0.0327970297029703,38.426587301587304,583.0,1.6978174165828395,1.11584867112148,1.0486664054276895,0.9482914058630181,1.2026559747487569,DFW,OMA,32.896801,-97.038002,41.3032,-95.894096
DFW-ONT,2379,0.3233766233766234,22.31038961038961,0.02816309373686423,33.366800535475235,1188.0,1.7104191827106545,0.7502859643868469,0.7024963978906043,0.4588457191659393,0.9055118160385112,DFW,ONT,32.896801,-97.038002,34.056,-117.600998
DFW-ORD,6798,0.3191845428267154,27.012779552715656,0.029714621947631657,36.484270734032414,802.0,1.6363656977574355,1.5187390264544418,0.8184005744575247,0.7604063209505365,1.1834779049049846,DFW,ORD,32.896801,-97.038002,41.9786,-87.9048
DFW-ORF,1022,0.3575757575757576,25.314141414141414,0.025440313111545987,36.79661016949152,1212.0,2.3145500050261485,1.2411517368119978,0.4990958769334117,0.7906196869553512,1.2113543264317275,DFW,ORF,32.896801,-97.038002,36.895341,-76.201
DFW-PBI,1136,0.3666061705989111,26.272232304900182,0.028169014084507043,34.98019801980198,1102.0,2.474073074053562,1.3977206066361916,0.7029386670119571,0.6149136477435748,1.2974114988613215,DFW,PBI,32.896801,-97.038002,26.683201,-80.095596
DFW-PDX,2427,0.36072482090181207,25.005478297513697,0.021013597033374538,31.996495327102803,1616.0,2.3701784956661545,1.1907107652998463,0.1684058653852306,0.3262927076065637,1.0138969584894488,DFW,PDX,32.896801,-97.038002,45.588699,-122.598
DFW-PHL,3362,0.31226765799256506,25.25092936802974,0.0380725758477097,34.4375,1303.0,1.5141782968020454,1.2308217788566087,1.4427667689295356,0.5624171262003895,1.1875459926971448,DFW,PHL,32.896801,-97.038002,39.871899,-75.241096
DFW-PHX,5107,0.2995585874799358,22.422953451043337,0.0225181123947523,34.48292029470864,868.0,1.2896714079740035,0.7686808718890644,0.2807980300153017,0.5668107436315717,0.7264902633774853,DFW,PHX,32.896801,-97.038002,33.435302,-112.005905
DFW-PIA,1057,0.24215686274509804,21.676470588235293,0.03405865657521287,42.526315789473685,672.0,0.2756647093113493,0.6466924683875728,1.142914014170586,1.3448682810911,0.8525348682401519,DFW,PIA,32.896801,-97.038002,40.663841,-89.692631
DFW-PIT,1493,0.3017711171662125,22.350817438692097,0.016075016744809108,34.46049661399549,1067.0,1.32875594651772,0.7568925811993229,-0.20052205856961328,0.5646416455426104,0.6124420286725101,DFW,PIT,32.896801,-97.038002,40.491501,-80.232903
DFW-PNS,1767,0.33881385789782736,28.24603640634175,0.03395585738539898,41.61005199306759,604.0,1.9831193373773828,1.7202748448591654,1.1352345821341991,1.256235818151906,1.5237161456306634,DFW,PNS,32.896801,-97.038002,30.472718,-87.186639
DFW-PSP,1015,0.308868501529052,22.14780835881753,0.027586206896551724,38.006600660066006,1126.0,1.454131888096963,0.7237173339377213,0.6594010846796114,0.9076650594051526,0.9362288415298621,DFW,PSP,32.896801,-97.038002,33.8297,-116.507004
DFW-RDU,2278,0.30198915009041594,20.731012658227847,0.027216856892010536,32.214071856287426,1061.0,1.3326075179938832,0.4921880461084354,0.6318094444862565,0.34733942333955947,0.7009861079820336,DFW,RDU,32.896801,-97.038002,35.878659,-78.7873
DFW-RIC,1081,0.3123209169054441,22.69914040114613,0.025901942645698426,34.14067278287462,1158.0,1.5151191203517265,0.8138146677062227,0.5335810965147202,0.5337042954365846,0.8490547950023135,DFW,RIC,32.896801,-97.038002,37.505199,-77.319702
DFW-RNO,1283,0.29159935379644586,21.992730210016155,0.029618082618862042,30.49584487534626,1345.0,1.1490708196021002,0.6983748421903773,0.8111887742919119,0.18113107831192832,0.7099413785990794,DFW,RNO,32.896801,-97.038002,39.4991,-119.767998
DFW-RSW,1359,0.3632901751713633,27.854531607006855,0.03164091243561442,34.939203354297696,1017.0,2.415495712627565,1.6562960881943698,0.9623007054953616,0.6109481323698747,1.4112601596717926,DFW,RSW,32.896801,-97.038002,26.534685,-81.752816
DFW-SAF,1761,0.24808485562757807,17.17913965822039,0.030664395229982964,10.985748218527316,551.0,0.3803832438192702,-0.08825035147388399,0.8893517111833852,-1.7061288196107396,-0.13116105402049205,DFW,SAF,32.896801,-97.038002,35.6171,-106.088997
DFW-SAN,3467,0.35900509439616424,25.201078813305365,0.031150850879723104,31.717863105175294,1171.0,2.3397993702191404,1.2226753231407805,0.9256915219120403,0.2993399237243225,1.196876534749071,DFW,SAN,32.896801,-97.038002,32.733601,-117.190002
DFW-SAT,4434,0.3299765807962529,27.39274004683841,0.03585926928281461,41.37047551454933,247.0,1.827008032005821,1.5808312409994816,1.2774256084440057,1.2330609929141731,1.4795814685908704,DFW,SAT,32.896801,-97.038002,29.533701,-98.469803
DFW-SAV,1066,0.3535645472061657,29.197495183044317,0.024390243902439025,37.915531335149865,925.0,2.243691608291551,1.8757599108268146,0.4206523100197169,0.8988556983923227,1.3597398818826014,DFW,SAV,32.896801,-97.038002,32.126591,-81.19998
DFW-SDF,2038,0.3070264765784114,26.264256619144604,0.03532875368007851,42.565505804311776,733.0,1.421592349473663,1.396417239578986,1.2377943766917856,1.348659228142973,1.3511157984718518,DFW,SDF,32.896801,-97.038002,38.1706,-85.735076
DFW-SEA,5233,0.3112284820031299,20.830985915492956,0.021784827059048346,25.33752357008171,1660.0,1.4958211582448984,0.5085254312705522,0.22601924324652878,-0.3178460980324749,0.4781299336823761,DFW,SEA,32.896801,-97.038002,47.447943,-122.310276
DFW-SFO,4036,0.3224251648909183,24.295027904616944,0.02205153617443013,32.5177025963808,1464.0,1.6936115818509052,1.0746106998938323,0.24594327697449253,0.3767103757051147,0.8477189836060862,DFW,SFO,32.896801,-97.038002,37.619806,-122.374821
DFW-SGF,3033,0.2025701724721001,11.791342576936083,0.021101219914276294,24.37729549248748,364.0,-0.4236377820359449,-0.9687109716460562,0.17495157805023986,-0.4107313346143033,-0.40703212756151613,DFW,SGF,32.896801,-97.038002,37.245047,-93.388596
DFW-SHV,2124,0.2557796360059026,21.80619773733399,0.04143126177024482,24.303846153846155,190.0,0.5163122404548636,0.6678921617734599,1.6936714727542828,-0.417836270780689,0.6150099010504793,DFW,SHV,32.896801,-97.038002,32.444747,-93.826741
DFW-SJC,1226,0.2826086956521739,20.04180602006689,0.02365415986949429,28.86390532544379,1438.0,0.9902500241331311,0.3795595831379397,0.3656644515132201,0.023269529876777117,0.439685897165267,DFW,SJC,32.896801,-97.038002,37.362452,-121.929188
DFW-SJT,1078,0.2145631067961165,21.73106796116505,0.039888682745825604,16.86425339366516,229.0,-0.21178150424376715,0.6556146375235428,1.5784358293583576,-1.1374864765247057,0.22119562152835687,DFW,SJT,32.896801,-97.038002,31.35770034790039,-100.49600219726562
DFW-SJU,1016,0.3114256825075834,21.770475227502526,0.023622047244094488,20.288961038961038,2165.0,1.499304723127647,0.6620544765960482,0.363265534510915,-0.8062060367213951,0.42960467437830374,DFW,SJU,32.896801,-97.038002,18.4394,-66.001801
DFW-SLC,3850,0.3030625832223702,22.914780292942744,0.022857142857142857,36.755711775043935,989.0,1.3515698120956043,0.8490540113564568,0.30612470232572225,0.7866634841190429,0.8233530024742065,DFW,SLC,32.896801,-97.038002,40.78886,-111.979866
DFW-SMF,1695,0.34282253179890976,25.89763779527559,0.024188790560471976,36.47173144876325,1431.0,2.0539329271646025,1.3365052881523447,0.4056030936694735,0.759193364876901,1.1388086684658305,DFW,SMF,32.896801,-97.038002,38.6954,-121.591003
DFW-SNA,2898,0.23363148479427548,15.159212880143112,0.030020703933747412,26.59877488514548,1205.0,0.12506313086229015,-0.418341844694033,0.8412658890012845,-0.1958421392622274,0.08803625897682857,DFW,SNA,32.896801,-97.038002,33.675063,-117.869281
DFW-STL,2366,0.306282722513089,24.209424083769633,0.029585798816568046,39.62820512820513,550.0,1.4084538661288102,1.0606215328826716,0.80877706982185,1.064526869822763,1.0855948346640236,DFW,STL,32.896801,-97.038002,38.748697,-90.370003
DFW-TLH,1080,0.27507163323782235,25.13849092645654,0.026851851851851852,45.58680555555556,767.0,0.8571071297045152,1.2124473637653976,0.6045423871883151,1.64091702473022,1.078753476347112,DFW,TLH,32.896801,-97.038002,30.401209,-84.35433
DFW-TPA,2865,0.33032164799421754,24.3371882905674,0.032460732984293195,35.7582056892779,929.0,1.8331036755050576,1.0815004470392071,1.0235439526163757,0.6901722536185484,1.1570800821947973,DFW,TPA,32.896801,-97.038002,27.9755,-82.533203
DFW-TUL,2933,0.2821238938053097,21.327079646017697,0.034776679168087285,36.54579673776662,237.0,0.9816859553265724,0.5895958552400496,1.1965526246747356,0.7663578834450477,0.8835480796716013,DFW,TUL,32.896801,-97.038002,36.197084,-95.886225
DFW-TUS,2196,0.31636020744931637,24.416784535596417,0.033242258652094715,39.10283159463487,813.0,1.5864735559240317,1.0945078707050067,1.0819264482512077,1.013706188676084,1.1941535158890826,DFW,TUS,32.896801,-97.038002,32.115004,-110.938053
DFW-TYR,1077,0.240234375,17.41015625,0.04735376044568245,21.589430894308943,102.0,0.2417037880910998,-0.05049818512469177,2.1361012832027453,-0.6804083715623357,0.4117246286517044,DFW,TYR,32.896801,-97.038002,32.35409927368164,-95.40239715576172
DFW-TYS,1653,0.30571249215317015,25.246704331450093,0.034482758620689655,46.04106776180698,772.0,1.3983806948537383,1.230131333713437,1.1745958089457,1.6848589313276199,1.3719916922101236,DFW,TYS,32.896801,-97.038002,35.811001,-83.994003
DFW-VPS,1384,0.3130630630630631,25.536786786786788,0.03395953757225433,40.12230215827338,641.0,1.528229199860464,1.2775358990067407,1.1355095039977667,1.112322097439156,1.2633991750760318,DFW,VPS,32.896801,-97.038002,30.481315,-86.515839
DFW-XNA,3515,0.22493384298735666,17.52984416348133,0.029018492176386912,35.06797385620915,280.0,-0.028581504303722485,-0.03093907906686599,0.7663974285527962,0.6234044214681618,0.3325703166625924,DFW,XNA,32.896801,-97.038002,36.281898,-94.306801
DLH-MSP,1089,0.17293233082706766,19.711466165413533,0.02295684113865932,0.0,144.0,-0.9471929556965437,0.32557625212014485,0.31357248648079533,-2.768807412453879,-0.7692129073873706,DLH,MSP,46.841873,-92.198746,44.880081,-93.221741
DLH-ORD,1131,0.292772186642269,31.257090576395242,0.03183023872679045,31.334375,397.0,1.1697890187079623,2.212333952123344,0.9764439919202813,0.2622441709477864,1.1552027834248435,DLH,ORD,46.841873,-92.198746,41.9786,-87.9048
DRO-DEN,2171,0.2255039849976559,22.244725738396625,0.014739751266697375,27.584199584199585,251.0,-0.018509893732733176,0.7395553350432361,-0.30027070939319445,-0.10051957117554786,0.08006379018544016,DRO,DEN,37.151501,-107.753998,39.860027,-104.673792
DRO-DFW,1248,0.22148209825145712,24.218984179850125,0.03125,20.090225563909776,674.0,-0.08955688963306686,1.0621838203996188,0.933098281945971,-0.825430210694299,0.270073750504556,DRO,DFW,37.151501,-107.753998,32.896801,-97.038002
DSM-ATL,1228,0.1212624584717608,14.20265780730897,0.014657980456026058,39.73972602739726,743.0,-1.8599459597108496,-0.5746597349096805,-0.3063792534804338,1.0753145621918843,-0.41641759647726995,DSM,ATL,41.534027,-93.656719,33.6367,-84.428101
DSM-DEN,2270,0.18165627782724844,16.924755120213714,0.008370044052863436,19.11764705882353,589.0,-0.7930836368942734,-0.12982125043620707,-0.7761084443877936,-0.9195101346699357,-0.6546308665970524,DSM,DEN,41.534027,-93.656719,39.860027,-104.673792
DSM-DFW,1376,0.2887700534759358,29.6707410236822,0.038517441860465115,64.1931216931217,624.0,1.0990909715961674,1.9530965885182112,1.4759996992321833,3.4407519979837735,1.9922348143325839,DSM,DFW,41.534027,-93.656719,32.896801,-97.038002
DSM-ORD,3197,0.26783398184176394,25.62029831387808,0.03346887707225524,25.159806295399516,299.0,0.7292533582004299,1.29118314849016,1.098855577351999,-0.33503712950584225,0.6960637386341867,DSM,ORD,41.534027,-93.656719,41.9786,-87.9048
DSM-PHX,1106,0.18198529411764705,22.029411764705884,0.014466546112115732,26.8989898989899,1149.0,-0.7872715341399663,0.7043692521326499,-0.3206800182641952,-0.1668015985437967,-0.14259597470382707,DSM,PHX,41.534027,-93.656719,33.435302,-112.005905
DTW-ALB,1105,0.24954128440366974,23.655963302752294,0.011764705882352941,7.838235294117647,489.0,0.4061111908784237,0.9701763258446697,-0.5225162239308268,-2.010595528562462,-0.28920605894254886,DTW,ALB,42.21377,-83.353786,42.748299,-73.801697
DTW-ATL,4969,0.22235797189981674,17.66951740989615,0.00905614811833367,25.847985347985347,594.0,-0.07408450181333773,-0.00811401878628444,-0.7248542511377656,-0.26846786788807775,-0.2688801599063664,DTW,ATL,42.21377,-83.353786,33.6367,-84.428101
DTW-ATW,1054,0.24661508704061896,24.818181818181817,0.013282732447817837,1.1490196078431372,296.0,0.3544196477854395,1.1601032327850354,-0.40911472864645054,-2.6576599042711724,-0.388062938086787,DTW,ATW,42.21377,-83.353786,44.258515,-88.519
DTW-AUS,1342,0.23684210526315788,15.03233082706767,0.007451564828614009,10.657142857142857,1149.0,0.18177903404027138,-0.43907659944706334,-0.8447218137365843,-1.7379156288558146,-0.7099837519997977,DTW,AUS,42.21377,-83.353786,30.197535,-97.662015
DTW-BDL,1312,0.17560217560217561,12.906759906759907,0.01524390243902439,18.238938053097346,549.0,-0.9000299044318855,-0.7864321999790709,-0.26260898588195536,-1.0045098298339736,-0.7383952300317214,DTW,BDL,42.21377,-83.353786,41.938555,-72.688016
DTW-BNA,2421,0.20906801007556675,12.989084802686818,0.012391573729863693,19.018072289156628,456.0,-0.308852888599835,-0.772978866857969,-0.47568716779263787,-0.9291422483874016,-0.6216652929094608,DTW,BNA,42.21377,-83.353786,36.1245,-86.6782
DTW-BOS,2690,0.26100151745068284,19.866843702579665,0.01970260223048327,18.280523255813954,632.0,0.6085572520653907,0.35096766918173666,0.07047031251670366,-1.0004871903353318,0.007377010857124777,DTW,BOS,42.21377,-83.353786,42.36197,-71.0079
DTW-BWI,2264,0.1840929401251117,13.571492403932082,0.010159010600706713,19.546116504854368,409.0,-0.7500397753408846,-0.6778032412638519,-0.6424668559238744,-0.8780632255539567,-0.737093274520642,DTW,BWI,42.21377,-83.353786,39.1754,-76.668297
DTW-CLT,3648,0.16657366071428573,14.343191964285714,0.01644736842105263,33.87269681742043,500.0,-1.0595194427268837,-0.551693986730905,-0.17270618378963012,0.5077823175958428,-0.319034323912894,DTW,CLT,42.21377,-83.353786,35.2140007019043,-80.94309997558594
DTW-CMH,1382,0.1902332361516035,19.54737609329446,0.00723589001447178,10.203065134099617,155.0,-0.641570886446061,0.2987610539078884,-0.8608334200650403,-1.7818396899362616,-0.7463707356348686,DTW,CMH,42.21377,-83.353786,39.998001,-82.891899
DTW-DCA,2915,0.3159971305595409,26.671090387374463,0.03876500857632933,24.180476730987515,405.0,1.5800597695776695,1.462901018845086,1.4944937337901663,-0.4297701001453734,1.0269211055168872,DTW,DCA,42.21377,-83.353786,38.8521,-77.037697
DTW-DEN,3037,0.23353293413173654,16.592814371257486,0.004280540006585446,16.45868945868946,1123.0,0.12332222442727005,-0.18406619568510066,-1.0816076262663437,-1.1767176789111808,-0.5797673191088388,DTW,DEN,42.21377,-83.353786,39.860027,-104.673792
DTW-DFW,3657,0.26484660849985925,22.022797635800732,0.022149302707136997,30.317747077577046,986.0,0.6764811358658086,0.703288387365497,0.2532467532442456,0.163903237899323,0.4492298785937186,DTW,DFW,42.21377,-83.353786,32.896801,-97.038002
DTW-EWR,3590,0.2804949911608721,24.94578668238067,0.053481894150417826,12.065126050420169,488.0,0.9529112416649359,1.1809561075638175,2.5938926955728903,-1.601717932639243,0.7815105280406001,DTW,EWR,42.21377,-83.353786,40.6894,-74.170545
DTW-FLL,2833,0.2629496402877698,18.894244604316548,0.015531238969290505,16.450068399452803,1127.0,0.6429710195218408,0.19202790357506455,-0.24114401753206166,-1.177551615290951,-0.14592417743152686,DTW,FLL,42.21377,-83.353786,26.072599,-80.152702
DTW-GRR,1492,0.27826675693974273,28.945836154366962,0.00938337801608579,0.7737226277372263,120.0,0.9135492810818372,1.8346344079323416,-0.7004091191808821,-2.6939633092631623,-0.16154718485746644,DTW,GRR,42.21377,-83.353786,42.880798,-85.522797
DTW-IAD,1093,0.2789620018535681,26.100092678405932,0.010978956999085087,3.870431893687708,383.0,0.9258308458446852,1.3695899699376015,-0.5812142074231742,-2.394410963831226,-0.17005108886802844,DTW,IAD,42.21377,-83.353786,38.9445,-77.455803
DTW-IAH,2122,0.20602294455066922,14.338432122370937,0.0117813383600377,11.556844547563806,1075.0,-0.3626442486047171,-0.5524718284537796,-0.5212737240414008,-1.6508852593865153,-0.7718187651216033,DTW,IAH,42.21377,-83.353786,29.9844,-95.3414
DTW-JFK,1172,0.20087719298245615,18.401754385964914,0.025597269624573378,10.231441048034934,509.0,-0.4535444190077006,0.11154635675050505,0.5108210362137942,-1.7790948176078965,-0.40256796091282443,DTW,JFK,42.21377,-83.353786,40.639447,-73.779317
DTW-LAS,3066,0.20930232558139536,12.867671143137898,0.0029354207436399216,10.303599374021909,1749.0,-0.3047136838353736,-0.7928199901168899,-1.1820923866941861,-1.7721147642882296,-1.0129352062336698,DTW,LAS,42.21377,-83.353786,36.083361,-115.151817
DTW-LAX,2671,0.20166163141993956,14.293051359516616,0.007487832272557095,13.777153558052435,1979.0,-0.4396872425209131,-0.559887841715563,-0.8420125183481806,-1.4361092779960283,-0.8194242201451712,DTW,LAX,42.21377,-83.353786,33.942501,-118.407997
DTW-LGA,4038,0.2545027407987471,20.539545810493344,0.049281822684497274,14.523076923076923,502.0,0.493755770252495,0.46089900219022106,2.280133769759384,-1.3639542662348625,0.4677085689918094,DTW,LGA,42.21377,-83.353786,40.777199,-73.872597
DTW-MBS,1177,0.2082616179001721,19.401893287435456,0.0118946474086661,0.0,98.0,-0.3230978798675459,0.27498660963344423,-0.5128091715519815,-2.768807412453879,-0.8324319635599905,DTW,MBS,42.21377,-83.353786,43.533181,-84.083104
DTW-MCI,1369,0.18952802359882007,13.45353982300885,0.008035062089116142,22.618677042801558,629.0,-0.6540285304594892,-0.6970787635197536,-0.801132680752594,-0.5808468463013848,-0.6832717052583054,DTW,MCI,42.21377,-83.353786,39.301699,-94.713893
DTW-MCO,3858,0.24927688666841966,19.176965553510385,0.008812856402280975,21.53902953586498,957.0,0.40144058078973227,0.23822946954115592,-0.7430289293801243,-0.6852838196067651,-0.1971606746640003,DTW,MCO,42.21377,-83.353786,28.429399490356445,-81.30899810791016
DTW-MDW,1569,0.20245795601552394,13.102199223803364,0.010834926704907584,16.830670926517573,228.0,-0.4256200959680445,-0.7544939848432681,-0.5919737363389119,-1.1407349916210567,-0.7282057021928203,DTW,MDW,42.21377,-83.353786,41.785999,-87.752403
DTW-MEM,1068,0.23518164435946462,19.791586998087954,0.017790262172284643,14.78048780487805,610.0,0.152446840852868,0.338669402615786,-0.07238767628635884,-1.339054275063246,-0.2300814269702377,DTW,MEM,42.21377,-83.353786,35.043845,-89.97634
DTW-MIA,1862,0.2144026186579378,15.323513366066557,0.01288936627282492,15.12468193384224,1145.0,-0.21461654183054435,-0.39149226117255004,-0.4385004544653074,-1.3057595257792898,-0.5875921958119228,DTW,MIA,42.21377,-83.353786,25.796011,-80.289751
DTW-MKE,1464,0.22768166089965397,19.955017301038062,0.01092896174863388,3.5501519756838906,237.0,0.019958949535352807,0.3653767829642822,-0.5849490143674437,-2.4253924323493385,-0.6562514285542869,DTW,MKE,42.21377,-83.353786,42.947201,-87.896599
DTW-MSN,1042,0.24782187802516942,20.498547918683446,0.005758157389635317,6.53125,311.0,0.37573772050664445,0.4541992269937711,-0.9712248276328258,-2.137023448226345,-0.5695778320896888,DTW,MSN,42.21377,-83.353786,43.1399,-89.337502
DTW-MSP,1987,0.23377281947261663,17.538032454361055,0.006542526421741319,16.28633405639913,528.0,0.12755982083551465,-0.02960096860031603,-0.9126299234861128,-1.1933900432082165,-0.5020152786147827,DTW,MSP,42.21377,-83.353786,44.880081,-93.221741
DTW-OMA,1141,0.2667844522968198,24.083922261484098,0.006134969325153374,0.06291390728476821,650.0,0.7107133231416605,1.0401123320692065,-0.9430757570560134,-2.762721594616648,-0.4887429241154486,DTW,OMA,42.21377,-83.353786,41.3032,-95.894096
DTW-ORD,5856,0.27705779334500874,24.788791593695272,0.02390710382513661,19.724399494310997,235.0,0.8921928290037424,1.1553003541895681,0.3845601832780984,-0.8608174710914502,0.3928089738449897,DTW,ORD,42.21377,-83.353786,41.9786,-87.9048
DTW-PHL,2932,0.22366118305915295,19.819740987049354,0.024897680763983628,26.96713615023474,453.0,-0.05106315791743162,0.3432702586256351,0.45855948514477546,-0.1602096431357644,0.14763923567930365,DTW,PHL,42.21377,-83.353786,39.871899,-75.241096
DTW-PHX,2432,0.22961730449251247,18.420133111480865,0.007401315789473684,26.791666666666668,1671.0,0.05415227000522968,0.11454976311893708,-0.8484755795169419,-0.17718324021589377,-0.21423919665216723,DTW,PHX,42.21377,-83.353786,33.435302,-112.005905
DTW-PIT,1074,0.22607879924953095,19.19793621013133,0.006517690875232775,4.219917012448133,201.0,-0.008355747588509033,0.24165644295075855,-0.9144852191537556,-2.360604404019706,-0.7604472319528031,DTW,PIT,42.21377,-83.353786,40.491501,-80.232903
DTW-RDU,1591,0.161474888747616,10.961220597584234,0.010685103708359522,14.669291338582678,501.0,-1.1495897141871871,-1.1043674749872059,-0.6031659988612301,-1.3498105842359438,-1.0517334430678917,DTW,RDU,42.21377,-83.353786,35.878659,-78.7873
DTW-RSW,1878,0.2422427871529668,17.558519324986392,0.019169329073482427,13.606741573033707,1084.0,0.27718257180694533,-0.02625305431474838,0.030633082540168017,-1.4525936507343271,-0.29275776267549053,DTW,RSW,42.21377,-83.353786,26.534685,-81.752816
DTW-SAN,1326,0.24367816091954023,15.504980842911877,0.010558069381598794,18.41194968553459,1956.0,0.3025385802041418,-0.36183728998602865,-0.6126558740286642,-0.9877739867719748,-0.41493214264563144,DTW,SAN,42.21377,-83.353786,32.733601,-117.190002
DTW-SDF,1225,0.22295623451692817,18.30883567299752,0.011428571428571429,9.762962962962963,306.0,-0.06351613816028069,0.09636180796171341,-0.5476265550295101,-1.8244118613193596,-0.5847981866368592,DTW,SDF,42.21377,-83.353786,38.1706,-85.735076
DTW-SEA,2068,0.2482893450635386,13.940860215053764,0.008704061895551257,14.624015748031496,1927.0,0.3839955683413572,-0.6174420570645555,-0.7511562309850852,-1.3541902040761227,-0.5846982309461015,DTW,SEA,42.21377,-83.353786,47.447943,-122.310276
DTW-SFO,1820,0.2388888888888889,18.211666666666666,0.008791208791208791,14.232558139534884,2079.0,0.21793565331942472,0.08048268662791874,-0.7446460759576405,-1.3920568666174462,-0.4595711506569358,DTW,SFO,42.21377,-83.353786,37.619806,-122.374821
DTW-SLC,1551,0.1937984496124031,11.986434108527131,0.0012894906511927789,14.636666666666667,1481.0,-0.5785910657505517,-0.9368295907581836,-1.3050486892144229,-1.352966449430925,-1.0433589487885209,DTW,SLC,42.21377,-83.353786,40.78886,-111.979866
DTW-STL,1846,0.22033898305084745,15.25095680699836,0.008125677139761646,17.07196029776675,440.0,-0.10975012382795891,-0.40334927657809594,-0.7943634433280022,-1.1173944740334933,-0.6062143294418876,DTW,STL,42.21377,-83.353786,38.748697,-90.370003
DTW-TPA,2457,0.21369294605809128,14.656431535269709,0.017501017501017502,15.029126213592233,983.0,-0.22715297298180173,-0.5005051422421123,-0.09399518894190075,-1.315002866907583,-0.5341640427683494,DTW,TPA,42.21377,-83.353786,27.9755,-82.533203
DTW-TVC,1120,0.2495446265938069,21.01912568306011,0.01875,7.401459854014599,207.0,0.4061702309717824,0.5392707718860414,-0.0006921557863143902,-2.052845897025701,-0.27702426248854783,DTW,TVC,42.21377,-83.353786,44.741402,-85.582199
ECP-ATL,2362,0.15301724137931033,11.998275862068965,0.01693480101608806,33.011267605633805,240.0,-1.2989948257235584,-0.9348944403599649,-0.13629339208698069,0.4244541396323663,-0.48643212963453447,ECP,ATL,30.357106,-85.795414,33.6367,-84.428101
ECP-BNA,1077,0.1564245810055866,9.522346368715084,0.002785515320334262,31.678571428571427,401.0,-1.2388038607025036,-1.3395047819026138,-1.193290806761949,0.2955391426784374,-0.8690150766721573,ECP,BNA,30.357106,-85.795414,36.1245,-86.6782
ECP-CLT,1163,0.16228070175438597,16.80438596491228,0.018916595012897677,56.2,437.0,-1.1353549539860126,-0.1494916833659188,0.011753030615104687,2.667557569683904,0.3486159907367693,ECP,CLT,30.357106,-85.795414,35.2140007019043,-80.94309997558594
ECP-DFW,1284,0.24348534201954397,27.3314332247557,0.03660436137071651,61.23411371237458,685.0,0.29913241676344116,1.5708126300946217,1.3330863977970275,3.1545198384037048,1.5893878207646988,ECP,DFW,30.357106,-85.795414,32.896801,-97.038002
EGE-DEN,1200,0.2996632996632997,21.622895622895623,0.0075,16.6376404494382,120.0,1.2915211582359174,0.6379373785991087,-0.8411035497453712,-1.1594073070317266,-0.017763079985517904,EGE,DEN,39.64260101,-106.9179993,39.860027,-104.673792
ELP-AUS,1010,0.15323383084577114,9.954228855721393,0.0039603960396039604,39.51948051948052,528.0,-1.295168753059966,-1.2689276022846256,-1.105523416271543,1.054009669545768,-0.6539025255175916,ELP,AUS,31.809908,-106.375607,30.197535,-97.662015
ELP-DAL,1771,0.16820276497695852,10.820852534562212,0.014116318464144552,29.91780821917808,562.0,-1.0307411674607483,-1.1273060804981758,-0.3468431565605917,0.12521616308088362,-0.5949185603596582,ELP,DAL,31.809908,-106.375607,32.844776,-96.847653
ELP-DEN,1832,0.21624588364434688,18.03402854006586,0.003820960698689956,26.243654822335024,563.0,-0.18205509786238494,0.05145349849155247,-1.1159396873137382,-0.23019378114687755,-0.36918376695786204,ELP,DEN,31.809908,-106.375607,39.860027,-104.673792
ELP-DFW,2660,0.2297191887675507,21.65210608424337,0.031203007518796993,44.50084889643463,551.0,0.0559520650088537,0.6427108807421447,0.9295877915785564,1.5358697515315665,0.7910301222152802,ELP,DFW,31.809908,-106.375607,32.896801,-97.038002
ELP-HOU,1053,0.16122840690978887,9.276391554702496,0.004748338081671415,27.625,677.0,-1.153943838315163,-1.3796981159893968,-1.046661596721956,-0.09657284605608096,-0.9192190992706492,ELP,HOU,31.809908,-106.375607,29.645336,-95.276812
ELP-LAS,1295,0.16124031007751938,11.304651162790698,0.003088803088803089,43.71153846153846,584.0,-1.153733567772426,-1.0482448920714282,-1.1706342293157608,1.4595178012058458,-0.47827372198844226,ELP,LAS,31.809908,-106.375607,36.083361,-115.151817
ELP-LAX,1266,0.1523809523809524,12.265079365079366,0.00315955766192733,27.197916666666668,715.0,-1.3102349288668134,-0.8912940645142121,-1.165348633811021,-0.13788567306298496,-0.8761908250637579,ELP,LAX,31.809908,-106.375607,33.942501,-118.407997
ELP-PHX,2562,0.17977970102281668,13.442171518489378,0.00663544106167057,28.293216630196937,347.0,-0.826233537163627,-0.6989365440368206,-0.9056888993028109,-0.03193459892290048,-0.6156983948565398,ELP,PHX,31.809908,-106.375607,33.435302,-112.005905
EUG-DEN,1190,0.2215568862275449,17.265183917878527,0.007563025210084034,22.47876447876448,996.0,-0.08823575321978391,-0.07418920902959567,-0.836395362664368,-0.5943809346233117,-0.39830031488426476,EUG,DEN,44.124599,-123.211998,39.860027,-104.673792
EUG-SEA,2081,0.13018039980497317,8.519258898098489,0.013455069678039404,15.340823970037453,234.0,-1.702409713336188,-1.503426882743037,-0.39624058003475715,-1.2848515721006488,-1.2217321870536577,EUG,SEA,44.124599,-123.211998,47.447943,-122.310276
EWR-ATL,6171,0.27481431465226197,25.63487508440243,0.03597472046669908,41.7027027027027,746.0,0.8525615734402403,1.2935652486736577,1.2860501853669004,1.265198150419353,1.174343789475038,EWR,ATL,40.6894,-74.170545,33.6367,-84.428101
EWR-AUS,2033,0.23318158826504806,19.568032372281234,0.025086079685194294,35.344902386117134,1504.0,0.11711566767282944,0.30213665249349975,0.4726334940332233,0.6501924030081379,0.3855195543019226,EWR,AUS,40.6894,-74.170545,30.197535,-97.662015
EWR-BNA,1824,0.2606473594548552,19.395229982964224,0.03344298245614035,24.62309368191721,748.0,0.6023010187934271,0.2738977087155689,1.0969211657586526,-0.3869546678938645,0.39654130634344603,EWR,BNA,40.6894,-74.170545,36.1245,-86.6782
EWR-BOS,3729,0.32028169014084507,27.176056338028168,0.04773397693751676,37.5065963060686,200.0,1.6557469050484428,1.5454213193261148,2.164504685150185,0.8592984017363285,1.5562428278152678,EWR,BOS,40.6894,-74.170545,42.36197,-71.0079
EWR-CHS,1435,0.23482077542062912,18.836869056327725,0.04529616724738676,28.470404984423677,628.0,0.14607205816107907,0.18265173186651254,1.982392414937825,-0.014794731233205238,0.5740803684330528,EWR,CHS,40.6894,-74.170545,32.896159,-80.038151
EWR-CLE,1996,0.24431818181818182,21.125,0.03006012024048096,47.84778012684989,404.0,0.31384460770600875,0.5565724937858906,0.8442104146267654,1.8596266863830402,0.8935635506254263,EWR,CLE,40.6894,-74.170545,41.411701,-81.8498
EWR-CLT,3746,0.2291608586562587,23.580708112628937,0.04164442071542979,46.78223844282238,529.0,0.04608911271028715,0.957878306753091,1.7095951355327488,1.7565542042112383,1.1175291898018413,EWR,CLT,40.6894,-74.170545,35.2140007019043,-80.94309997558594
EWR-CMH,1863,0.19314285714285714,17.481142857142856,0.059044551798174985,40.84319526627219,463.0,-0.5901721664715366,-0.038897727422595244,3.009441217161211,1.1820558705386084,0.8906067984514219,EWR,CMH,40.6894,-74.170545,39.998001,-82.891899
EWR-DEN,3215,0.24761904761904763,19.936507936507937,0.015552099533437015,31.124358974358973,1605.0,0.37215470289785235,0.3623520278877042,-0.2395856659060047,0.24192880141962558,0.18421246657479437,EWR,DEN,40.6894,-74.170545,39.860027,-104.673792
EWR-DFW,3441,0.23090964405232736,21.38150289017341,0.03807032839290904,36.736495388669304,1372.0,0.0769815661048245,0.5984895686776945,1.4425988767853684,0.7848046355430595,0.7257186617777367,EWR,DFW,40.6894,-74.170545,32.896801,-97.038002
EWR-DTW,3607,0.23544896168470314,21.045627376425855,0.05156639866925423,37.84844720496894,488.0,0.15716902576477765,0.5436016137912556,2.4507989864664927,0.8923664845814199,1.0109840276509865,EWR,DTW,40.6894,-74.170545,42.21377,-83.353786
EWR-FLL,4763,0.2732443666593743,22.640778823014656,0.03842116313247953,26.699759807846277,1065.0,0.8248282990709785,0.8042773613636429,1.4688073667881858,-0.18607361795449612,0.7279598523170778,EWR,FLL,40.6894,-74.170545,26.072599,-80.152702
EWR-IAD,1505,0.2887372013651877,23.90170648464164,0.025913621262458473,37.678486997635936,212.0,1.0985106360658734,1.0103350755275364,0.534453526967238,0.8759258134159033,0.8798062629941377,EWR,IAD,40.6894,-74.170545,38.9445,-77.455803
EWR-IAH,3699,0.2310889443059019,19.19562205597118,0.02135712354690457,31.274580335731414,1400.0,0.08014892142448367,0.24127826953845669,0.19406840726057892,0.25646008520137303,0.1929889208562231,EWR,IAH,40.6894,-74.170545,29.9844,-95.3414
EWR-IND,2099,0.21515151515151515,18.233838383838386,0.055264411624583135,34.4037558685446,645.0,-0.20138721702192025,0.08410593441486783,2.7270525173701925,0.5591529729157492,0.7922310519197222,EWR,IND,40.6894,-74.170545,39.7173,-86.294403
EWR-JAX,1301,0.21656050955414013,19.329617834394906,0.033051498847040735,38.75367647058823,820.0,-0.17649720249291764,0.26317553188733533,1.067676073702161,0.9799315500693025,0.5335714882914704,EWR,JAX,40.6894,-74.170545,30.492469,-81.687813
EWR-LAS,2938,0.2278568947551233,18.733588051406738,0.01906058543226685,30.40701219512195,2227.0,0.02305447156189819,0.16577380267340694,0.022509580753664202,0.17253807347134317,0.09596898211507812,EWR,LAS,40.6894,-74.170545,36.083361,-115.151817
EWR-LAX,5189,0.29740439865266494,25.476124430354666,0.025245712083253036,34.05329780146569,2454.0,1.2516174660214339,1.267622605102101,0.4845585505819855,0.5252522974072886,0.8822627297782022,EWR,LAX,40.6894,-74.170545,33.942501,-118.407997
EWR-MCO,6583,0.2660463649266677,22.98123324396783,0.03235606866170439,31.577949021932426,937.0,0.6976749424834173,0.8599135900653619,1.0157251891279633,0.2858056884458628,0.7147798525306513,EWR,MCO,40.6894,-74.170545,28.429399490356445,-81.30899810791016
EWR-MIA,3946,0.25682773109243695,22.769432773109244,0.031931069437404966,33.15950920245399,1085.0,0.534826935675097,0.8253016751933834,0.9839763721924082,0.4387939158930325,0.6957247247384802,EWR,MIA,40.6894,-74.170545,25.796011,-80.289751
EWR-MSP,2121,0.26243229935992124,27.08714918759232,0.04148986327204149,48.90431519699813,1008.0,0.6338321448842916,1.5308923302737232,1.6980491945154408,1.961827936521018,1.4561504015486184,EWR,MSP,40.6894,-74.170545,44.880081,-93.221741
EWR-MSY,1194,0.2523686477174849,20.786391042204997,0.025963149078726967,36.25255972696246,1167.0,0.4560568214845651,0.5012378461593741,0.5381534150659005,0.7379923422172451,0.5583601062317711,EWR,MSY,40.6894,-74.170545,29.993401,-90.264673
EWR-MYR,1074,0.25819265143992054,21.761668321747766,0.061452513966480445,19.173076923076923,550.0,0.5589383780034026,0.6606152735997866,3.1893237809359896,-0.9141482668231065,0.8736822914290179,EWR,MYR,40.6894,-74.170545,33.679699,-78.928299
EWR-ORD,5915,0.30447025695177754,25.270503343892994,0.03753169907016061,31.106936416184972,719.0,1.37643649681186,1.2340205101131478,1.402361523900192,0.24024347428161139,1.063265501276703,EWR,ORD,40.6894,-74.170545,41.9786,-87.9048
EWR-PBI,3524,0.2521968365553603,19.135325131810195,0.028376844494892167,25.624854819976772,1024.0,0.45302176164787633,0.23142469368169816,0.7184642710029655,-0.2900518356623078,0.27821472266755803,EWR,PBI,40.6894,-74.170545,26.683201,-80.095596
EWR-PHX,2476,0.22844112769485903,18.680348258706466,0.023424878836833602,37.71324863883847,2133.0,0.0333749996855393,0.15707348597782256,0.34853641664506535,0.8792883929346774,0.3545683238107762,EWR,PHX,40.6894,-74.170545,33.435302,-112.005905
EWR-PIT,1879,0.21184510250569477,18.407744874715263,0.06546035125066525,36.17741935483871,319.0,-0.25979529773538995,0.11252530776901846,3.4887221914926867,0.7307238282001927,1.018044007431627,EWR,PIT,40.6894,-74.170545,40.491501,-80.232903
EWR-RDU,1907,0.2687704026115343,19.96082698585419,0.0356581017304667,33.6417004048583,416.0,0.7457953164377525,0.3663261874461217,1.2623977415028464,0.485437463356479,0.7149891771858,EWR,RDU,40.6894,-74.170545,35.878659,-78.7873
EWR-RSW,2030,0.21482602118003025,16.36409480584972,0.020689655172413793,31.450704225352112,1068.0,-0.20713709769161534,-0.22144298760326014,0.14420636041352303,0.2734969845973136,-0.002719185071009711,EWR,RSW,40.6894,-74.170545,26.534685,-81.752816
EWR-SAN,1553,0.2242866622428666,18.252156602521566,0.021249195106245976,36.10059171597633,2425.0,-0.040014011135004364,0.08709945290469154,0.18600580359287086,0.7232921006989154,0.23909583651536837,EWR,SAN,40.6894,-74.170545,32.733601,-117.190002
EWR-SAV,1066,0.22362052274927396,18.388189738625364,0.0300187617260788,41.03896103896104,708.0,-0.05178142599696136,0.10932965526215764,0.8411207998053613,1.2009927778579466,0.5249154517321261,EWR,SAV,40.6894,-74.170545,32.126591,-81.19998
EWR-SEA,2046,0.3164747120681021,24.09414121181773,0.022482893450635387,32.84177215189873,2402.0,1.5884962904500923,1.0417822879366077,0.2781670609558296,0.40805842523170954,0.8291260161435597,EWR,SEA,40.6894,-74.170545,47.447943,-122.310276
EWR-SFO,4449,0.2847222222222222,27.700925925925926,0.026298044504383007,36.3479674796748,2565.0,1.0275856636061698,1.6311942235201633,0.563171186755332,0.7472213700796976,0.9922931109903407,EWR,SFO,40.6894,-74.170545,37.619806,-122.374821
EWR-SJU,2207,0.32239925023430177,28.42830365510778,0.031264159492523785,27.48546511627907,1608.0,1.6931537970800796,1.7500605128166822,0.9341560418437193,-0.1100704004270264,1.0668249878283638,EWR,SJU,40.6894,-74.170545,18.4394,-66.001801
EWR-SLC,1279,0.27942353883106485,23.596477181745396,0.0218921032056294,28.46704871060172,1969.0,0.9339839386136586,0.9604552494560827,0.2340331184364611,-0.01511939190004072,0.5283382286515405,EWR,SLC,40.6894,-74.170545,40.78886,-111.979866
EWR-SNA,1087,0.16460513796384396,10.52616555661275,0.017479300827966882,21.936416184971097,2433.0,-1.0942935765118627,-1.1754631056139395,-0.09561749467262294,-0.6468436263048155,-0.7530544507758102,EWR,SNA,40.6894,-74.170545,33.675063,-117.869281
EWR-TPA,2635,0.244140625,19.26015625,0.025426944971537004,30.7376,997.0,0.3107080503314474,0.25182428967241866,0.4980972336285593,0.20451664937811947,0.31628655575263614,EWR,TPA,40.6894,-74.170545,27.9755,-82.533203
EYW-ATL,1453,0.16666666666666666,15.542016806722689,0.01307639366827254,39.87394957983193,646.0,-1.0578764841021138,-0.3557849633720931,-0.4245289029882704,1.088298338352631,-0.18747300302746156,EYW,ATL,24.556119,-81.759579,33.6367,-84.428101
EYW-CLT,1242,0.1900414937759336,17.998340248962656,0.02576489533011272,45.698689956331876,736.0,-0.6449580329864293,0.045621405255011446,0.5233432186898554,1.6517398795065161,0.39393661761623844,EYW,CLT,24.556119,-81.759579,35.2140007019043,-80.94309997558594
EYW-MIA,1304,0.20324574961360123,15.309119010819165,0.007668711656441718,39.81749049429658,126.0,-0.41170365026359845,-0.39384455149768527,-0.828500243223831,1.0828369113859422,-0.13780288339979313,EYW,MIA,24.556119,-81.759579,25.796011,-80.289751
FAI-ANC,1185,0.1811965811965812,12.098290598290598,0.012658227848101266,38.09905660377358,261.0,-0.8012042197687865,-0.918550276808233,-0.45576724252926354,0.9166085514827749,-0.31472829690587706,FAI,ANC,64.815102,-147.856003,61.179004,-149.992561
FAI-SEA,2363,0.1848991848991849,12.8987558987559,0.012695725772323318,25.614849187935036,1533.0,-0.7357973879309504,-0.787740195388837,-0.45296602628339455,-0.2910197051935507,-0.5668808286991831,FAI,SEA,64.815102,-147.856003,47.447943,-122.310276
FAR-DEN,1441,0.3223082336382829,30.82054890921886,0.010409437890353921,23.37772925764192,627.0,1.6915459806167432,2.1409953806785764,-0.6237591272502924,-0.5074218484299922,0.6753400964037588,FAR,DEN,46.9207,-96.815804,39.860027,-104.673792
FAR-DFW,1085,0.1599247412982126,12.70555032925682,0.013824884792626729,34.3235294117647,967.0,-1.1769732101513057,-0.8193133769648083,-0.3686141946163161,0.551392469352062,-0.453377078095092,FAR,DFW,46.9207,-96.815804,32.896801,-97.038002
FAR-MSP,1254,0.15890850722311398,12.863563402889245,0.006379585326953748,4.808080808080808,223.0,-1.1949250777009206,-0.7934912669805636,-0.9248021503842139,-2.303709865543928,-1.3042320901524067,FAR,MSP,46.9207,-96.815804,44.880081,-93.221741
FAR-ORD,2137,0.2809956917185256,27.505983724269985,0.018717828731867104,24.778534923339013,557.0,0.9617561626464937,1.5993372457650166,-0.0030954535904919147,-0.37191845220622205,0.5465198756536991,FAR,ORD,46.9207,-96.815804,41.9786,-87.9048
FAT-DEN,1451,0.14127423822714683,12.043628808864266,0.002067539627842867,19.681372549019606,844.0,-1.506436046587845,-0.9274829727305071,-1.2469259136557633,-0.8649795739147683,-1.1364561267222208,FAT,DEN,36.775767,-119.718018,39.860027,-104.673792
FAT-DFW,1406,0.19793205317577547,19.815361890694238,0.027738264580369845,28.309701492537314,1313.0,-0.5055705820936988,0.3425546374107953,0.6707602855702579,-0.030339977421786818,0.1193510908663919,FAT,DFW,36.775767,-119.718018,32.896801,-97.038002
FAT-LAS,1793,0.16461366181410975,13.180851063829786,0.0033463469046291134,37.826530612244895,259.0,-1.0941430019201088,-0.7416408935329253,-1.1513948731145265,0.8902464383676693,-0.5242330825499729,FAT,LAS,36.775767,-119.718018,36.083361,-115.151817
FAT-LAX,1023,0.12278978388998035,9.088408644400786,0.004887585532746823,14.544,209.0,-1.832965617007446,-1.4104178233742488,-1.0362593616585312,-1.361930325261496,-1.4103932818254306,FAT,LAX,36.775767,-119.718018,33.942501,-118.407997
FAT-PHX,1468,0.20247083047357584,22.318462594371997,0.006811989100817439,43.69152542372881,493.0,-0.42539266749326293,0.7516052316822808,-0.8925001896423526,1.4575818905664406,0.22282356627827649,FAT,PHX,36.775767,-119.718018,33.435302,-112.005905
FAT-SAN,1611,0.22715736040609136,13.50253807106599,0.014276846679081317,19.189944134078214,314.0,0.010697133535215024,-0.6890715896746955,-0.334851179593057,-0.9125166597904776,-0.48143557388075375,FAT,SAN,36.775767,-119.718018,32.733601,-117.190002
FAT-SEA,1040,0.23317073170731709,12.678048780487805,0.0125,17.815899581589957,748.0,0.11692388559111533,-0.8238076127943229,-0.467587374652457,-1.0454313873535441,-0.5549756223023021,FAT,SEA,36.775767,-119.718018,47.447943,-122.310276
FAT-SFO,1317,0.2619047619047619,22.214285714285715,0.010630220197418374,15.703812316715542,158.0,0.6245131476625523,0.7345809007610232,-0.6072659746777116,-1.2497388116592814,-0.12447768447835433,FAT,SFO,36.775767,-119.718018,37.619806,-122.374821
FAT-SLC,1341,0.05547226386806597,4.81784107946027,0.005219985085756898,0.0,501.0,-3.022135743077726,-2.108303528791052,-1.0114280397299475,-2.768807412453879,-2.227668681013151,FAT,SLC,36.775767,-119.718018,40.78886,-111.979866
FCA-DEN,1078,0.19433962264150945,18.687735849056605,0.01020408163265306,18.650485436893202,752.0,-0.5690311948723804,0.15828074792238525,-0.6390999040318565,-0.9646998336461051,-0.5036375461569892,FCA,DEN,48.310501,-114.255997,39.860027,-104.673792
FCA-SLC,1156,0.062882096069869,8.388646288209607,0.00865051903114187,0.0,532.0,-2.891240381948718,-1.52477127596537,-0.7551560561686279,-2.768807412453879,-1.9849937816341485,FCA,SLC,48.310501,-114.255997,40.78886,-111.979866
FLG-PHX,1230,0.20463960231980116,22.4076222038111,0.01788617886178862,18.704453441295545,119.0,-0.3870811151818606,0.7661754769674558,-0.06522238928813887,-0.9594793751178354,-0.16140185065509477,FLG,PHX,35.139757,-111.669826,33.435302,-112.005905
FLL-ATL,6956,0.2887905604719764,22.70693215339233,0.022426682001150087,32.581716036772214,581.0,1.099453229550099,0.8150879767992371,0.273967883834194,0.3829025540988877,0.6428529110706045,FLL,ATL,26.072599,-80.152702,33.6367,-84.428101
FLL-AUS,1013,0.36852791878172586,24.3248730964467,0.02566633761105627,20.385674931129476,1105.0,2.5080209308386787,1.079487928139652,0.5159806382402858,-0.7968506627592822,0.8266597086148335,FLL,AUS,26.072599,-80.152702,30.197535,-97.662015
FLL-BNA,2203,0.2510402219140083,15.989366620434582,0.015887426236949616,24.896869244935544,793.0,0.43259005860201977,-0.28268015105781963,-0.21453567636549623,-0.36047168063838547,-0.10627436236492038,FLL,BNA,26.072599,-80.152702,36.1245,-86.6782
FLL-BOS,3496,0.3335304553518628,27.167060910703725,0.032036613272311214,27.75177304964539,1237.0,1.8897875499077998,1.5439513085960699,0.9918608380961721,-0.08430977545517325,1.0853224802862171,FLL,BOS,26.072599,-80.152702,42.36197,-71.0079
FLL-BWI,3250,0.2541943653054764,17.415954415954417,0.025846153846153845,26.0,925.0,0.4883082890605216,-0.049550663027057365,0.5294134927109369,-0.2537631146677161,0.17860200101917123,FLL,BWI,26.072599,-80.152702,39.1754,-76.668297
FLL-CLE,1082,0.2236842105263158,17.596804511278197,0.015711645101663587,39.945378151260506,1062.0,-0.050656375611425615,-0.019996582818636515,-0.22766709582660172,1.0952078007091868,0.19922193661313073,FLL,CLE,26.072599,-80.152702,41.411701,-81.8498
FLL-CLT,3143,0.20803396472893534,19.30731548007838,0.02481705377028317,39.18053375196232,632.0,-0.3271193938842803,0.25953093569772767,0.4525363878855283,1.0212225105111645,0.35154261005253507,FLL,CLT,26.072599,-80.152702,35.2140007019043,-80.94309997558594
FLL-CMH,1002,0.30635245901639346,19.020491803278688,0.023952095808383235,25.816053511705686,973.0,1.4096857678150168,0.2126589120217875,0.38792122997652306,-0.27155671337857784,0.43467729910868735,FLL,CMH,26.072599,-80.152702,39.998001,-82.891899
FLL-DCA,2294,0.323345259391771,25.977191413237925,0.017436791630340016,30.100968188105117,899.0,1.7098651350599265,1.3495057458071755,-0.0987930692533941,0.14293367982829258,0.7758778728605001,FLL,DCA,26.072599,-80.152702,38.8521,-77.037697
FLL-DEN,1667,0.1806060606060606,15.98969696969697,0.003599280143971206,29.385906040268456,1703.0,-0.8116358198165581,-0.2826261661894129,-1.1324999418919426,0.07376394992524174,-0.5382494944931681,FLL,DEN,26.072599,-80.152702,39.860027,-104.673792
FLL-DFW,2921,0.27020291918832323,24.002847988608046,0.0328654570352619,30.334650856389988,1119.0,0.7711008523170203,1.0268633727079828,1.0537781485135636,0.1655383822268049,0.7543201889413429,FLL,DFW,26.072599,-80.152702,32.896801,-97.038002
FLL-DTW,2848,0.26268763402430306,20.997140814867763,0.016151685393258428,30.30204081632653,1127.0,0.6383426550001456,0.5356780585022582,-0.1947946625059466,0.16238393240710586,0.2854024958508908,FLL,DTW,26.072599,-80.152702,42.21377,-83.353786
FLL-EWR,4759,0.332312404287902,28.71034784511048,0.03509140575751208,19.29098090849243,1065.0,1.8682705668576398,1.7961514844511486,1.2200637190511332,-0.9027431227382784,0.9954356619054108,FLL,EWR,26.072599,-80.152702,40.6894,-74.170545
FLL-IAH,2861,0.17509727626459143,14.783516094800142,0.009437259699405802,19.727272727272727,966.0,-0.9089489972435686,-0.47973729437954954,-0.6963839831286304,-0.8605395361615806,-0.7364024527283323,FLL,IAH,26.072599,-80.152702,29.9844,-95.3414
FLL-IND,1095,0.31197771587743733,23.461467038068708,0.015525114155251141,33.18154761904762,1005.0,1.509056442914866,0.9383922220187586,-0.24160156095468935,0.4409257464309574,0.6616932126024732,FLL,IND,26.072599,-80.152702,39.7173,-86.294403
FLL-JFK,3872,0.3035281443576623,25.379208187449503,0.038223140495867766,27.05235137533274,1069.0,1.3597939919787687,1.2517847897490595,1.454014435226378,-0.151966563675484,0.9784066633196804,FLL,JFK,26.072599,-80.152702,40.639447,-73.779317
FLL-LAS,1073,0.20624408703878902,13.019867549668874,0.014911463187325256,20.41743119266055,2173.0,-0.35873774639858547,-0.7679484256424727,-0.2874432734310376,-0.7937788010484077,-0.5519770616301258,FLL,LAS,26.072599,-80.152702,36.083361,-115.151817
FLL-LAX,2216,0.20619025944469732,15.143377332726445,0.008574007220216607,31.101545253863133,2343.0,-0.3596886157537139,-0.4209296511182351,-0.7608717359618751,0.23972197381791982,-0.3254420072539761,FLL,LAX,26.072599,-80.152702,33.942501,-118.407997
FLL-LGA,4454,0.31909369837148926,25.029029974038234,0.04445442299057027,24.571005917159763,1076.0,1.6347609221768902,1.1945595226687755,1.9195113958953203,-0.39199324619146636,1.08920964863738,FLL,LGA,26.072599,-80.152702,40.777199,-73.872597
FLL-MCO,1422,0.20213523131672598,14.330960854092528,0.010548523206751054,16.89788732394366,177.0,-0.4313210571833512,-0.5536927648406997,-0.6133690041718434,-1.1342329832724334,-0.683153952367082,FLL,MCO,26.072599,-80.152702,28.429399490356445,-81.30899810791016
FLL-MDW,1140,0.267921146953405,16.47043010752688,0.012280701754385965,28.48494983277592,1167.0,0.7307931378412339,-0.20406593270524062,-0.4839696630337252,-0.013387772082802292,0.007342442504866443,FLL,MDW,26.072599,-80.152702,41.785999,-87.752403
FLL-MSY,1318,0.3013168086754454,19.621998450813322,0.0204855842185129,25.311053984575835,673.0,1.3207305456255831,0.3109556570431841,0.12896159998379822,-0.32040656649752547,0.36006030903876,FLL,MSY,26.072599,-80.152702,29.993401,-90.264673
FLL-ORD,3355,0.29401033748859834,26.1568865916692,0.015499254843517139,29.516028955532576,1182.0,1.191661066245426,1.378871092322014,-0.24353333519657333,0.08635106131163937,0.6033374711706265,FLL,ORD,26.072599,-80.152702,41.9786,-87.9048
FLL-PHL,3192,0.2597864768683274,26.185700420575866,0.03007518796992481,46.89414694894147,993.0,0.5870934494471457,1.3835797777617136,0.8453360227606057,1.7673793907569528,1.1458471601816045,FLL,PHL,26.072599,-80.152702,39.871899,-75.241096
FLL-PIT,1069,0.32468780019212296,23.736791546589817,0.023386342376052385,34.4585798816568,994.0,1.7335812406486248,0.9833850797422179,0.3456576183585417,0.5644562352834261,0.9067700435082027,FLL,PIT,26.072599,-80.152702,40.491501,-80.232903
FLL-RDU,1239,0.3135802469135803,25.469958847736624,0.018563357546408393,39.61154855643045,680.0,1.5373652997126397,1.2666150406720185,-0.014634950861413072,1.062915638443433,0.9630652569916696,FLL,RDU,26.072599,-80.152702,35.878659,-78.7873
FLL-SFO,1256,0.18780096308186195,12.790529695024077,0.005573248407643312,20.76923076923077,2584.0,-0.684537211884674,-0.805426256875378,-0.9850381267716216,-0.759748358009311,-0.8086874883852462,FLL,SFO,26.072599,-80.152702,37.619806,-122.374821
FLL-SJU,2334,0.3052540165002171,20.457229700390794,0.012425021422450729,27.790896159317214,1046.0,1.3902816806618186,0.4474471048270458,-0.47318851695247927,-0.08052530030548931,0.321003742057724,FLL,SJU,26.072599,-80.152702,18.4394,-66.001801
FLL-TPA,1417,0.24964131994261118,18.0609756097561,0.014114326040931546,20.913793103448278,197.0,0.407878327790416,0.05585712270629992,-0.34699199702012934,-0.7457644859189879,-0.15725525811060032,FLL,TPA,26.072599,-80.152702,27.9755,-82.533203
FNT-ORD,1847,0.3437849944008959,40.932250839865624,0.03194369247428262,22.407166123778502,223.0,2.0709349167413005,3.7934249763995744,0.984919353882928,-0.6013068205632482,1.5619931066151387,FNT,ORD,42.969294,-83.743355,41.9786,-87.9048
FSD-DEN,1835,0.2467966573816156,21.836211699164345,0.01634877384196185,17.216704288939052,483.0,0.3576271044062911,0.6727969699999569,-0.18007151780300687,-1.1033930298166967,-0.06326011830336395,FSD,DEN,43.585463,-96.741152,39.860027,-104.673792
FSD-DFW,1085,0.2636625119846596,23.42953020134228,0.02857142857142857,41.32727272727273,737.0,0.6555639630139131,0.9331731822802047,0.7330003310033384,1.2288818804607702,0.8876548391895567,FSD,DFW,43.585463,-96.741152,32.896801,-97.038002
FSD-MSP,1129,0.17145421903052063,16.831238779174146,0.012400354295837024,0.3298429319371728,196.0,-0.9733039352880912,-0.145103462142722,-0.475031231109136,-2.7369008899487386,-1.082584879622172,FSD,MSP,43.585463,-96.741152,44.880081,-93.221741
FSD-ORD,1788,0.3310225303292894,32.69497400346621,0.02796420581655481,24.146596858638745,462.0,1.8454848258279828,2.447309344632449,0.6876388268373724,-0.4330473839823156,1.1368464033288723,FSD,ORD,43.585463,-96.741152,41.9786,-87.9048
FSM-DFW,1167,0.17410714285714285,13.825,0.03598971722365039,38.225641025641025,227.0,-0.9264397941204993,-0.636375650008112,1.2871704916259508,0.9288533756522467,0.16330210578739654,FSM,DFW,35.336601,-94.367401,32.896801,-97.038002
FWA-DFW,1036,0.23517587939698492,22.70251256281407,0.032818532818532815,36.256410256410255,859.0,0.15234500226528275,0.8143657381175025,1.050272757723188,0.738364813453058,0.6888370778897578,FWA,DFW,40.978896,-85.194465,32.896801,-97.038002
FWA-ORD,2446,0.33262531860662703,33.39379779099405,0.03556827473426002,30.298850574712645,157.0,1.8737982268149038,2.5615094186283986,1.2556873742942054,0.1620753324463534,1.4632675880459654,FWA,ORD,40.978896,-85.194465,41.9786,-87.9048
GEG-DEN,2049,0.18651574803149606,15.053641732283465,0.0029282576866764276,22.25065963060686,836.0,-0.7072406528755704,-0.4355940234443575,-1.1826274902219815,-0.6164460806870115,-0.7354770618072302,GEG,DEN,47.6199,-117.533997,39.860027,-104.673792
GEG-PHX,1194,0.15572390572390574,13.511784511784512,0.002512562814070352,30.25945945945946,1020.0,-1.251181353408407,-0.6875605589497829,-1.213681241986293,0.15826493245400874,-0.7485395554726185,GEG,PHX,47.6199,-117.533997,33.435302,-112.005905
GEG-SEA,5341,0.16029523088569267,9.436033308099924,0.009923235349185546,16.107438016528924,224.0,-1.1704284778244467,-1.3536098511417967,-0.6600800299498257,-1.210695099553297,-1.0987033646173416,GEG,SEA,47.6199,-117.533997,47.447943,-122.310276
GEG-SLC,1671,0.10488245931283906,9.439421338155515,0.005984440454817474,34.804597701149426,546.0,-2.1493001376203305,-1.3530561875574219,-0.9543207506337978,0.5979273946621693,-0.9646874202873452,GEG,SLC,47.6199,-117.533997,40.78886,-111.979866
GJT-DEN,2174,0.2637002341920375,22.768618266978923,0.01655933762649494,20.17051509769094,212.0,0.6562303292450007,0.8251685705938935,-0.16434172192062935,-0.8176636055362901,0.12484839309549364,GJT,DEN,39.126663,-108.529387,39.860027,-104.673792
GNV-ATL,1575,0.13363460296965785,14.499031633311814,0.014603174603174604,27.81159420289855,300.0,-1.641390899638309,-0.5262270492111573,-0.3104734279863899,-0.07852312736377502,-0.6391536260499079,GNV,ATL,29.6900997162,-82.2717971802,33.6367,-84.428101
GPT-ATL,1311,0.13374805598755832,15.713063763608087,0.016781083142639208,39.825581395348834,352.0,-1.6393867417377233,-0.32783288806825084,-0.1477766145137871,1.0836195642534587,-0.25784417001657567,GPT,ATL,30.405582,-89.069836,33.6367,-84.428101
GPT-DFW,1071,0.1566147859922179,13.761673151750973,0.036414565826330535,30.850931677018632,500.0,-1.23544387227961,-0.6467243686479751,1.3189080566392823,0.21547950276443692,-0.08694517038096644,GPT,DFW,30.405582,-89.069836,32.896801,-97.038002
GRB-ORD,2694,0.28192307692307694,22.24576923076923,0.033778767631774315,29.770804911323328,173.0,0.9781385068007793,0.7397258600143269,1.1220054046497927,0.11099616957412206,0.7377164852597553,GRB,ORD,44.483459,-88.130805,41.9786,-87.9048
GRK-DFW,1783,0.21394799054373523,15.609929078014185,0.049355019629837356,28.26243093922652,134.0,-0.2226475888997973,-0.34468690611482944,2.2856018183697664,-0.034912574943229635,0.42083868710297745,GRK,DFW,31.0672,-97.828903,32.896801,-97.038002
GRR-ATL,1445,0.1404494382022472,10.709269662921349,0.01314878892733564,19.96,640.0,-1.5210062141946339,-1.1455406804438157,-0.4191207429362484,-0.83802725153804,-0.9809237222781846,GRR,ATL,42.880798,-85.522797,33.6367,-84.428101
GRR-CLT,1024,0.1962338949454906,17.613478691774034,0.013671875,47.186868686868685,583.0,-0.5355687019908335,-0.017271729027979677,-0.38004452111505527,1.7956950883651028,0.2157025340578086,GRR,CLT,42.880798,-85.522797,35.2140007019043,-80.94309997558594
GRR-DEN,1236,0.2017900732302685,15.244100895036615,0.0040453074433656954,18.20967741935484,1015.0,-0.4374183062360968,-0.40446965294094234,-1.0991802597205722,-1.007340283297193,-0.7371021255487011,GRR,DEN,42.880798,-85.522797,39.860027,-104.673792
GRR-DFW,1046,0.3147410358565737,38.78386454183267,0.03441682600382409,38.66139240506329,931.0,1.5578707421774114,3.442340942647399,1.1696704291726017,0.9710046841933399,1.785221699547688,GRR,DFW,42.880798,-85.522797,32.896801,-97.038002
GRR-DTW,1492,0.23087339201083276,25.81922816519973,0.00938337801608579,0.2697947214076246,120.0,0.07634117048804591,1.3236917781996635,-0.7004091191808821,-2.7427095018519925,-0.5107714180862912,GRR,DTW,42.880798,-85.522797,42.21377,-83.353786
GRR-LGA,1002,0.21285563751317177,15.142255005268703,0.0499001996007984,16.0,618.0,-0.2419441047346874,-0.42111305912610386,2.326328525867894,-1.2210878445854711,0.11054587935540783,GRR,LGA,42.880798,-85.522797,40.777199,-73.872597
GRR-MSP,1240,0.20521172638436483,16.309446254071663,0.008870967741935484,10.59920634920635,408.0,-0.37697449144165845,-0.2303735202614334,-0.7386878243166689,-1.7435199705450202,-0.7723889516411953,GRR,MSP,42.880798,-85.522797,44.880081,-93.221741
GRR-ORD,3831,0.31128300880234727,27.052013870365432,0.021143304620203602,22.933161953727506,137.0,1.4967843791222928,1.525150602675445,0.17809544172781544,-0.5504259431489197,0.6624011200941585,GRR,ORD,42.880798,-85.522797,41.9786,-87.9048
GSO-ATL,2681,0.11531118747613593,11.40053455517373,0.020887728459530026,35.35761589403973,306.0,-1.9650757042088907,-1.0325758626243036,0.15900307573187025,0.6514222120698914,-0.5468065697578581,GSO,ATL,36.09937,-79.937262,33.6367,-84.428101
GSO-CLT,1252,0.16842961757526445,13.811228641171684,0.01757188498402556,34.61835748792271,84.0,-1.026733795637796,-0.6386261317823256,-0.0887011587035745,0.5799119182662333,-0.2935372919643657,GSO,CLT,36.09937,-79.937262,35.2140007019043,-80.94309997558594
GSO-LGA,1932,0.2312362030905077,18.93046357615894,0.061076604554865424,28.176610978520287,461.0,0.08275026127475799,0.19794671935992866,3.161242131814416,-0.04321415197440043,0.8496812401186755,GSO,LGA,36.09937,-79.937262,40.777199,-73.872597
GSO-ORD,1361,0.23654283548142532,19.106899166034875,0.027920646583394562,28.625,589.0,0.1764924060724544,0.22677939188618867,0.6843848112053733,0.00015962693569453133,0.27195405902492775,GSO,ORD,36.09937,-79.937262,41.9786,-87.9048
GSP-ATL,2750,0.11353550295857988,9.90569526627219,0.015272727272727273,35.82084690553746,153.0,-1.9964433330359148,-1.2768588427565555,-0.2604556775554773,0.696231693378548,-0.70938153999235,GSP,ATL,34.895699,-82.218903,33.6367,-84.428101
GSP-CLT,1828,0.19215686274509805,18.535014005602243,0.023522975929978117,54.329446064139944,75.0,-0.6075898473651,0.1333233178311963,0.35586458684887984,2.4866142616036617,0.5920530797296595,GSP,CLT,34.895699,-82.218903,35.2140007019043,-80.94309997558594
GSP-DCA,1027,0.32885211995863495,28.147880041365045,0.05647517039922103,44.113207547169814,396.0,1.8071443288332154,1.7042343717906,2.8175001146627783,1.498372245183312,1.9568127651174763,GSP,DCA,34.895699,-82.218903,38.8521,-77.037697
GSP-DFW,1167,0.26148409893992935,23.562720848056536,0.022279348757497857,40.2972972972973,862.0,0.6170820980522845,0.9549388719745188,0.2629616139075914,1.1292498099984796,0.7410580984832186,GSP,DFW,34.895699,-82.218903,32.896801,-97.038002
GSP-ORD,1635,0.25636132315521626,20.053435114503817,0.036085626911314984,25.471464019851116,577.0,0.5265877969586922,0.3814599813054105,1.294335255564118,-0.3048897070926497,0.4743733316838928,GSP,ORD,34.895699,-82.218903,41.9786,-87.9048
GTF-SLC,1069,0.07257304429783223,5.695570216776626,0.007483629560336763,0.0,463.0,-2.7200488983314357,-1.9648671801450985,-0.8423264745468915,-2.768807412453879,-2.0740124913693263,GTF,SLC,47.481998,-111.371002,40.78886,-111.979866
HDN-DEN,1404,0.24946081955427749,20.393242271746946,0.007122507122507123,27.45821325648415,141.0,0.4046897719808638,0.4369904357548773,-0.8693034888905626,-0.11270654021861409,-0.03508245534335892,HDN,DEN,40.481201,-107.218002,39.860027,-104.673792
HHH-CLT,1130,0.13574660633484162,11.06787330316742,0.022123893805309734,44.24666666666667,206.0,-1.6040821677180177,-1.0869385507192508,0.25134862607947944,1.5112820758555476,-0.2320975041255604,HHH,CLT,32.2244,-80.697502,35.2140007019043,-80.94309997558594
HNL-ITO,6333,0.1251993620414673,6.553269537480063,0.009474182851729039,17.285350318471338,216.0,-1.7904001993680685,-1.8247040551359834,-0.6936257042030006,-1.0967527296189723,-1.3513706720815062,HNL,ITO,21.318387,-157.92567,19.72135,-155.045428
HNL-KOA,7358,0.12362637362637363,6.449862637362638,0.01005708072845882,15.395555555555555,163.0,-1.8181871830726837,-1.8416025578141442,-0.6500813471258229,-1.279557250482722,-1.3973570846238432,HNL,KOA,21.318387,-157.92567,19.738783,-156.045603
HNL-LAS,2158,0.18845974872033505,11.301070265239646,0.003243744207599629,11.130864197530864,2762.0,-0.6728997035435865,-1.0488300735901466,-1.1590596265042605,-1.6920913920911038,-1.1432201989322743,HNL,LAS,21.318387,-157.92567,36.083361,-115.151817
HNL-LAX,5324,0.1857169846967693,15.914793122992632,0.004883546205860256,20.004069175991862,2556.0,-0.72135087997764,-0.2948667695988608,-1.0365611124442553,-0.8337643311616375,-0.7216357732955984,HNL,LAX,21.318387,-157.92567,33.942501,-118.407997
HNL-LIH,7887,0.13114333376106763,7.180033363274734,0.011284392037530113,16.02641878669276,102.0,-1.6853993972462098,-1.722279843823794,-0.5583972219633055,-1.2185322900152382,-1.296152188262137,HNL,LIH,21.318387,-157.92567,21.974393,-159.337146
HNL-OGG,10394,0.131525226013415,6.783707592106542,0.009620935154897056,14.626755358462676,101.0,-1.6786532358053052,-1.787046431913222,-0.682662832409922,-1.3539251947840807,-1.3755719237281325,HNL,OGG,21.318387,-157.92567,20.896263,-156.431837
HNL-PHX,1325,0.15267175572519084,11.66030534351145,0.009811320754716982,20.03,2917.0,-1.3050978612889061,-0.9901247558079491,-0.6684404122024202,-0.8312559784286158,-0.9487297519319728,HNL,PHX,21.318387,-157.92567,33.435302,-112.005905
HNL-SAN,1696,0.24329159212880144,14.770423375074538,0.004127358490566038,10.068627450980392,2614.0,0.2957098072863631,-0.4818768746115871,-1.0930507810580443,-1.794844179487669,-0.7685155069677343,HNL,SAN,21.318387,-157.92567,32.733601,-117.190002
HNL-SEA,2946,0.2448559670781893,18.381687242798353,0.009504412763068567,20.07282913165266,2677.0,0.32334463333430935,0.10826703329957398,-0.691367432031613,-0.8271130106077637,-0.27171719400137334,HNL,SEA,21.318387,-157.92567,47.447943,-122.310276
HNL-SFO,2355,0.17869415807560138,13.300257731958762,0.01019108280254777,22.39903846153846,2398.0,-0.845409752255545,-0.7221277479026392,-0.6400709586921786,-0.6020930294313694,-0.7024253720704331,HNL,SFO,21.318387,-157.92567,37.619806,-122.374821
HOU-ATL,2982,0.2070139598229486,15.505958461014641,0.012407780013413815,25.429276315789473,696.0,-0.3451378735051829,-0.36167753002698316,-0.4744765059838153,-0.3089706280363776,-0.37256563438808976,HOU,ATL,29.645336,-95.276812,33.6367,-84.428101
HOU-AUS,1506,0.237017310252996,13.296271637816245,0.0026560424966799467,24.974719101123597,148.0,0.18487404615281064,-0.7227791456572014,-1.2029628455359167,-0.3529410715272611,-0.5234522541418921,HOU,AUS,29.645336,-95.276812,30.197535,-97.662015
HOU-BNA,1798,0.2157303370786517,12.632584269662921,0.007230255839822024,26.197916666666668,670.0,-0.19116227492896837,-0.8312373119446034,-0.8612543111380367,-0.23461814605476045,-0.5295680110165922,HOU,BNA,29.645336,-95.276812,36.1245,-86.6782
HOU-BWI,1462,0.2388268156424581,13.702513966480447,0.018467852257181942,22.22514619883041,1246.0,0.21683912376427084,-0.656392017998227,-0.02176950492801437,-0.6189140580372546,-0.2700591142998063,HOU,BWI,29.645336,-95.276812,39.1754,-76.668297
HOU-DAL,4091,0.18833291425697762,12.29796328891124,0.026399413346370082,22.535380507343124,239.0,-0.6751402458976677,-0.885920254117514,0.570743767181854,-0.5889043261679263,-0.39480526475031347,HOU,DAL,29.645336,-95.276812,32.844776,-96.847653
HOU-DCA,1056,0.2927536231884058,19.022222222222222,0.01231060606060606,22.392739273927393,1218.0,1.1694610936037158,0.2129416928528389,-0.4817357146180977,-0.602702365426827,0.0744911766029075,HOU,DCA,29.645336,-95.276812,38.8521,-77.037697
HOU-DEN,2339,0.237559498052791,14.867157074859369,0.006412997007268063,19.930783242258652,883.0,0.19445184304767701,-0.46606889000875956,-0.9223061897773279,-0.8408534607671623,-0.5086941743763932,HOU,DEN,29.645336,-95.276812,39.860027,-104.673792
HOU-DFW,2132,0.2276543209876543,20.135308641975307,0.04690431519699812,37.27982646420824,247.0,0.019475987498296193,0.39483955289759975,2.1025262691622943,0.837362394133222,0.8385510509228531,HOU,DFW,29.645336,-95.276812,32.896801,-97.038002
HOU-ELP,1053,0.1872015281757402,10.523400191021967,0.003798670465337132,30.025510204081634,677.0,-0.6951262841299329,-1.1759150148945472,-1.117604839854513,0.13563444242672718,-0.7132529241130665,HOU,ELP,29.645336,-95.276812,31.809908,-106.375607
HOU-HRL,1267,0.2286392405063291,12.651898734177216,0.0015785319652722968,27.557093425605537,277.0,0.03687468055487801,-0.8280809893979317,-1.2834563679986606,-0.10314161692965738,-0.5444510734428429,HOU,HRL,29.645336,-95.276812,26.228500366210938,-97.65440368652344
HOU-LAS,2111,0.18523809523809523,10.464761904761906,0.0047370914258645196,25.295629820051413,1235.0,-0.729810505908004,-1.1854975402026569,-1.0475017582938715,-0.32189858407580485,-0.8211770971200842,HOU,LAS,29.645336,-95.276812,36.083361,-115.151817
HOU-LAX,1220,0.19540229885057472,10.874384236453203,0.001639344262295082,25.021008403361346,1390.0,-0.5502589227938092,-1.11855806071667,-1.2789134926821475,-0.3484633928487399,-0.8240484672603416,HOU,LAX,29.645336,-95.276812,33.942501,-118.407997
HOU-LGA,1359,0.2993145468392993,20.753998476770754,0.024282560706401765,15.93384223918575,1428.0,1.2853604078168752,0.49594433235012664,0.41260802691859333,-1.2274874483966318,0.24160632967224083,HOU,LGA,29.645336,-95.276812,40.777199,-73.872597
HOU-MAF,1348,0.1854899027673897,10.713537771129394,0.00741839762611276,28.568548387096776,441.0,-0.7253623029549086,-1.144843196640487,-0.847199511059944,-0.0053010771848087685,-0.6806765219600371,HOU,MAF,29.645336,-95.276812,31.942499,-102.202003
HOU-MCI,1002,0.2371859296482412,13.636180904522613,0.00499001996007984,32.32203389830509,666.0,0.18785272313669776,-0.6672320047290176,-1.0286071785594788,0.3577828586531698,-0.28755090037465725,HOU,MCI,29.645336,-95.276812,39.301699,-94.713893
HOU-MCO,1972,0.22592213114754098,14.286372950819672,0.008620689655172414,21.276643990929706,849.0,-0.01112330388787888,-0.5609792109290586,-0.7573844070521317,-0.7106650222456488,-0.5100379860286794,HOU,MCO,29.645336,-95.276812,28.429399490356445,-81.30899810791016
HOU-MDW,1848,0.23940561364887178,13.596587782058338,0.012445887445887446,21.567816091954022,937.0,0.22706364329547316,-0.6737022159551499,-0.4716297574997829,-0.6824992248473557,-0.40019188875170386,HOU,MDW,29.645336,-95.276812,41.785999,-87.752403
HOU-MSY,2282,0.16893972723273207,9.910690717113946,0.003067484662576687,27.0078125,303.0,-1.0177226620505373,-1.2760424983991463,-1.1722267847203778,-0.1562749192306924,-0.9055667161001884,HOU,MSY,29.645336,-95.276812,29.993401,-90.264673
HOU-OKC,1292,0.22048475371383894,12.844409695074276,0.008513931888544891,27.390070921985817,419.0,-0.10717507178161939,-0.7966213190606513,-0.7653595575825666,-0.11929811675007063,-0.447113516293727,HOU,OKC,29.645336,-95.276812,35.393388,-97.598248
HOU-PHX,2153,0.20757363253856942,12.366058906030856,0.00557361820715281,29.06756756756757,1020.0,-0.3352512039787914,-0.8747922349334929,-0.9850105015519536,0.04297028221246012,-0.5380209145629444,HOU,PHX,29.645336,-95.276812,33.435302,-112.005905
HOU-SAT,1467,0.20054570259208732,10.880627557980901,0.0,25.622448979591837,192.0,-0.4594002269634552,-1.1175377923841254,-1.4013778123847422,-0.290284558552366,-0.8171500975711722,HOU,SAT,29.645336,-95.276812,29.533701,-98.469803
HOU-STL,1542,0.17861799217731422,10.884615384615385,0.0038910505836575876,28.744525547445257,687.0,-0.8467552297900547,-1.1168861115099638,-1.1107037461645757,0.011721628725769992,-0.7656558646847059,HOU,STL,29.645336,-95.276812,38.748697,-90.370003
HOU-TPA,1009,0.2061752988047809,12.643426294820717,0.003964321110009911,21.855072463768117,781.0,-0.35995289682125364,-0.8294655347135129,-1.105230200814543,-0.6547122056191332,-0.7373402094921107,HOU,TPA,29.645336,-95.276812,27.9755,-82.533203
HPN-CLT,1359,0.24747081712062258,26.663813229571986,0.051508462104488596,64.30503144654088,564.0,0.3695361976344054,1.4617118035173378,2.4464709376526366,3.451577305183911,1.9323240609970727,HPN,CLT,41.06700134277344,-73.70760345458984,35.2140007019043,-80.94309997558594
HPN-DCA,1378,0.3778122575640031,40.30876648564779,0.06095791001451379,56.917864476386036,234.0,2.6720296215421637,3.691536688310702,3.152375265671105,2.736998375757671,3.063234987820411,HPN,DCA,41.06700134277344,-73.70760345458984,38.8521,-77.037697
HPN-MCO,1213,0.252991452991453,23.015384615384615,0.01731244847485573,45.49662162162162,972.0,0.46705873340765364,0.8654945236461394,-0.10808190522048901,1.6321933097766634,0.7141661654024918,HPN,MCO,41.06700134277344,-73.70760345458984,28.429399490356445,-81.30899810791016
HPN-ORD,1444,0.2152080344332855,18.53299856527977,0.03254847645429363,33.153333333333336,738.0,-0.2003887987586452,0.13299395950357676,1.0300986736771642,0.4381965088001181,0.35022508580555345,HPN,ORD,41.06700134277344,-73.70760345458984,41.9786,-87.9048
HPN-PBI,1654,0.24798011187072716,19.804847731510254,0.022370012091898428,40.902255639097746,1056.0,0.37853293580883074,0.3408364392351667,0.26973445828488557,1.1877689264578406,0.5442181899466809,HPN,PBI,41.06700134277344,-73.70760345458984,26.683201,-80.095596
HRL-DFW,1555,0.16445623342175067,14.235411140583555,0.027009646302250803,33.600806451612904,461.0,-1.096923988818137,-0.5693072653024227,0.616330143101096,0.481481690128642,-0.14210485522270538,HRL,DFW,26.228500366210938,-97.65440368652344,32.896801,-97.038002
HRL-HOU,1267,0.1942902458366376,12.734337827121331,0.0031570639305445935,30.416326530612245,277.0,-0.5699034406303242,-0.8146089944796107,-1.1655349236125787,0.17343907217759447,-0.5941520716362296,HRL,HOU,26.228500366210938,-97.65440368652344,29.645336,-95.276812
HSV-ATL,2303,0.11704946996466431,10.058745583038869,0.01606600086843248,31.339622641509433,151.0,-1.9343687856332195,-1.2518477343601317,-0.20119557370147506,0.262751788288368,-0.7811650763516146,HSV,ATL,34.636244,-86.774378,33.6367,-84.428101
HSV-DCA,1324,0.3108974358974359,31.840544871794872,0.05211480362537765,45.51546391752577,613.0,1.489973198618414,2.3076806259158955,2.4917666107891363,1.6340159716563147,1.9808591017449402,HSV,DCA,34.636244,-86.774378,38.8521,-77.037697
HSV-DFW,2074,0.2711267605633803,28.2374245472837,0.037608486017357765,46.55658627087198,603.0,0.7874205944003283,1.7188675159169853,1.4080977572630209,1.7347263115825107,1.4122780447907113,HSV,DFW,34.636244,-86.774378,32.896801,-97.038002
HSV-ORD,1228,0.3112970711297071,32.20585774058578,0.024429967426710098,24.502688172043012,510.0,1.497032791416654,2.367379161358111,0.42361978578910525,-0.3986017906258315,0.9723574869845095,HSV,ORD,34.636244,-86.774378,41.9786,-87.9048
IAD-ATL,3854,0.2317722192655668,22.291644491750933,0.02127659574468085,36.77726750861079,534.0,0.09221903585622224,0.7472226829505171,0.18805271992553052,0.7887486235341168,0.4540607655665967,IAD,ATL,38.9445,-77.455803,33.6367,-84.428101
IAD-AUS,1139,0.19787045252883761,13.669032830523514,0.007901668129938543,22.883408071748878,1297.0,-0.5066587631357404,-0.6618634233395883,-0.8110976410350975,-0.5552387591936533,-0.63371464667602,IAD,AUS,38.9445,-77.455803,30.197535,-97.662015
IAD-BDL,1033,0.15779092702169625,10.321499013806706,0.017424975798644726,22.20625,325.0,-1.2146672338079922,-1.2089092114135567,-0.09967575010546742,-0.6207419340802643,-0.7859985323518203,IAD,BDL,38.9445,-77.455803,41.938555,-72.688016
IAD-BNA,1050,0.20423892100192678,14.822736030828516,0.006666666666666667,26.212264150943398,542.0,-0.39415918717761406,-0.47332806836793745,-0.90335624559419,-0.23323027841946178,-0.5010184448898009,IAD,BNA,38.9445,-77.455803,36.1245,-86.6782
IAD-BOS,1552,0.2617801047120419,20.69371727748691,0.015463917525773196,16.7675,412.0,0.622311066992703,0.48609332621432716,-0.24617314714892538,-1.1468456715642836,-0.07115360637654469,IAD,BOS,38.9445,-77.455803,42.36197,-71.0079
IAD-CLT,2099,0.18937530742744713,15.783079193310378,0.030967127203430204,38.94805194805195,322.0,-0.6567262755443558,-0.31639113780793743,0.9119667689434537,0.9987339706933249,0.23439583157112134,IAD,CLT,38.9445,-77.455803,35.2140007019043,-80.94309997558594
IAD-CMH,1246,0.20537897310513448,15.768541157294214,0.013643659711075442,29.813492063492063,299.0,-0.37402006287747874,-0.31876690809285435,-0.3821522944747037,0.11512540336838006,-0.23995346551916422,IAD,CMH,38.9445,-77.455803,39.998001,-82.891899
IAD-DEN,3620,0.2061624649859944,15.032773109243697,0.007458563535911602,21.99048913043478,1452.0,-0.3601796073997084,-0.43900432277570367,-0.8441989876605058,-0.6416130165681639,-0.5712489836010204,IAD,DEN,38.9445,-77.455803,39.860027,-104.673792
IAD-DFW,1893,0.2354223433242507,21.831062670299726,0.021130480718436345,34.9537037037037,1172.0,0.15669881000155997,0.6719555282977119,0.17713745478024084,0.6123507870271625,0.4045356450266688,IAD,DFW,38.9445,-77.455803,32.896801,-97.038002
IAD-DTW,1073,0.25684608120868746,28.8300283286119,0.012115563839701771,5.091911764705882,383.0,0.5351510921509731,1.8157093763198318,-0.4963059994848572,-2.2762541951979633,-0.10542493155300392,IAD,DTW,38.9445,-77.455803,42.21377,-83.353786
IAD-EWR,1505,0.3490759753593429,35.76386036960986,0.027906976744186046,23.58823529411765,212.0,2.1644005775580344,2.9488192479209134,0.6833636299943132,-0.48705907894199807,1.327381094132816,IAD,EWR,38.9445,-77.455803,40.6894,-74.170545
IAD-IAH,1918,0.19012605042016806,13.331407563025211,0.006256517205422315,17.37292817679558,1190.0,-0.6434643321600823,-0.7170373187039794,-0.9339957371902722,-1.088281106803945,-0.8456946237145697,IAD,IAH,38.9445,-77.455803,29.9844,-95.3414
IAD-IND,1066,0.18009478672985782,16.16872037914692,0.009380863039399626,25.78421052631579,476.0,-0.8206675194338728,-0.2533705985183184,-0.7005969960753349,-0.27463696410278354,-0.5123180195325774,IAD,IND,38.9445,-77.455803,39.7173,-86.294403
IAD-LAS,1226,0.18405916187345933,12.744453574363188,0.004893964110929853,25.120535714285715,2065.0,-0.7506364712346552,-0.8129559038090268,-1.0357828612334399,-0.3388358699328043,-0.7345527765524815,IAD,LAS,38.9445,-77.455803,36.083361,-115.151817
IAD-LAX,2447,0.19365471775854964,13.968273588792748,0.0073559460563955865,21.727659574468085,2288.0,-0.5811301020476644,-0.6129622305827676,-0.8518648453498053,-0.6670371694921527,-0.6782485868680975,IAD,LAX,38.9445,-77.455803,33.942501,-118.407997
IAD-MCO,2219,0.2266727355484752,17.517068730086482,0.0076611086074808476,22.686746987951807,758.0,0.0021361912598520183,-0.03302680914283123,-0.8290682155772129,-0.5742622721705868,-0.3585552764076947,IAD,MCO,38.9445,-77.455803,28.429399490356445,-81.30899810791016
IAD-ORD,1992,0.2536783358701167,17.616945712836124,0.00853413654618474,12.486,588.0,0.4791925820573086,-0.016705156926539348,-0.7638502042944271,-1.56100575467857,-0.46559213346055695,IAD,ORD,38.9445,-77.455803,41.9786,-87.9048
IAD-PHX,1200,0.21698906644238855,15.301934398654332,0.0075,26.45736434108527,1956.0,-0.1689267060061078,-0.3950186432437014,-0.8411035497453712,-0.20952113089628402,-0.4036425074728661,IAD,PHX,38.9445,-77.455803,33.435302,-112.005905
IAD-PIT,1338,0.1770516717325228,13.78191489361702,0.01569506726457399,33.566523605150216,182.0,-0.8744244231916051,-0.6434165127046518,-0.22890551388680558,0.4781654256091089,-0.3171452560434884,IAD,PIT,38.9445,-77.455803,40.491501,-80.232903
IAD-RDU,1341,0.18437025796661607,13.525037936267072,0.014914243102162566,23.45679012345679,225.0,-0.7451409303977564,-0.6853947167394563,-0.2872356047996144,-0.4997740953628488,-0.5543863368249189,IAD,RDU,38.9445,-77.455803,35.878659,-78.7873
IAD-SAN,1414,0.17979942693409742,11.549426934097422,0.0049504950495049506,17.776892430278885,2253.0,-0.8258850771431608,-1.0082442342596334,-1.0315598172432432,-1.0492046455642285,-0.9787234435525665,IAD,SAN,38.9445,-77.455803,32.733601,-117.190002
IAD-SEA,1955,0.2417184265010352,16.00672877846791,0.009207161125319692,11.788008565310493,2305.0,0.2679196931037371,-0.27984286966081745,-0.7135730909860258,-1.6285241922831633,-0.5885051149565674,IAD,SEA,38.9445,-77.455803,47.447943,-122.310276
IAD-SFO,2890,0.20713785864240727,17.795311406578026,0.009342560553633217,26.535472972972972,2418.0,-0.34294918956810866,0.012442928452355458,-0.7034583156713389,-0.2019654897717824,-0.3089825166397186,IAD,SFO,38.9445,-77.455803,37.619806,-122.374821
IAD-TPA,1508,0.22431161853593015,16.700470114170585,0.009946949602122016,31.260479041916167,811.0,-0.0395731559436819,-0.16647335751017653,-0.6583084985394225,0.25509603217824045,-0.15231474495376013,IAD,TPA,38.9445,-77.455803,27.9755,-82.533203
IAH-ATL,4726,0.23061931572109137,18.67345171069727,0.02158273381294964,31.979342723004695,689.0,0.07185288967489535,0.15594646897149994,0.21092222398754898,0.3246334937939049,0.1908387691069623,IAH,ATL,29.9844,-95.3414,33.6367,-84.428101
IAH-AUS,2680,0.22083805209513024,16.40958852397131,0.011194029850746268,23.60854700854701,140.0,-0.10093402367878021,-0.21400851546799501,-0.5651475696394123,-0.4850942765745432,-0.34129609634018265,IAH,AUS,29.9844,-95.3414,30.197535,-97.662015
IAH-BNA,1417,0.2544931703810209,17.973400431344356,0.014820042342978124,23.872881355932204,657.0,0.4935867079511757,0.04154580126400981,-0.2942727062518987,-0.4595245614553063,-0.054666189623004874,IAH,BNA,29.9844,-95.3414,36.1245,-86.6782
IAH-BOS,2062,0.27071005917159763,21.50197238658777,0.015518913676042677,23.68488160291439,1597.0,0.7800595263390189,0.6181763991066407,-0.24206475681022707,-0.47771024248656235,0.16961523153721755,IAH,BOS,29.9844,-95.3414,42.36197,-71.0079
IAH-BWI,1270,0.2472,17.86,0.012598425196850394,21.171521035598705,1235.0,0.3647521885180877,0.023014180157477082,-0.4602346940403918,-0.7208338256830206,-0.19832553776196188,IAH,BWI,29.9844,-95.3414,39.1754,-76.668297
IAH-CLT,2354,0.21251629726205998,24.230334637114296,0.021665250637213255,51.66053169734151,912.0,-0.24793858119585177,1.0640386843618799,0.21708649770350077,2.2284435746999707,0.8154075438923749,IAH,CLT,29.9844,-95.3414,35.2140007019043,-80.94309997558594
IAH-DCA,2951,0.2503467406380028,18.073509015256587,0.018637749915282956,23.710526315789473,1208.0,0.4203396486619858,0.057905301175782714,-0.009077600245787534,-0.4752295659909917,-0.0015155540997526668,IAH,DCA,29.9844,-95.3414,38.8521,-77.037697
IAH-DEN,4588,0.20403685827117157,16.417727073277753,0.0034873583260680036,25.301075268817204,861.0,-0.39772864373109457,-0.21267853364768008,-1.1408608637584727,-0.3213718323501399,-0.5181599683718469,IAH,DEN,29.9844,-95.3414,39.860027,-104.673792
IAH-DFW,5729,0.2565028901734104,26.553106936416185,0.03194274742537965,40.94084507042253,224.0,0.5290885912365934,1.443620451883567,0.9848487556726251,1.1915017775812335,1.0372648940935048,IAH,DFW,29.9844,-95.3414,32.896801,-97.038002
IAH-DTW,2130,0.19627507163323782,18.09121298949379,0.01267605633802817,23.559610705596107,1075.0,-0.5348413120492019,0.06079844134072095,-0.4544353966562276,-0.4898280061780588,-0.35457656838569185,IAH,DTW,29.9844,-95.3414,42.21377,-83.353786
IAH-EWR,3705,0.2857142857142857,24.70212765957447,0.019163292847503375,16.127659574468087,1400.0,1.0451105556037181,1.141137946060349,0.030182156932229594,-1.2087390182460953,0.2519229100875504,IAH,EWR,29.9844,-95.3414,40.6894,-74.170545
IAH-FLL,2867,0.20112914608327453,15.60409315455187,0.010463899546564353,18.268421052631577,966.0,-0.4490936445203687,-0.3456405984520474,-0.6196906653469032,-1.0016578663778122,-0.6040206936742829,IAH,FLL,29.9844,-95.3414,26.072599,-80.152702
IAH-IAD,1917,0.2152230971128609,14.84514435695538,0.005738132498695879,22.2,1190.0,-0.200122715151231,-0.46966615452429716,-0.9727207517668961,-0.6213465120364631,-0.5659640333697218,IAH,IAD,29.9844,-95.3414,38.9445,-77.455803
IAH-LAS,3560,0.18089027502126453,13.408562517720442,0.007584269662921348,26.8730407523511,1222.0,-0.806615146270518,-0.7044288447329948,-0.834808333311221,-0.16931172367019415,-0.628791011996232,IAH,LAS,29.9844,-95.3414,36.083361,-115.151817
IAH-LAX,5345,0.17323279924599436,13.0746465598492,0.006361085126286249,23.278563656147988,1379.0,-0.9418851536934563,-0.7589965737913094,-0.9261841752225691,-0.5170143822982172,-0.786020071251388,IAH,LAX,29.9844,-95.3414,33.942501,-118.407997
IAH-LGA,4095,0.2835820895522388,24.814824184163925,0.026862026862026864,18.96877787689563,1416.0,1.007445116086599,1.1595545364467912,0.6053024933647354,-0.933910618790084,0.45959788177701033,IAH,LGA,29.9844,-95.3414,40.777199,-73.872597
IAH-MCO,3702,0.20961538461538462,18.387637362637363,0.011885467314964884,31.458715596330276,854.0,-0.29918346746977875,0.10923938732934096,-0.513494954249236,0.2742719443240859,-0.10729177251639695,IAH,MCO,29.9844,-95.3414,28.429399490356445,-81.30899810791016
IAH-MEM,1049,0.21793635486981677,16.762777242044358,0.010486177311725452,31.58407079646018,468.0,-0.15219276960585087,-0.1562912790797447,-0.6180264442203848,0.2863978628350303,-0.1600281575177375,IAH,MEM,29.9844,-95.3414,35.043845,-89.97634
IAH-MIA,3822,0.2284953395472703,22.260452729693743,0.013867085295656724,35.58857808857809,964.0,0.034332656998901964,0.7421254014919157,-0.36546168052056394,0.6737637563151941,0.27119003357136195,IAH,MIA,29.9844,-95.3414,25.796011,-80.289751
IAH-MSP,1811,0.25461667599328486,24.528259653049805,0.012147984538928768,40.252747252747255,1034.0,0.4957684458473213,1.1127248617249024,-0.493884068371036,1.12494037401726,0.559887403304612,IAH,MSP,29.9844,-95.3414,44.880081,-93.221741
IAH-MSY,3017,0.18370073480293922,13.337341349365397,0.006629101756711966,29.330909090909092,305.0,-0.7569681181001167,-0.7160676338546375,-0.9061624658909881,0.06844395900670705,-0.5776885647097587,IAH,MSY,29.9844,-95.3414,29.993401,-90.264673
IAH-OKC,1503,0.2325895875591616,20.787018255578094,0.011976047904191617,34.42732558139535,395.0,0.10665792125223146,0.5013403438346068,-0.5067282912041097,0.5614329295275083,0.16567572585255924,IAH,OKC,29.9844,-95.3414,35.393388,-97.598248
IAH-ORD,5936,0.2461881103306493,21.753469247901318,0.0136455525606469,32.83020180932498,925.0,0.3468770652919311,0.6592754010071906,-0.38201089248831227,0.4069391973811889,0.25777019279799956,IAH,ORD,29.9844,-95.3414,41.9786,-87.9048
IAH-PDX,1175,0.19776440240756663,14.166809974204643,0.00851063829787234,33.69565217391305,1825.0,-0.5085321481927142,-0.5805179001097962,-0.7656055994606332,0.490656351399426,-0.3409998240909294,IAH,PDX,29.9844,-95.3414,45.588699,-122.598
IAH-PHL,1758,0.21120186697782964,25.033838973162194,0.023890784982935155,38.23480662983425,1325.0,-0.27115811195545114,1.1953453975425337,0.38334111297389184,0.9297399872123214,0.559317096443324,IAH,PHL,29.9844,-95.3414,39.871899,-75.241096
IAH-PHX,3031,0.21595460614152204,19.201602136181574,0.01022764764104256,32.904173106646056,1009.0,-0.18720054149493257,0.24225551961883018,-0.6373394469686857,0.4140946239014661,-0.0420474612358305,IAH,PHX,29.9844,-95.3414,33.435302,-112.005905
IAH-SAN,1687,0.20561864913329347,14.285714285714286,0.006520450503852994,25.808139534883722,1303.0,-0.3697861639975278,-0.5610868483694491,-0.9142790659683753,-0.272322251927766,-0.5293685825657796,IAH,SAN,29.9844,-95.3414,32.733601,-117.190002
IAH-SAT,2393,0.17574989438107308,12.744824672581327,0.010029251984956121,29.08653846153846,191.0,-0.8974204387405281,-0.8128952598459454,-0.6521602442919769,0.044805383701129214,-0.5794176397943304,IAH,SAT,29.9844,-95.3414,29.533701,-98.469803
IAH-SEA,2111,0.2600767754318618,16.55662188099808,0.010895310279488394,24.743542435424356,1874.0,0.5922216000279136,-0.18998068391444878,-0.5874628879757395,-0.37530336209834164,-0.1401313334901541,IAH,SEA,29.9844,-95.3414,47.447943,-122.310276
IAH-SFO,3583,0.18802698145025296,14.20741989881956,0.006419201786212671,22.675635276532137,1635.0,-0.6805445768091953,-0.5738815255633605,-0.9218426727175906,-0.5753371354953823,-0.6879014776463821,IAH,SFO,29.9844,-95.3414,37.619806,-122.374821
IAH-SHV,1258,0.2552845528455285,22.990243902439026,0.022257551669316374,29.21019108280255,192.0,0.5075665513081794,0.8613860898321533,0.26133330090644924,0.05676660754791994,0.4217631373986754,IAH,SHV,29.9844,-95.3414,32.444747,-93.826741
IAH-SLC,1997,0.17718324078748107,14.56082786471479,0.005508262393590386,28.145299145299145,1195.0,-0.8721002438454147,-0.5161284602323019,-0.9898927922523382,-0.04624302303578757,-0.6060911298414605,IAH,SLC,29.9844,-95.3414,40.78886,-111.979866
IAH-SNA,1094,0.13079777365491652,8.315398886827458,0.0018281535648994515,19.43262411347518,1346.0,-1.6915037480134811,-1.5367411871320233,-1.2648088269759985,-0.889041625237816,-1.3455238468398296,IAH,SNA,29.9844,-95.3414,33.675063,-117.869281
IAH-TPA,1766,0.19314285714285714,17.282857142857143,0.007361268403171008,43.74556213017752,787.0,-0.5901721664715366,-0.07130109383328152,-0.8514672488277907,1.4628089948135545,-0.012532878579763596,IAH,TPA,29.9844,-95.3414,27.9755,-82.533203
IAH-TUL,1160,0.20557491289198607,15.954703832752614,0.009482758620689655,30.25,429.0,-0.37055876868606114,-0.28834465903370043,-0.6929850665188707,0.1573498955473297,-0.2986346496728257,IAH,TUL,29.9844,-95.3414,36.197084,-95.886225
ICT-ATL,1143,0.14056939501779359,11.622775800711743,0.011373578302712161,20.28481012658228,782.0,-1.5188871661159191,-0.9962577418929283,-0.5517347194349814,-0.8066075647409646,-0.9683717980461984,ICT,ATL,37.650314,-97.428583,33.6367,-84.428101
ICT-DEN,2099,0.22617901828681425,19.23869104908566,0.008099094807050978,17.26382978723404,420.0,-0.006585369161584999,0.24831649904407213,-0.7963492295758294,-1.0988344638256529,-0.4133631408797488,ICT,DEN,37.650314,-97.428583,39.860027,-104.673792
ICT-DFW,2543,0.2374485596707819,23.56872427983539,0.04128981517892253,47.363951473136915,328.0,0.19249210641928008,0.9559199381110911,1.683104954800156,1.8128247442051026,1.1610854358839076,ICT,DFW,37.650314,-97.428583,32.896801,-97.038002
ICT-ORD,2169,0.2768281101614435,26.132003798670464,0.02581834946980175,25.048027444253858,588.0,0.8881354546342232,1.3748048071548562,0.5273364158497611,-0.3458497742053413,0.6111067258583748,ICT,ORD,37.650314,-97.428583,41.9786,-87.9048
IDA-DEN,1775,0.231651376146789,21.673738532110093,0.010140845070422535,17.433168316831683,458.0,0.09008433115015248,0.6462460024583537,-0.6438238798019306,-1.082453929084882,-0.2474868688195766,IDA,DEN,43.514599,-112.070999,39.860027,-104.673792
IDA-SLC,1154,0.08434782608695653,10.589565217391304,0.0034662045060658577,2.7731958762886597,189.0,-2.5120463049491373,-1.1651024881286045,-1.1424411225456337,-2.5005493172498827,-1.8300348082183147,IDA,SLC,43.514599,-112.070999,40.78886,-111.979866
ILM-ATL,1075,0.14730878186968838,12.087818696883852,0.013953488372093023,27.602564102564102,377.0,-1.3998352831930905,-0.92026156932127,-0.35900709119521457,-0.0987431258988452,-0.6944617674021051,ILM,ATL,34.272345,-77.905117,33.6367,-84.428101
ILM-CLT,2024,0.14199090449722082,15.001515917129863,0.021739130434782608,45.01423487544484,185.0,-1.4937760716146615,-0.44411229665411617,0.2226055575844495,1.5855308468805276,-0.03243799095095018,ILM,CLT,34.272345,-77.905117,35.2140007019043,-80.94309997558594
ILM-LGA,1005,0.23093447905477982,21.019334049409238,0.06965174129353234,34.967441860465115,500.0,0.07742027868644855,0.5393048226051402,3.8018325869195344,0.6136797129050426,1.2580593502790416,ILM,LGA,34.272345,-77.905117,40.777199,-73.872597
IND-ATL,3305,0.13099630996309963,10.002152521525215,0.011800302571860818,31.74413145539906,432.0,-1.6879965860361121,-1.2610960340429171,-0.5198570360686363,0.3018809262028815,-0.7917671824861959,IND,ATL,39.7173,-86.294403,33.6367,-84.428101
IND-BOS,2016,0.24299541518084564,17.63423331635252,0.02628968253968254,17.857442348008387,818.0,0.29047781450907334,-0.013880059046329362,0.5625465209410959,-1.0414128528229696,-0.05056714410478241,IND,BOS,39.7173,-86.294403,42.36197,-71.0079
IND-BWI,1208,0.16175231676495366,11.091828138163438,0.016556291390728478,25.046875,516.0,-1.1446889229779231,-1.0830239101790604,-0.16456928558701334,-0.3459612529880022,-0.6845608429329998,IND,BWI,39.7173,-86.294403,39.1754,-76.668297
IND-CLT,1953,0.1970726607422896,21.754835337166753,0.019969278033794162,42.278514588859416,427.0,-0.520751827750692,0.6594986439734177,0.09039185772520651,1.3208978581453505,0.3875091330233207,IND,CLT,39.7173,-86.294403,35.2140007019043,-80.94309997558594
IND-DCA,2038,0.26104830421377184,19.2672147995889,0.04121687929342493,25.35236220472441,500.0,0.6093837444992007,0.2529777805806315,1.6776564082045402,-0.3164107202076651,0.5559018032691768,IND,DCA,39.7173,-86.294403,38.8521,-77.037697
IND-DEN,2550,0.2327790973871734,15.80166270783848,0.006274509803921568,21.360544217687075,976.0,0.11000562963475935,-0.31335426532006516,-0.9326516318759873,-0.7025491458268378,-0.45963735334703276,IND,DEN,39.7173,-86.294403,39.860027,-104.673792
IND-DFW,2052,0.2350276799194766,26.81580271766482,0.026803118908382065,41.96359743040685,761.0,0.1497270449891568,1.4865495538867277,0.6009018786591442,1.290435142620691,0.8819034050389298,IND,DFW,39.7173,-86.294403,32.896801,-97.038002
IND-EWR,2101,0.1961674230963187,17.73373676248109,0.054259876249405044,16.262210796915166,645.0,-0.536742933264269,0.0023805507290381757,2.6520104751537827,-1.1957235457547228,0.23048113671595727,IND,EWR,39.7173,-86.294403,40.6894,-74.170545
IND-FLL,1092,0.20204841713221602,15.274674115456238,0.014652014652014652,24.170506912442395,1005.0,-0.4328546376644025,-0.39947345204376516,-0.3068249183395727,-0.4307345053485221,-0.39247187834906566,IND,FLL,39.7173,-86.294403,26.072599,-80.152702
IND-IAD,1069,0.15699333967649856,10.834443387250237,0.015902712815715623,24.64242424242424,476.0,-1.228756686947859,-1.12508509659588,-0.2133937194793091,-0.3850847749717024,-0.7380800694986877,IND,IAD,39.7173,-86.294403,38.9445,-77.455803
IND-JFK,1058,0.1881091617933723,14.765107212475634,0.02551984877126654,24.476683937823836,665.0,-0.6790928535586073,-0.48274562889987055,0.5050374480138743,-0.4011172445101097,-0.2644795697386783,IND,JFK,39.7173,-86.294403,40.639447,-73.779317
IND-LAS,1383,0.187454412837345,11.679795769511305,0.005061460592913955,23.992217898832685,1590.0,-0.6906590535364124,-0.9869396780657188,-1.0232703321749956,-0.4479808425422537,-0.787212476579845,IND,LAS,39.7173,-86.294403,36.083361,-115.151817
IND-LGA,2480,0.18739424703891708,12.986040609137056,0.042741935483870966,17.223476297968396,660.0,-0.6917218878487634,-0.7734763415216044,1.791583039215975,-1.1027379566361657,-0.1940882866976396,IND,LGA,39.7173,-86.294403,40.777199,-73.872597
IND-MCO,2467,0.19843234323432343,15.762788778877887,0.012971220105391163,37.78378378378378,829.0,-0.4967329126162505,-0.31970694770301294,-0.4323857083739396,0.8861114319380706,-0.0906785341887831,IND,MCO,39.7173,-86.294403,28.429399490356445,-81.30899810791016
IND-MSP,1205,0.17922948073701842,16.12395309882747,0.009128630705394191,24.177570093457945,503.0,-0.8359532286557697,-0.2606863579648651,-0.7194395674018286,-0.43005126638169944,-0.5615326051010407,IND,MSP,39.7173,-86.294403,44.880081,-93.221741
IND-ORD,4889,0.22250157133878065,19.78944060339409,0.022499488647985275,20.963276836158194,177.0,-0.07154780463731654,0.3383186440451157,0.279406775883638,-0.7409778020810937,-0.04870004669741412,IND,ORD,39.7173,-86.294403,41.9786,-87.9048
IND-PHL,1539,0.2242302543507363,22.653279785809907,0.02664067576348278,46.65074626865672,588.0,-0.04101046169013678,0.8063202381255926,0.5887668502285752,1.7438346410251284,0.7744778169222899,IND,PHL,39.7173,-86.294403,39.871899,-75.241096
IND-PHX,1548,0.2222222222222222,18.25276153346329,0.004521963824289405,36.32748538011696,1489.0,-0.07648253223939222,0.08719830923949316,-1.0635724860733213,0.7452400859374041,-0.07690415578395407,IND,PHX,39.7173,-86.294403,33.435302,-112.005905
IND-TPA,1084,0.22294776119402984,15.232276119402986,0.00922509225092251,39.00836820083682,837.0,-0.06366582018148348,-0.4064020288509312,-0.7122335778959709,1.0045685109868028,-0.0444332289853957,IND,TPA,39.7173,-86.294403,27.9755,-82.533203
ISP-BWI,1201,0.1711864406779661,12.31186440677966,0.014154870940882597,26.707920792079207,220.0,-0.9780342642895534,-0.8836485674383641,-0.34396316183028103,-0.18528418576759792,-0.5977325448314491,ISP,BWI,40.796324,-73.101703,39.1754,-76.668297
ISP-MCO,1450,0.2758132956152758,23.317538896746818,0.01793103448275862,37.10769230769231,971.0,0.87020866319254,0.9148718372201737,-0.06187152929291241,0.8207114314870827,0.635980100651721,ISP,MCO,40.796324,-73.101703,28.429399490356445,-81.30899810791016
ISP-PBI,1291,0.2819698173153296,20.20174741858618,0.019364833462432222,26.583098591549295,1052.0,0.9789641800895394,0.405696815258406,0.04523789285504899,-0.19735854590913168,0.3081350855734657,ISP,PBI,40.796324,-73.101703,26.683201,-80.095596
ITO-HNL,6330,0.136218460555733,7.29718939635899,0.010584518167456557,28.01406799531067,216.0,-1.5957468199042313,-1.7031344914673376,-0.6106800641627755,-0.058937336707727495,-0.992124678060518,ITO,HNL,19.72135,-155.045428,21.318387,-157.92567
JAC-DEN,1632,0.263653483992467,27.314500941619585,0.014705882352941176,27.84285714285714,406.0,0.6554044827090779,1.568045597801824,-0.3028008268173478,-0.07549898586858714,0.4612875669562417,JAC,DEN,43.6073,-110.737999,39.860027,-104.673792
JAC-SLC,1205,0.12144053601340034,11.66247906197655,0.009128630705394191,22.317241379310346,205.0,-1.8568002037089524,-0.9897695320534188,-0.7194395674018286,-0.6100054634788065,-1.0440036916607516,JAC,SLC,43.6073,-110.737999,40.78886,-111.979866
JAN-ATL,2020,0.13299748110831233,12.635768261964735,0.016336633663366337,38.61363636363637,340.0,-1.6526457153821412,-0.8307169917108632,-0.18097842841779513,0.9663851242058159,-0.42448900282624585,JAN,ATL,32.311199,-90.075897,33.6367,-84.428101
JAN-DFW,1899,0.24532453245324531,24.396039603960396,0.040021063717746184,41.15919282511211,408.0,0.3316218833866901,1.0911177847203049,1.588325116215729,1.2126230958645576,1.0559219700468205,JAN,DFW,32.311199,-90.075897,32.896801,-97.038002
JAX-ATL,3967,0.1602053915275995,14.177920410783056,0.016385177716158307,38.12660256410256,269.0,-1.1720154982725404,-0.5787022597408977,-0.1773520306333221,0.9192731403463303,-0.25219916207510745,JAX,ATL,30.492469,-81.687813,33.6367,-84.428101
JAX-BNA,1090,0.15906976744186047,10.097674418604651,0.012844036697247707,38.69005847953216,483.0,-1.192076401240551,-1.2454860792740683,-0.4418867204029445,0.9737776244676803,-0.4764178941124708,JAX,BNA,30.492469,-81.687813,36.1245,-86.6782
JAX-BOS,1570,0.2812295618051014,23.10464355788097,0.024840764331210193,29.42325581395349,1011.0,0.9658874990392611,0.880081001696556,0.45430764349088215,0.07737688589947815,0.5944132575315444,JAX,BOS,30.492469,-81.687813,42.36197,-71.0079
JAX-BWI,1402,0.17779390420899854,12.328737300435414,0.014978601997146932,33.265306122448976,663.0,-0.861312818852396,-0.8808912404291771,-0.28242778714206096,0.4490279135990606,-0.3939009832061434,JAX,BWI,30.492469,-81.687813,39.1754,-76.668297
JAX-CLT,2076,0.2030407062285434,15.767042667974497,0.015895953757225433,40.54106280193237,328.0,-0.4153257603469724,-0.31901178755209425,-0.21389864301420616,1.152829850091918,0.05114841479466134,JAX,CLT,30.492469,-81.687813,35.2140007019043,-80.94309997558594
JAX-DCA,1453,0.28348688873139616,27.162296243798725,0.025464556090846524,43.51,634.0,1.005763384910427,1.543172678385095,0.5009069059136503,1.4400224874182725,1.1224663641568613,JAX,DCA,30.492469,-81.687813,38.8521,-77.037697
JAX-DFW,1829,0.24104604889141557,24.080727686185334,0.0306178239475123,39.08018867924528,917.0,0.25604208135366185,1.0395902823879914,0.8858726857238624,1.0115158834747056,0.7982552332350553,JAX,DFW,30.492469,-81.687813,32.896801,-97.038002
JAX-EWR,1301,0.2692307692307692,30.326121794871796,0.0361260568793236,27.446428571428573,820.0,0.7539277347213723,2.060197311048199,1.2973555049660592,-0.1138465019474693,0.9994085121970401,JAX,EWR,30.492469,-81.687813,40.6894,-74.170545
JAX-JFK,1179,0.2804986642920748,23.485307212822796,0.04071246819338423,29.546031746031748,829.0,0.952976127862377,0.9422881250626783,1.6399752672522176,0.08925330543327839,0.9061232064026378,JAX,JFK,30.492469,-81.687813,40.639447,-73.779317
JAX-MIA,1622,0.215,16.991875,0.012946979038224414,34.63081395348837,335.0,-0.2040637459815459,-0.11885268386049105,-0.4341965945115985,0.5811168629851368,-0.04399904034212468,JAX,MIA,30.492469,-81.687813,25.796011,-80.289751
JAX-ORD,1926,0.22481442205726404,21.035524920466596,0.017133956386292833,29.43867924528302,864.0,-0.030691085917059466,0.5419506951495625,-0.12141584166136069,0.07886883255400245,0.1171781500312862,JAX,ORD,30.492469,-81.687813,41.9786,-87.9048
JAX-PHL,1564,0.23143236074270557,23.06498673740053,0.03580562659846547,55.4785100286533,742.0,0.08621540407737215,0.8736003810964312,1.273418326388044,2.597766060516772,1.2077500430196548,JAX,PHL,30.492469,-81.687813,39.871899,-75.241096
JFK-ATL,4378,0.2571092831962397,21.286486486486485,0.023983554134307902,24.96435100548446,760.0,0.5398005792476096,0.5829622204025848,0.3902712686913647,-0.3539440030586501,0.28977251632072726,JFK,ATL,40.639447,-73.779317,33.6367,-84.428101
JFK-AUS,2077,0.20277640059494298,18.98562221120476,0.026961964371689937,30.679706601466993,1521.0,-0.41999474345162885,0.20696060857802767,0.6127681486362679,0.19891647776812324,0.1496626228826975,JFK,AUS,40.639447,-73.779317,30.197535,-97.662015
JFK-BNA,1575,0.2830564784053156,20.343521594684386,0.04126984126984127,27.009389671361504,765.0,0.9981601472754023,0.42886520432885517,1.6816128391758187,-0.15612235554456233,0.7381289588088784,JFK,BNA,40.639447,-73.779317,36.1245,-86.6782
JFK-BOS,5751,0.2780195865070729,22.29506710192238,0.04103634150582507,30.028701891715592,187.0,0.9091829928632112,0.7477819975328402,1.664169651427733,0.1359431822645772,0.8642694560220905,JFK,BOS,40.639447,-73.779317,42.36197,-71.0079
JFK-BUF,1261,0.2775476387738194,24.594863297431647,0.04203013481363997,33.89850746268657,301.0,0.900845993145025,1.1236090663735647,1.7384092264613245,0.5102790451419493,1.0682858327804658,JFK,BUF,40.639447,-73.779317,42.940498,-78.732201
JFK-CLT,2031,0.19695431472081218,20.26243654822335,0.028064992614475627,36.152061855670105,542.0,-0.5228424210053813,0.4156144843747257,0.6951679266892217,0.7282709345967265,0.32905273116382316,JFK,CLT,40.639447,-73.779317,35.2140007019043,-80.94309997558594
JFK-CMH,1717,0.22922983626440266,16.5591267434809,0.0384391380314502,27.90740740740741,483.0,0.04730760844432287,-0.18957134541453935,1.4701501498904272,-0.0692548791463665,0.3146578834434611,JFK,CMH,40.639447,-73.779317,39.998001,-82.891899
JFK-DCA,2658,0.3338651775029916,25.32189868368568,0.05342362678705794,27.715651135005974,213.0,1.8957004472119008,1.2424194108262092,2.589539935033904,-0.08780393758744182,1.4099639638711432,JFK,DCA,40.639447,-73.779317,38.8521,-77.037697
JFK-DEN,1551,0.31039046988749175,22.657842488418265,0.024500322372662798,19.823027718550108,1626.0,1.4810175978511488,0.807065863825226,0.4288755278513295,-0.8512769190540137,0.4664205176184226,JFK,DEN,40.639447,-73.779317,39.860027,-104.673792
JFK-DFW,2073,0.2565,25.112,0.027013989387361312,34.955165692007796,1391.0,0.5290375360599073,1.208118281362149,0.616654585608812,0.6124922087713025,0.7415756529505427,JFK,DFW,40.639447,-73.779317,32.896801,-97.038002
JFK-DTW,1172,0.26403508771929823,25.29561403508772,0.025597269624573378,40.42857142857143,509.0,0.6621455473204457,1.2381240378460427,0.5108210362137942,1.1419482813564734,0.888259725684189,JFK,DTW,40.639447,-73.779317,42.21377,-83.353786
JFK-FLL,3883,0.28644295302013423,21.046979865771814,0.036827195467422094,26.416119962511715,1069.0,1.0579825299675556,0.5438226342919079,1.3497328256933787,-0.21351080163271305,0.6845067970800324,JFK,FLL,40.639447,-73.779317,26.072599,-80.152702
JFK-IND,1056,0.2753479125248509,22.39065606361829,0.04640151515151515,44.18050541516246,665.0,0.8619876284881811,0.7634029118372693,2.064965479197226,1.5048821343813144,1.2988095384759977,JFK,IND,40.639447,-73.779317,39.7173,-86.294403
JFK-JAX,1179,0.2703180212014134,21.79858657243816,0.033927056827820185,28.872549019607842,829.0,0.7731341398679108,0.6666483638235164,1.133083087312724,0.024105655789050592,0.6492428116983006,JFK,JAX,40.639447,-73.779317,30.492469,-81.687813
JFK-LAS,3787,0.19794761004590872,13.910072913853632,0.02033271719038817,19.987721691678036,2248.0,-0.5052957685650425,-0.62247324251923,0.11754193845520428,-0.8353456637465081,-0.46139318409389407,JFK,LAS,40.639447,-73.779317,36.083361,-115.151817
JFK-LAX,10338,0.21688529440773252,17.898412072196468,0.017895144128458117,24.7512505684402,2475.0,-0.17075984845541828,0.029291387037759038,-0.06455265486512304,-0.3745577353295696,-0.14514471290308797,JFK,LAX,40.639447,-73.779317,33.942501,-118.407997
JFK-MCO,4966,0.28815679733110927,22.490408673894912,0.029802658074909383,26.394356005788712,944.0,1.0882577459096099,0.7797042394082421,0.8249771579636785,-0.2156160829886151,0.6193307650732289,JFK,MCO,40.639447,-73.779317,28.429399490356445,-81.30899810791016
JFK-MIA,4753,0.25793823401478905,22.34732492387995,0.03008626130864717,28.666947723440135,1089.0,0.554444071002497,0.7563218429716071,0.8461632369856225,0.004217333960433845,0.54028662123004,JFK,MIA,40.639447,-73.779317,25.796011,-80.289751
JFK-MSY,1159,0.19801980198019803,14.442844284428443,0.04055220017256255,17.822727272727274,1182.0,-0.5040204914667161,-0.5354090483282976,1.628002727626813,-1.0447709279050075,-0.11404943501830206,JFK,MSY,40.639447,-73.779317,29.993401,-90.264673
JFK-ORD,1941,0.3106637649619151,27.32480957562568,0.04842864502833591,36.75656742556918,740.0,1.485845380247182,1.5697302095556078,2.216398638798558,0.7867462533103666,1.5146801204779285,JFK,ORD,40.639447,-73.779317,41.9786,-87.9048
JFK-PBI,2183,0.2786022020105314,21.22498803255146,0.03847915712322492,27.219931271477662,1028.0,0.9194749488276117,0.572912293489162,1.4731397055085045,-0.1357561458976808,0.7074427004818994,JFK,PBI,40.639447,-73.779317,26.683201,-80.095596
JFK-PHX,2852,0.22410682064236737,17.339949476723206,0.02664796633941094,24.935587761674718,2153.0,-0.043190929397423285,-0.06197120428391344,0.5893114798355573,-0.3567263427636318,0.03185575084764719,JFK,PHX,40.639447,-73.779317,33.435302,-112.005905
JFK-PIT,1770,0.27212918660287083,22.197966507177032,0.05310734463276836,40.778021978021975,340.0,0.8051285417425509,0.7319140558530104,2.5659126349298256,1.1757514971931593,1.3196766824296366,JFK,PIT,40.639447,-73.779317,40.491501,-80.232903
JFK-RDU,2421,0.2653862941946748,18.511567001309473,0.05245766212308963,31.029605263157894,427.0,0.6860147328481871,0.1294916657423484,2.5173792497218326,0.2327630406099967,0.8914121722305912,JFK,RDU,40.639447,-73.779317,35.878659,-78.7873
JFK-RSW,1296,0.22320709105560033,16.24576954069299,0.037037037037037035,26.407942238267147,1074.0,-0.05908473454319542,-0.24077941300499373,1.3654086697849919,-0.21430185312233493,0.21281066727861694,JFK,RSW,40.639447,-73.779317,26.534685,-81.752816
JFK-SAN,2424,0.21225010633772862,13.396427052318163,0.02433993399339934,12.30060120240481,2446.0,-0.2526408681330836,-0.706411992805012,0.41689399706096175,-1.5789398388596545,-0.5302746756841971,JFK,SAN,40.639447,-73.779317,32.733601,-117.190002
JFK-SEA,2925,0.3232394366197183,20.056338028169016,0.024957264957264958,13.624183006535947,2422.0,1.7079957661476135,0.38193436835588906,0.4630106171388633,-1.4509064977391337,0.275508563475808,JFK,SEA,40.639447,-73.779317,47.447943,-122.310276
JFK-SFO,6773,0.2265943012211669,17.98718528569275,0.019046212904178354,23.87425149700599,2586.0,0.0007506417199537214,0.04379848844310397,0.021435906410058166,-0.45939202432089143,-0.0983517469369439,JFK,SFO,40.639447,-73.779317,37.619806,-122.374821
JFK-SJU,3852,0.2852187833511206,22.135005336179297,0.02518172377985462,23.85126286248831,1598.0,1.0363574612015278,0.7216250952950866,0.47977841731477333,-0.46161577178849084,0.44403630050572424,JFK,SJU,40.639447,-73.779317,18.4394,-66.001801
JFK-SLC,1929,0.22604552673372155,14.685018528321864,0.018144116122343183,13.119437939110071,1990.0,-0.0089435096125238,-0.495833525762904,-0.04595364149288186,-1.4997317363416394,-0.5126156033024872,JFK,SLC,40.639447,-73.779317,40.78886,-111.979866
JFK-TPA,2399,0.2569204152249135,19.182525951557093,0.03042934556065027,26.845117845117844,1005.0,0.5364642093219272,0.23913813618890603,0.8717927404941848,-0.17201277553998676,0.3688455776162578,JFK,TPA,40.639447,-73.779317,27.9755,-82.533203
JNU-ANC,1228,0.17420435510887772,12.93718592964824,0.026058631921824105,41.69230769230769,571.0,-0.9247225308343073,-0.7814600537424036,0.5452862923340285,1.2641926153570686,0.025824080778596548,JNU,ANC,58.354935,-134.574416,61.179004,-149.992561
JNU-SEA,1579,0.21623376623376622,13.826623376623377,0.022165927802406588,19.48948948948949,909.0,-0.18226915302459468,-0.6361103617711891,0.2544887016433761,-0.8835408967883446,-0.3618579274851881,JNU,SEA,58.354935,-134.574416,47.447943,-122.310276
KOA-HNL,7361,0.13377283340200521,7.530833676692762,0.010732237467735361,28.406570841889117,163.0,-1.6389490464534657,-1.664952914682097,-0.5996449545572674,-0.02096956570188272,-0.9811291203486783,KOA,HNL,19.738783,-156.045603,21.318387,-157.92567
KOA-LAX,1599,0.13714285714285715,14.031746031746032,0.012507817385866166,34.28703703703704,2504.0,-1.57941726994916,-0.6025897192124674,-0.4670033906388658,0.5478624716993123,-0.5252869770252953,KOA,LAX,19.738783,-156.045603,33.942501,-118.407997
KOA-OGG,1460,0.11057692307692307,6.527472527472527,0.002054794520547945,25.795031055900623,84.0,-2.048706916271208,-1.8289197394104937,-1.247878014401353,-0.2735902675169619,-1.3497737344000043,KOA,OGG,19.738783,-156.045603,20.896263,-156.431837
KOA-SEA,1443,0.148830616583983,10.773919206236712,0.021483021483021482,23.238095238095237,2688.0,-1.372951934274908,-1.1349758102115977,0.2034733903706752,-0.5209289924545247,-0.7063458366425889,KOA,SEA,19.738783,-156.045603,47.447943,-122.310276
KTN-SEA,1300,0.19206349206349208,13.89126984126984,0.03076923076923077,48.59090909090909,680.0,-0.6092392489648693,-0.6255459946475119,0.897183265110114,1.931511388828303,0.39847735258150896,KTN,SEA,55.35559845,-131.7140045,47.447943,-122.310276
LAS-ABQ,1718,0.2283878504672897,12.86857476635514,0.002910360884749709,30.10997442455243,486.0,0.03243385260518559,-0.7926723222210408,-1.1839644392223942,0.1438048753521898,-0.45009950837151486,LAS,ABQ,36.083361,-115.151817,35.039976,-106.608925
LAS-ATL,4869,0.16551868085994573,12.660822375286996,0.01170671595810228,21.64312736443884,1747.0,-1.078155757997837,-0.8266227097954939,-0.5268482588708338,-0.6752141792157418,-0.7767102264699766,LAS,ATL,36.083361,-115.151817,33.6367,-84.428101
LAS-AUS,2909,0.24982698961937716,15.474740484429066,0.00446888965280165,25.94736842105263,1090.0,0.41115819955121985,-0.3667790953996909,-1.0675372983793876,-0.2588542974567571,-0.32050312292115396,LAS,AUS,36.083361,-115.151817,30.197535,-97.662015
LAS-BNA,2051,0.18571428571428572,9.994088669950738,0.007313505607020965,16.180371352785144,1587.0,-0.7213985577491804,-1.2624138089425887,-0.8550352842137319,-1.2036400775736922,-1.0106219321197982,LAS,BNA,36.083361,-115.151817,36.1245,-86.6782
LAS-BOI,1414,0.23742026931254429,14.284904323175054,0.0021216407355021216,27.632835820895522,519.0,0.19199235466281234,-0.5612192104663971,-1.2428843858955283,-0.09581486772293646,-0.42698152735551237,LAS,BOI,36.083361,-115.151817,43.5644,-116.223
LAS-BOS,1702,0.2332535885167464,18.541267942583733,0.012338425381903642,23.394871794871793,2381.0,0.11838755868071774,0.13434532091523382,-0.479657521321147,-0.5057636084103929,-0.18317206253389706,LAS,BOS,36.083361,-115.151817,42.36197,-71.0079
LAS-BUR,4402,0.19413665743305633,12.165512465373961,0.013857337573830078,27.90844233055886,223.0,-0.5726165937766404,-0.9075650437178951,-0.36618986687507565,-0.0691547684705702,-0.47888156821004535,LAS,BUR,36.083361,-115.151817,34.202834,-118.35805
LAS-BWI,1912,0.21052631578947367,11.698032961190856,0.00993723849372385,18.30808080808081,2106.0,-0.28309178526312306,-0.9839594008106316,-0.6590339497523816,-0.9978214801549588,-0.7309766539952738,LAS,BWI,36.083361,-115.151817,39.1754,-76.668297
LAS-CLT,2238,0.1383847549909256,14.856624319419238,0.012064343163538873,44.87213114754098,1916.0,-1.5574790312844975,-0.46779012713908025,-0.5001323496940648,1.571784801859037,-0.2384041765646514,LAS,CLT,36.083361,-115.151817,35.2140007019043,-80.94309997558594
LAS-DAL,2894,0.26050123543946346,14.082950935404165,0.015549412577747062,21.490514905149052,1067.0,0.5997197247447352,-0.5942219391066974,-0.23978639018839573,-0.6899767598121996,-0.2310663410906394,LAS,DAL,36.083361,-115.151817,32.844776,-96.847653
LAS-DEN,7131,0.2543262411347518,18.049929078014184,0.008413967185527976,25.996095928611265,628.0,0.49063788760298077,0.054051925509467205,-0.772827244285602,-0.2541407651478849,-0.12056954908025973,LAS,DEN,36.083361,-115.151817,39.860027,-104.673792
LAS-DFW,5396,0.20656555960837014,20.574774428873106,0.029095626389918458,40.50650557620818,1055.0,-0.35305890416000524,0.4666559768346819,0.7721596038342169,1.149487044187882,0.5088109301741939,LAS,DFW,36.083361,-115.151817,32.896801,-97.038002
LAS-DTW,3061,0.18220617202889033,13.672357189757058,0.0035935968637700096,22.037837837837838,1749.0,-0.7833697057084702,-0.6613201646852102,-1.1329245013084892,-0.6370328590081022,-0.8036618076775679,LAS,DTW,36.083361,-115.151817,42.21377,-83.353786
LAS-ELP,1299,0.22523219814241485,13.16950464396285,0.003079291762894534,33.51546391752577,584.0,-0.02331103329946141,-0.7434950977136061,-1.1713447561304458,0.4732262957550088,-0.36623114784712607,LAS,ELP,36.083361,-115.151817,31.809908,-106.375607
LAS-EWR,2934,0.2232330300909727,19.67704688593422,0.01874573960463531,18.18025078369906,2227.0,-0.058626519119426596,0.3199515376591075,-0.0010104211025147507,-1.0101867945360046,-0.18746804927470961,LAS,EWR,36.083361,-115.151817,40.6894,-74.170545
LAS-FAT,1793,0.18980963045912655,12.058230683090706,0.0039040713887339654,24.743362831858406,259.0,-0.6490539196083481,-0.9250967701614188,-1.109731049902824,-0.37532073559543416,-0.7648006188170063,LAS,FAT,36.083361,-115.151817,36.775767,-119.718018
LAS-FLL,1073,0.23809523809523808,18.259047619047617,0.017707362534948742,21.576,2173.0,0.20391573972138538,0.08822556596956915,-0.07858054737721788,-0.6817075751833309,-0.11703670421739856,LAS,FLL,36.083361,-115.151817,26.072599,-80.152702
LAS-HNL,2162,0.2172886159659896,15.92678318375059,0.0027752081406105457,15.067391304347826,2762.0,-0.16363513637268984,-0.29290738319815085,-1.1940607864312285,-1.31130139004954,-0.7404761740129023,LAS,HNL,36.083361,-115.151817,21.318387,-157.92567
LAS-HOU,2096,0.24542829643888353,12.796920115495668,0.0033396946564885495,22.488235294117647,1235.0,0.3334548836493674,-0.8043819499932344,-1.1518918175707729,-0.5934647992329513,-0.5540709207868978,LAS,HOU,36.083361,-115.151817,29.645336,-95.276812
LAS-IAD,1228,0.13781788351107466,9.796554552912223,0.004885993485342019,24.56547619047619,2065.0,-1.5674928676370625,-1.2946943511695863,-1.036378292749973,-0.392528150328537,-1.0727734154712896,LAS,IAD,36.083361,-115.151817,38.9445,-77.455803
LAS-IAH,3558,0.16519510111079463,12.986328681287382,0.00955593029792018,25.26206896551724,1222.0,-1.0838718237555554,-0.7734292654754387,-0.6875189055180149,-0.3251450085306126,-0.7174912508199054,LAS,IAH,36.083361,-115.151817,29.9844,-95.3414
LAS-IND,1365,0.23412112259970458,15.56794682422452,0.005128205128205128,26.820189274447948,1590.0,0.13371262731761632,-0.35154754333820865,-1.018284299468933,-0.17442417782903608,-0.35263584832964034,LAS,IND,36.083361,-115.151817,39.7173,-86.294403
LAS-JFK,3787,0.2159214830970556,19.155398037077425,0.022445207288090838,28.630050505050505,2248.0,-0.18778566309405192,0.23470495876102637,0.2753517826983156,0.0006481747790873507,0.08072981328609435,LAS,JFK,36.083361,-115.151817,40.639447,-73.779317
LAS-LAX,8626,0.2057142857142857,13.66997084548105,0.005912357987479713,32.35374149659864,236.0,-0.3680967350786008,-0.6617101352296646,-0.95970554413205,0.3608500130487347,-0.4071656003478952,LAS,LAX,36.083361,-115.151817,33.942501,-118.407997
LAS-LGB,2266,0.20549158547387067,10.95837023914969,0.00353045013239188,24.96551724137931,231.0,-0.3720307551209913,-1.1048332735904436,-1.137641766423285,-0.3538311901764495,-0.7420842463277924,LAS,LGB,36.083361,-115.151817,33.816523,-118.149891
LAS-MCI,1985,0.21068702290076335,11.910432569974555,0.0055415617128463475,24.81159420289855,1139.0,-0.28025287949638467,-0.9492495762844555,-0.9874052253800012,-0.3687205463391015,-0.6464070568749858,LAS,MCI,36.083361,-115.151817,39.301699,-94.713893
LAS-MCO,1791,0.24480628860190903,15.429533969679955,0.0033500837520938024,22.40366972477064,2039.0,0.32246705852344365,-0.37416663346234136,-1.1511157185201433,-0.6016450358858446,-0.45111508233622144,LAS,MCO,36.083361,-115.151817,28.429399490356445,-81.30899810791016
LAS-MDW,2500,0.2077764277035237,11.536249493722154,0.0072,22.692007797270954,1521.0,-0.331668808908435,-1.0103976593330077,-0.863514520250946,-0.5737533810752076,-0.6948335923918991,LAS,MDW,36.083361,-115.151817,41.785999,-87.752403
LAS-MIA,1556,0.20078482668410727,18.21517331589274,0.010925449871465296,30.149837133550488,2174.0,-0.4551760780857004,0.08105573466698494,-0.5852113629529248,0.14766089377372346,-0.20291770314947918,LAS,MIA,36.083361,-115.151817,25.796011,-80.289751
LAS-MKE,1148,0.22378854625550662,12.698678414096916,0.0078397212543554,26.570866141732285,1524.0,-0.04881327544678641,-0.8204363685311531,-0.815725273040452,-0.19854182103067877,-0.47087918451226757,LAS,MKE,36.083361,-115.151817,42.947201,-87.896599
LAS-MSP,2348,0.14599483204134367,11.229543496985357,0.008091993185689948,28.678466076696164,1299.0,-1.4230463266556845,-1.0605188030998092,-0.7968797436653754,0.005331532755682444,-0.8187783351662966,LAS,MSP,36.083361,-115.151817,44.880081,-93.221741
LAS-OAK,3627,0.24633268751729864,14.640464987544977,0.0038599393438103115,27.44494382022472,407.0,0.3494310344699209,-0.5031143564162243,-1.1130278564266063,-0.11399012560319563,-0.34517532599402634,LAS,OAK,36.083361,-115.151817,37.720085,-122.221184
LAS-OKC,1224,0.22899505766062603,14.674629324546952,0.006535947712418301,36.49640287769784,986.0,0.043160223012406,-0.4975313040312298,-0.9131213743547891,0.7615798932099846,-0.15147814054090708,LAS,OKC,36.083361,-115.151817,35.393388,-97.598248
LAS-OMA,1122,0.21933751119068934,13.948075201432408,0.0017825311942959,28.844897959183672,1099.0,-0.1274412155053168,-0.6162630016388154,-1.2682169656493008,0.02143090033337568,-0.4976225706150143,LAS,OMA,36.083361,-115.151817,41.3032,-95.894096
LAS-ONT,2528,0.23015556441962504,13.791783007578779,0.007911392405063292,36.00346620450607,197.0,0.06366068067119984,-0.641803889658977,-0.8103712062250681,0.713896909783806,-0.1686543763572598,LAS,ONT,36.083361,-115.151817,34.056,-117.600998
LAS-ORD,5287,0.22467807034403228,17.98962137228522,0.010781161339133724,31.75534644995723,1514.0,-0.03309975135751129,0.044196587755242336,-0.5959901830941766,0.30296578036108257,-0.07048189158384074,LAS,ORD,36.083361,-115.151817,41.9786,-87.9048
LAS-PDX,3190,0.19798234552332913,12.007881462799496,0.005015673981191223,28.883757961783438,763.0,-0.5046821631908442,-0.9333247165844152,-1.0266907401912233,0.025189924485317813,-0.6098769238702912,LAS,PDX,36.083361,-115.151817,45.588699,-122.598
LAS-PHL,1598,0.19654289372599232,15.588348271446863,0.02002503128911139,25.980456026058633,2177.0,-0.5301102103731212,-0.348213588736208,0.09455680626022044,-0.2556536515991514,-0.259855161112065,LAS,PHL,36.083361,-115.151817,39.871899,-75.241096
LAS-PHX,6185,0.2133856979217804,14.84306987399771,0.01099434114793856,36.8819018404908,255.0,-0.23258053931034053,-0.47000516145493904,-0.5800649617358123,0.798870161216712,-0.12094512532109503,LAS,PHX,36.083361,-115.151817,33.435302,-112.005905
LAS-RNO,3969,0.195630081300813,12.28709349593496,0.007054673721340388,33.65064935064935,345.0,-0.5462351250517316,-0.8876965690975795,-0.8743708634000311,0.4863031170135171,-0.45549986013395627,LAS,RNO,36.083361,-115.151817,39.4991,-119.767998
LAS-SAN,6592,0.31547436291065395,18.966380104390545,0.010618932038834952,19.155717761557177,258.0,1.5708250314184213,0.20381611054971216,-0.608109236641296,-0.9158274614459752,0.06267611097021558,LAS,SAN,36.083361,-115.151817,32.733601,-117.190002
LAS-SAT,2129,0.2290292177191329,14.836003770028276,0.0018788163457022077,30.273662551440328,1069.0,0.04376366355905656,-0.47115988688154065,-1.2610241533549953,0.15963883266544773,-0.3821953860030079,LAS,SAT,36.083361,-115.151817,29.533701,-98.469803
LAS-SEA,5800,0.1865203761755486,12.456983629397422,0.009310344827586206,27.408029878618112,867.0,-0.7071588962891034,-0.8599335390478589,-0.705864934625523,-0.11756090246267664,-0.5976295681062905,LAS,SEA,36.083361,-115.151817,47.447943,-122.310276
LAS-SFO,6026,0.29139515455304926,17.338512949039266,0.006471954862263525,19.17947247706422,414.0,1.1454636213581015,-0.06220595812419618,-0.9179018472794104,-0.9135296090697629,-0.187043448278817,LAS,SFO,36.083361,-115.151817,37.619806,-122.374821
LAS-SJC,4134,0.19805825242718447,12.280582524271844,0.003386550556361877,29.604166666666668,386.0,-0.5033412608165757,-0.8887605761605669,-1.1483915302705285,0.09487684007347481,-0.611404131793549,LAS,SJC,36.083361,-115.151817,37.362452,-121.929188
LAS-SLC,3764,0.16630958757364755,11.408677021960365,0.0071732199787460146,36.470209339774556,368.0,-1.0641843188221742,-1.0312452406189583,-0.8655150744724851,0.7590461275102616,-0.5504746266008391,LAS,SLC,36.083361,-115.151817,40.78886,-111.979866
LAS-SMF,4694,0.20068537159991434,12.712786463910902,0.004686834256497656,27.678762006403414,397.0,-0.45693296121166127,-0.818130865539626,-1.051256131428453,-0.09137231422367909,-0.6044230681008549,LAS,SMF,36.083361,-115.151817,38.6954,-121.591003
LAS-SNA,4503,0.17054610564010744,9.992166517457475,0.00621807683766378,19.059055118110237,226.0,-0.9893458410893182,-1.2627279224013457,-0.9368673570171387,-0.9251778779925199,-1.0285297496250807,LAS,SNA,36.083361,-115.151817,33.675063,-117.869281
LAS-STL,2062,0.2004878048780488,11.824878048780487,0.0038797284190106693,26.447688564476884,1371.0,-0.4604229953583688,-0.963230686866873,-1.1115495484911135,-0.21045709269572918,-0.6864150808530212,LAS,STL,36.083361,-115.151817,38.748697,-90.370003
LAS-TPA,1009,0.264,15.336,0.004955401387512388,17.204545454545453,1984.0,0.661525719561375,-0.38945172599814776,-1.0311932979219929,-1.104569183936287,-0.46592212207376316,LAS,TPA,36.083361,-115.151817,27.9755,-82.533203
LAS-TUS,1367,0.2213235294117647,13.304411764705883,0.0043891733723482075,34.38205980066445,364.0,-0.09235802263717148,-0.7214489060320999,-1.0734923624129085,0.5570542586155048,-0.3325612581166687,LAS,TUS,36.083361,-115.151817,32.115004,-110.938053
LAW-DFW,1073,0.27155599603567887,30.067393458870168,0.05871388630009319,47.1021897810219,140.0,0.7950030781362257,2.017916559242712,2.98473943474547,1.7875038883923056,1.8962907401291784,LAW,DFW,34.567699,-98.416603,32.896801,-97.038002
LAX-ABQ,2175,0.12407749077490775,9.163745387453874,0.0022988505747126436,13.605947955390334,677.0,-1.8102181575319307,-1.3981064771023768,-1.2296462376293795,-1.4526704193315805,-1.4726603228988169,LAX,ABQ,33.942501,-118.407997,35.039976,-106.608925
LAX-ASE,1263,0.23989681857265693,22.91487532244196,0.02454473475851148,9.89605734767025,737.0,0.23574082303937607,0.8490695408447714,0.43219327674911967,-1.811537312345305,-0.07363341792800943,LAX,ASE,33.942501,-118.407997,39.223202,-106.869003
LAX-ATL,5188,0.23639921722113502,17.279843444227005,0.011372397841171935,23.103476821192054,1947.0,0.17395537641598732,-0.0717935850917442,-0.5518229037308513,-0.5339509648318075,-0.2459030193096039,LAX,ATL,33.942501,-118.407997,33.6367,-84.428101
LAX-AUS,4012,0.19642407454041802,13.815159909342734,0.007477567298105683,29.8025641025641,1242.0,-0.5322091621147029,-0.6379836935539133,-0.8427793451470841,0.11406831468306082,-0.4747259715331598,LAX,AUS,33.942501,-118.407997,30.197535,-97.662015
LAX-BNA,2216,0.16506189821182943,12.124713434204493,0.012184115523465704,28.916666666666668,1798.0,-1.086224865105026,-0.9142323215949104,-0.49118496694172054,0.028373264891629165,-0.6158172221875069,LAX,BNA,33.942501,-118.407997,36.1245,-86.6782
LAX-BOI,1354,0.09844559585492228,7.102886750555144,0.0007385524372230429,16.458646616541355,674.0,-2.263007917218513,-1.7348869545695245,-1.3462055560933224,-1.1767218231381154,-1.6302055627548688,LAX,BOI,33.942501,-118.407997,43.5644,-116.223
LAX-BOS,4694,0.21539792387543252,17.81271626297578,0.013208351086493396,27.214859437751002,2611.0,-0.19703438445782326,0.01528718751162961,-0.41467125696247237,-0.13624675691666374,-0.18316630270633244,LAX,BOS,33.942501,-118.407997,42.36197,-71.0079
LAX-BWI,1773,0.14749430523917995,7.908883826879271,0.00676818950930626,13.416988416988417,2329.0,-1.3965579959636225,-1.6031728838703105,-0.89577216082073,-1.4709489427765823,-1.3416129958578114,LAX,BWI,33.942501,-118.407997,39.1754,-76.668297
LAX-CLT,2396,0.1944209636517329,16.956889264581573,0.010851419031719533,41.004347826086956,2125.0,-0.5675942985138899,-0.12456996716551584,-0.5907417061730756,1.1976445561784457,-0.021315353918508917,LAX,CLT,33.942501,-118.407997,35.2140007019043,-80.94309997558594
LAX-DAL,1490,0.2423417290673928,13.15997277059224,0.0087248322147651,20.89887640449438,1246.0,0.27893038974220646,-0.7450527731443386,-0.7496046209474426,-0.7472074150976722,-0.4907336048618117,LAX,DAL,33.942501,-118.407997,32.844776,-96.847653
LAX-DCA,1457,0.21995783555867884,17.428671820098383,0.01098146877144818,23.51437699680511,2311.0,-0.11648312901243343,-0.047472415949328176,-0.5810265699020208,-0.49420357469200155,-0.309796422388946,LAX,DCA,33.942501,-118.407997,38.8521,-77.037697
LAX-DEN,7746,0.19861943214378744,14.082703829122167,0.005422153369481022,19.05311475409836,862.0,-0.4934279699804963,-0.5942623206108658,-0.9963254149176008,-0.9257525040938602,-0.7524420524007058,LAX,DEN,33.942501,-118.407997,39.860027,-104.673792
LAX-DFW,6379,0.26284425833467545,25.346432597841844,0.021790249255369182,37.93811274509804,1235.0,0.6411094377166,1.2464286830662907,0.2264242988526011,0.9010400540202507,0.7537506184139356,LAX,DFW,33.942501,-118.407997,32.896801,-97.038002
LAX-DTW,2672,0.17606967057932602,12.448693676637637,0.0093562874251497,21.00215053763441,1979.0,-0.8917715630560566,-0.8612882628501775,-0.7024328739623732,-0.7372174528029553,-0.7981775381678906,LAX,DTW,33.942501,-118.407997,42.21377,-83.353786
LAX-ELP,1269,0.17246835443037975,13.215189873417721,0.002364066193853428,23.96330275229358,715.0,-0.955389141027842,-0.736029329264703,-1.224774419905823,-0.45077787617390097,-0.8417426915930672,LAX,ELP,33.942501,-118.407997,31.809908,-106.375607
LAX-EWR,5190,0.2366852146263911,20.916136724960253,0.022350674373795763,20.021830394626363,2454.0,0.17900754664378896,0.5224405682700821,0.26828986818473904,-0.8320462445597746,0.034422934634708885,LAX,EWR,33.942501,-118.407997,40.6894,-74.170545
LAX-FAT,1021,0.11122047244094488,8.461614173228346,0.004897159647404506,30.38938053097345,209.0,-2.0373385581068377,-1.5128470426791125,-1.0355441443211633,0.1708325189952984,-1.1037243065279538,LAX,FAT,33.942501,-118.407997,36.775767,-119.718018
LAX-FLL,2216,0.2534372135655362,17.359761686526124,0.01128158844765343,27.079566003616637,2343.0,0.47493313457256836,-0.058733541419687625,-0.5586066591967591,-0.14933402538003074,-0.07293527285597728,LAX,FLL,33.942501,-118.407997,26.072599,-80.152702
LAX-HNL,5326,0.21611929029822574,17.09041147602869,0.004693954187007135,27.790393013100438,2556.0,-0.18429138085851327,-0.1027500939735829,-1.0507242495862874,-0.08057397088331447,-0.3545849238254245,LAX,HNL,33.942501,-118.407997,21.318387,-157.92567
LAX-HOU,1219,0.21222130470685385,9.952105697770438,0.002461033634126333,19.233463035019454,1390.0,-0.2531496515672806,-1.2692745635636082,-1.2175306384259659,-0.9083069688805473,-0.9120654556093505,LAX,HOU,33.942501,-118.407997,29.645336,-95.276812
LAX-IAD,2447,0.14634146341463414,9.131459280694502,0.006129955046996322,23.983050847457626,2288.0,-1.4169230518567681,-1.4033825936953805,-0.9434503398556281,-0.44886759409180577,-1.0531558948748956,LAX,IAD,33.942501,-118.407997,38.9445,-77.455803
LAX-IAH,5339,0.16372939169982945,12.154633314383172,0.006368233751638884,23.40972222222222,1379.0,-1.1097637140755265,-0.9093428879618015,-0.9256501497827914,-0.5043270898478014,-0.8622709604169803,LAX,IAH,33.942501,-118.407997,29.9844,-95.3414
LAX-JFK,10337,0.22221121458292054,21.026352288488212,0.018864273967301923,31.462327240303164,2475.0,-0.07667698319082132,0.540451726068423,0.007844479249547098,0.27462130757714925,0.1865601324260745,LAX,JFK,33.942501,-118.407997,40.639447,-73.779317
LAX-KOA,1599,0.1650853889943074,9.600885515496522,0.008130081300813009,13.026819923371647,2504.0,-1.0858098982917546,-1.3266701066467124,-0.7940344382499226,-1.5086909060476081,-1.1788013373089994,LAX,KOA,33.942501,-118.407997,19.738783,-156.045603
LAX-LAS,8599,0.22763466042154568,15.95480093676815,0.006861262937550878,31.304526748971192,236.0,0.019128681806250353,-0.28832879053300337,-0.8888192746365872,0.25935687581129035,-0.22466562688801245,LAX,LAS,33.942501,-118.407997,36.083361,-115.151817
LAX-LIH,1470,0.14520547945205478,8.644520547945206,0.004081632653061225,18.22641509433962,2615.0,-1.4369903120819598,-1.4829569303220487,-1.096466649043588,-1.0057212066037824,-1.2555337745128448,LAX,LIH,33.942501,-118.407997,21.974393,-159.337146
LAX-MCI,1178,0.15278969957081545,10.091845493562232,0.007640067911714771,26.95505617977528,1363.0,-1.3030143725073084,-1.2464386279466257,-0.8306400236179806,-0.1613781685519756,-0.8853677981559727,LAX,MCI,33.942501,-118.407997,39.301699,-94.713893
LAX-MCO,3336,0.22797456857402362,16.815924916742354,0.005095923261390888,22.0,2218.0,0.02513319029680275,-0.14760601608276633,-1.0206958593523958,-0.6406930066348181,-0.44596542294329433,LAX,MCO,33.942501,-118.407997,28.429399490356445,-81.30899810791016
LAX-MDW,1370,0.17233727810650887,9.54733727810651,0.00583941605839416,22.128755364806867,1751.0,-0.9577046162344691,-1.3354208286190214,-0.9651545422032367,-0.6282381817860916,-0.9716295422107047,LAX,MDW,33.942501,-118.407997,41.785999,-87.752403
LAX-MIA,3211,0.23570081709616594,16.53362664990572,0.005917159763313609,24.110666666666667,2342.0,0.1616180745607405,-0.19373850833194797,-0.959346835943424,-0.43652300030684393,-0.3569975675053688,LAX,MIA,33.942501,-118.407997,25.796011,-80.289751
LAX-MSP,2203,0.1482837528604119,9.31075514874142,0.007262823422605538,17.228395061728396,1535.0,-1.3826123317894123,-1.3740825015068183,-0.8588214073473727,-1.1022621524535987,-1.1794445982743005,LAX,MSP,33.942501,-118.407997,44.880081,-93.221741
LAX-MSY,1660,0.18917274939172748,14.329075425790755,0.005421686746987952,23.569131832797428,1671.0,-0.6603044817051719,-0.5540008769219129,-0.9963602731273655,-0.48890700399820575,-0.6748931589381639,LAX,MSY,33.942501,-118.407997,29.993401,-90.264673
LAX-OAK,2167,0.15302325581395348,8.738139534883722,0.007844946931241348,34.41033434650456,337.0,-1.2988885801874706,-1.4676579444738052,-0.8153348980719097,0.5597893253573383,-0.7555230243439618,LAX,OAK,33.942501,-118.407997,37.720085,-122.221184
LAX-OGG,1959,0.14866255144032922,10.143004115226338,0.004594180704441042,19.044982698961938,2485.0,-1.3759208203539215,-1.2380784111311112,-1.0581776515030448,-0.9265391378977117,-1.1496790052214474,LAX,OGG,33.942501,-118.407997,20.896263,-156.431837
LAX-ORD,7013,0.21953705051681469,18.989663706507496,0.015970340795665193,34.511273209549074,1744.0,-0.12391633512458959,0.2076210598546786,-0.20834169059930438,0.569553391200612,0.11122910633284916,LAX,ORD,33.942501,-118.407997,41.9786,-87.9048
LAX-PDX,4492,0.1359856147448865,9.897055518093953,0.0091273374888691,24.29090909090909,833.0,-1.5998600623728954,-1.2782707292705382,-0.7195361748598323,-0.41908770487184166,-1.004188667843777,LAX,PDX,33.942501,-118.407997,45.588699,-122.598
LAX-PHL,2445,0.23311092577147624,19.049207673060884,0.016768916155419224,35.89087656529517,2402.0,0.1158674082841608,0.2173515892209795,-0.14868552781954963,0.7030058355496843,0.22188482630881873,LAX,PHL,33.942501,-118.407997,39.871899,-75.241096
LAX-PHX,7672,0.18272643617720521,13.406862100696726,0.0076903023983315956,32.1136690647482,370.0,-0.77417919211498,-0.704706722723696,-0.8268873449582059,0.3376272130186926,-0.4920365116945474,LAX,PHX,33.942501,-118.407997,33.435302,-112.005905
LAX-RNO,2492,0.11990310859911182,7.700444085587404,0.004815409309791332,17.606060606060606,390.0,-1.8839589990935448,-1.637235596537028,-1.0416511590047288,-1.0657296303865589,-1.407143846255465,LAX,RNO,33.942501,-118.407997,39.4991,-119.767998
LAX-SAN,2438,0.13333333333333333,9.99047619047619,0.009433962264150943,6.559006211180124,109.0,-1.6467128552197468,-1.2630041515019934,-0.6966303122094327,-2.13433852127801,-1.4351714600522958,LAX,SAN,33.942501,-118.407997,32.733601,-117.190002
LAX-SAT,1992,0.1622983870967742,11.941532258064516,0.0030120481927710845,28.51552795031056,1211.0,-1.1350425408009972,-0.9441673413283608,-1.1763680683528663,-0.010429875154243562,-0.8165019564091169,LAX,SAT,33.942501,-118.407997,29.533701,-98.469803
LAX-SEA,7358,0.14951216160505704,10.491273876597498,0.01005708072845882,20.315257352941178,954.0,-1.360912379366032,-1.181165018615042,-0.6500813471258229,-0.803662329239528,-0.9989552685866061,LAX,SEA,33.942501,-118.407997,47.447943,-122.310276
LAX-SFO,10695,0.25955563923931463,16.231783091696478,0.0063581112669471715,17.752266956837143,337.0,0.5830156816935874,-0.2430650442883716,-0.9264063321356883,-1.0515867285088414,-0.40951060580982845,LAX,SFO,33.942501,-118.407997,37.619806,-122.374821
LAX-SJC,4511,0.11475044563279857,6.642825311942959,0.004876967412990468,22.749514563106796,308.0,-1.9749812599738283,-1.810069069531662,-1.0370525695541455,-0.5681906094021475,-1.347573377115446,LAX,SJC,33.942501,-118.407997,37.362452,-121.929188
LAX-SLC,4138,0.11756133106631042,9.155938790381345,0.0043499275012083135,26.167355371900825,590.0,-1.9253267126249323,-1.3993822121005988,-1.0764241559481809,-0.237574415675291,-1.1596768740872507,LAX,SLC,33.942501,-118.407997,40.78886,-111.979866
LAX-SMF,5589,0.13972307139003776,9.84049631361266,0.003757380568974772,23.347490347490346,373.0,-1.5338375501286847,-1.2875134961199117,-1.1206893286863635,-0.51034693298953,-1.1130968269811226,LAX,SMF,33.942501,-118.407997,38.6954,-121.591003
LAX-STL,1055,0.2099236641221374,12.40648854961832,0.005687203791469194,27.513636363636362,1592.0,-0.29373768188839167,-0.8681853214715862,-0.9765252909520438,-0.1073453260028925,-0.5614484050787286,LAX,STL,33.942501,-118.407997,38.748697,-90.370003
LAX-TPA,1144,0.18037135278514588,11.329796640141467,0.007867132867132868,18.563725490196077,2158.0,-0.8157819548627687,-1.0441356796700016,-0.8136775368888983,-0.9730923378467526,-0.9116718773171053,LAX,TPA,33.942501,-118.407997,27.9755,-82.533203
LAX-TUS,2584,0.17877963466770308,15.000777302759424,0.003869969040247678,21.32391304347826,451.0,-0.843899800466285,-0.4442329992078415,-1.1122786056564806,-0.706092569896649,-0.7766259938068141,LAX,TUS,33.942501,-118.407997,32.115004,-110.938053
LBB-DAL,1593,0.15502882767456758,11.753363228699552,0.01694915254237288,43.80578512396694,293.0,-1.2634599704948812,-0.9749174638352721,-0.13522128664605038,1.468634513933774,-0.2262410517606075,LBB,DAL,33.663601,-101.822998,32.844776,-96.847653
LBB-DFW,2692,0.19399538106235567,18.93418013856813,0.03231797919762259,39.70436507936508,282.0,-0.5751122537400818,0.19855407089792046,1.0128797829409288,1.0718940102413979,0.42705390258504133,LBB,DFW,33.663601,-101.822998,32.896801,-97.038002
LCH-DFW,1048,0.22321428571428573,22.136904761904763,0.03625954198473282,14.071111111111112,295.0,-0.05895764024184319,0.7219354948010411,1.3073272741669248,-1.4076740369340512,0.1406577729480179,LCH,DFW,30.126100540161133,-93.22329711914062,32.896801,-97.038002
LEX-ATL,2023,0.12468577174459528,9.47209653092006,0.01532377656945131,32.21370967741935,304.0,-1.7994728187676092,-1.3477164874811787,-0.25664212994476826,0.3473043888819854,-0.7641317618278927,LEX,ATL,38.035066,-84.606738,33.6367,-84.428101
LEX-CLT,1483,0.22059846903270702,21.973556019485038,0.029669588671611596,51.21135646687697,281.0,-0.10516628031053636,0.6952414428749185,0.8150364430553414,2.1849937438504847,0.897526337367552,LEX,CLT,38.035066,-84.606738,35.2140007019043,-80.94309997558594
LEX-DFW,1201,0.20926243567753003,19.562607204116638,0.02331390507910075,37.66803278688525,785.0,-0.30541834262246237,0.30125008478230453,0.3402463179402528,0.8749145517568121,0.30274815296422675,LEX,DFW,38.035066,-84.606738,32.896801,-97.038002
LEX-ORD,1733,0.29923122412773506,26.75044352454169,0.022504327755337564,22.64426877470356,323.0,1.2838885045236,1.4758687144187674,0.27976827285745626,-0.5783712947863618,0.6152885492533655,LEX,ORD,38.035066,-84.606738,41.9786,-87.9048
LFT-DFW,1682,0.27267080745341615,27.08447204968944,0.04042806183115339,48.416856492027335,351.0,0.8146963234272535,1.530454838946063,1.6187291919337075,1.9146748505078253,1.4696388012037125,LFT,DFW,30.205299,-91.987602,32.896801,-97.038002
LGA-ATL,8144,0.24553115423901942,20.80464759959142,0.035609037328094305,34.33801352054082,762.0,0.33527187606256215,0.5042212881109085,1.2587324719213753,0.5527935530130575,0.6627547972769758,LGA,ATL,40.777199,-73.872597,33.6367,-84.428101
LGA-BNA,3942,0.280940924886394,20.632985832665064,0.046169457128361235,27.84490960989534,764.0,0.9607887015657939,0.47616874205403253,2.0476299941556113,-0.07530044565624819,0.8523217480297973,LGA,BNA,40.777199,-73.872597,36.1245,-86.6782
LGA-BOS,7030,0.2659846547314578,19.883255604031895,0.05362731152204837,23.662330316742082,184.0,0.6965848262611667,0.35364966197263636,2.604755843661591,-0.47989168416715505,0.7937746619320598,LGA,BOS,40.777199,-73.872597,42.36197,-71.0079
LGA-BUF,1912,0.25069793411501956,17.954773869346734,0.062238493723849375,30.937639198218264,292.0,0.4265435134389883,0.03850189406396515,3.24803901147057,0.22386693571706406,0.9842378386726469,LGA,BUF,40.777199,-73.872597,42.940498,-78.732201
LGA-CHS,1379,0.29185867895545314,23.382488479262673,0.05221174764321972,27.01578947368421,641.0,1.1536518221691807,0.9254857391246236,2.4990086425376385,-0.1555032868392283,1.1056607292480536,LGA,CHS,40.777199,-73.872597,32.896159,-80.038151
LGA-CLE,1885,0.27323943661971833,21.786478873239435,0.05676392572944297,41.25567010309278,419.0,0.8247412094711641,0.6646697532365663,2.839071071959217,1.2219555815511434,1.3876094040545228,LGA,CLE,40.777199,-73.872597,41.411701,-81.8498
LGA-CLT,4567,0.2275626423690205,23.66378132118451,0.038099408802277204,45.768768768768766,544.0,0.01785647634513367,0.9714539272935543,1.444771277440835,1.6585187763378633,1.0231501143543467,LGA,CLT,40.777199,-73.872597,35.2140007019043,-80.94309997558594
LGA-CMH,3172,0.24072847682119206,18.723509933774835,0.046027742749054225,31.030261348005503,479.0,0.2504321417917001,0.16412686134163768,2.037043471572727,0.23282650531979837,0.6711072450064657,LGA,CMH,40.777199,-73.872597,39.998001,-82.891899
LGA-DAL,1440,0.2714078374455733,20.096516690856312,0.03611111111111111,32.398395721925134,1381.0,0.7923858431397954,0.3885002671330035,1.2962390077307484,0.3651695266940987,0.7105736611744116,LGA,DAL,40.777199,-73.872597,32.844776,-96.847653
LGA-DCA,4743,0.3138309796009863,20.78054247926474,0.05840185536580224,22.91,214.0,1.5417945154858221,0.5002820883095873,2.961429714528065,-0.5526664562123024,1.112709965527793,LGA,DCA,40.777199,-73.872597,38.8521,-77.037697
LGA-DEN,4618,0.29772880593658646,22.820553181920396,0.029666522304027717,29.188066465256796,1620.0,1.2573481502562882,0.8336556473579386,0.8148073754770695,0.05462643857872203,0.7401094029175046,LGA,DEN,40.777199,-73.872597,39.860027,-104.673792
LGA-DFW,6897,0.30547462045698515,27.42278791596381,0.04654197477163984,35.299698795180724,1389.0,1.3941786696625431,1.5857415902731955,2.0754582672100215,0.6458197478687504,1.4252995687536276,LGA,DFW,40.777199,-73.872597,32.896801,-97.038002
LGA-DTW,4041,0.22994791666666667,20.078645833333333,0.049245236327641675,35.08607021517554,502.0,0.059992564191517765,0.3855798553097097,2.2774006505447266,0.6251549270231275,0.8370319992672703,LGA,DTW,40.777199,-73.872597,42.21377,-83.353786
LGA-FLL,4454,0.30758327427356486,25.479801559177886,0.04714863044454423,30.350230414746544,1076.0,1.4314282315014875,1.26822351249993,2.1207774085183546,0.16704543143475428,1.2468686459886316,LGA,FLL,40.777199,-73.872597,26.072599,-80.152702
LGA-GRR,1003,0.23814541622760801,16.72708113804004,0.053838484546360914,28.04424778761062,618.0,0.20480214100261052,-0.16212464908147434,2.6205311517263965,-0.05601797076417514,0.6517976682208394,LGA,GRR,40.777199,-73.872597,42.880798,-85.522797
LGA-GSO,1930,0.24917309812568908,17.416207276736493,0.05958549222797927,34.43141592920354,461.0,0.3996071467237805,-0.049509341136561975,3.0498512172199335,0.5618285989863908,0.9904444054483857,LGA,GSO,40.777199,-73.872597,36.09937,-79.937262
LGA-HOU,1359,0.2727272727272727,20.533333333333335,0.025754231052244298,34.24166666666667,1428.0,0.8156937876358091,0.45988377436879707,0.5225465626339472,0.5434736835728335,0.5853994520528467,LGA,HOU,40.777199,-73.872597,29.645336,-95.276812
LGA-IAH,4103,0.23575194576952047,22.11072056239016,0.02534730684864733,30.129925452609157,1416.0,0.1625212672350846,0.717656536964373,0.4921480082178932,0.14573478763484535,0.37951515001304903,LGA,IAH,40.777199,-73.872597,29.9844,-95.3414
LGA-ILM,1005,0.280343716433942,18.664876476906553,0.07263681592039802,31.440613026819925,500.0,0.9502389598275158,0.15454512524091946,4.024827318318289,0.27252083800784416,1.3505330603486423,LGA,ILM,40.777199,-73.872597,34.272345,-77.905117
LGA-IND,2478,0.26248399487836105,20.930857874519845,0.05367231638418079,36.357723577235774,660.0,0.634745350928726,0.52484626252236,2.6081178524544484,0.7481651015235196,1.1289686418572635,LGA,IND,40.777199,-73.872597,39.7173,-86.294403
LGA-MCI,1713,0.3188759926695174,28.047037263286498,0.04203152364273205,33.509578544061306,1107.0,1.6309151311112682,1.6877548916640475,1.7385129764873906,0.47265698902531084,1.3824599970720044,LGA,MCI,40.777199,-73.872597,39.301699,-94.713893
LGA-MCO,5334,0.31319866640517746,25.673857619141007,0.03787026621672291,31.07201001878522,950.0,1.5306246452569257,1.2999356791471879,1.4276535850194068,0.23686495748843997,1.12376971672799,LGA,MCO,40.777199,-73.872597,28.429399490356445,-81.30899810791016
LGA-MDW,2354,0.26875,21.235714285714284,0.04290569243840272,37.24252491694352,725.0,0.7454349024456371,0.5746651515440185,1.803816213476288,0.8337541232198863,0.9894175976714575,LGA,MDW,40.777199,-73.872597,41.785999,-87.752403
LGA-MIA,6082,0.2969530039593734,27.722327422964366,0.041104899704044726,43.34028985507246,1096.0,1.2436435376272477,1.634691603816933,1.6692911706217866,1.4236060054076394,1.4928080793684015,LGA,MIA,40.777199,-73.872597,25.796011,-80.289751
LGA-MSP,1985,0.18299637117677553,16.200622083981337,0.027204030226700253,27.03116147308782,1020.0,-0.7694107657474413,-0.2481572999476221,0.6308512510930777,-0.15401631532208912,-0.1351832824810187,LGA,MSP,40.777199,-73.872597,44.880081,-93.221741
LGA-MSY,1422,0.28623452294246177,24.034231609613983,0.03164556962025317,33.333333333333336,1183.0,1.054300593650503,1.0319920072866904,0.9626486122539548,0.4556083539386377,0.8761373917824465,LGA,MSY,40.777199,-73.872597,29.993401,-90.264673
LGA-ORD,11620,0.3234681871662594,29.701963978640602,0.04604130808950086,35.57134862898713,733.0,1.7120366653991064,1.958198967444429,2.038056846388219,0.6720971080806489,1.595097396828101,LGA,ORD,40.777199,-73.872597,41.9786,-87.9048
LGA-ORF,1540,0.24965229485396384,16.39221140472879,0.06493506493506493,29.880222841225628,296.0,0.40807220059964305,-0.21684824178920717,3.4494816044063503,0.12158043652321225,0.9405714999349996,LGA,ORF,40.777199,-73.872597,36.895341,-76.201
LGA-PBI,3085,0.31700680272108844,25.80578231292517,0.04376012965964344,30.69420600858369,1035.0,1.5978957203263946,1.3214944899102579,1.8676454380232583,0.20031904127543604,1.2468386723838367,LGA,PBI,40.777199,-73.872597,26.683201,-80.095596
LGA-PIT,3006,0.23079608938547486,18.6536312849162,0.046573519627411845,34.61422087745839,335.0,0.07497561256623746,0.15270746347222125,2.0778147699843847,0.5795117737062165,0.7212524049322651,LGA,PIT,40.777199,-73.872597,40.491501,-80.232903
LGA-PWM,1073,0.22704837117472854,15.932872655478777,0.05498602050326188,33.66086956521739,269.0,0.008771828830617504,-0.2919122566235171,2.706255800007044,0.48729174364318983,0.7276017789643334,LGA,PWM,40.777199,-73.872597,43.646198,-70.309303
LGA-RDU,2827,0.29069767441860467,22.720180045011254,0.05588963565617262,34.76774193548387,431.0,1.1331425712193117,0.817252914842522,2.773758775141288,0.5943622453053347,1.329629126627114,LGA,RDU,40.777199,-73.872597,35.878659,-78.7873
LGA-RIC,2120,0.25708502024291496,17.893724696356276,0.06650943396226415,29.02952755905512,291.0,0.5393719719659593,0.028525387543536937,3.567092063851191,0.03929057811642265,1.0435700003692776,LGA,RIC,40.777199,-73.872597,37.505199,-77.319702
LGA-SDF,1160,0.21942446043165467,18.33992805755396,0.03706896551724138,31.32377049180328,659.0,-0.12590524923967303,0.10144284939222457,1.3677938305454829,0.26121837064505604,0.40113745033577264,LGA,SDF,40.777199,-73.872597,38.1706,-85.735076
LGA-STL,2623,0.25767850019944155,19.700837654567213,0.0434616850934045,36.01238390092879,888.0,0.5498558494839244,0.3238393668755678,1.8453506634514918,0.7147595406121657,0.8584513551057874,LGA,STL,40.777199,-73.872597,38.748697,-90.370003
LGA-TPA,2912,0.3135019593872462,27.000356252226577,0.029876373626373628,35.9125,1010.0,1.5359823434253292,1.5167088410766005,0.8304839481292364,0.7050975238632585,1.1470681641236062,LGA,TPA,40.777199,-73.872597,27.9755,-82.533203
LGB-DEN,1007,0.2085828343313373,15.320359281437126,0.003972194637537239,17.90909090909091,854.0,-0.3174235623374257,-0.3920076939676252,-1.1046420228372436,-1.0364167597829905,-0.7126225097313212,LGB,DEN,33.816523,-118.149891,39.860027,-104.673792
LGB-LAS,2266,0.18306737588652483,10.588652482269504,0.00441306266548985,31.16464891041162,231.0,-0.7681564610788101,-1.1652516450696082,-1.0717077549329206,0.24582614657067875,-0.689822428627665,LGB,LAS,33.816523,-118.149891,36.083361,-115.151817
LGB-OAK,1716,0.10005851375073142,5.3703920421299,0.004079254079254079,35.52046783625731,353.0,-2.2345155755981447,-2.0180070020419665,-1.0966443362017122,0.6671752831721114,-1.170497907667428,LGB,OAK,33.816523,-118.149891,37.720085,-122.221184
LGB-PHX,1557,0.1571798188874515,9.686287192755499,0.005780346820809248,34.93004115226338,355.0,-1.2254625146918667,-1.3127139734463027,-0.9695672053409109,0.6100618499090448,-0.7244204608925089,LGB,PHX,33.816523,-118.149891,33.435302,-112.005905
LGB-SJC,1222,0.11822660098522167,7.041871921182266,0.0032733224222585926,42.048611111111114,324.0,-1.9135746588789697,-1.744857848739974,-1.156850038183162,1.2986587261933478,-0.8791559549021895,LGB,SJC,33.816523,-118.149891,37.362452,-121.929188
LGB-SLC,1543,0.10540013012361743,7.6473649967469095,0.0032404406999351912,18.14814814814815,588.0,-2.1401554355707626,-1.6459096514009381,-1.1593064092137029,-1.0132921618623978,-1.4896659145119504,LGB,SLC,33.816523,-118.149891,40.78886,-111.979866
LGB-SMF,1970,0.11830698623151453,6.758286588475268,0.0040609137055837565,42.2198275862069,387.0,-1.912154646177415,-1.791200670145456,-1.0980144214463348,1.3152209192462976,-0.871537204630727,LGB,SMF,33.816523,-118.149891,38.6954,-121.591003
LIH-HNL,7893,0.14623186545127745,8.022467582488124,0.012922843025465602,28.84108867427568,102.0,-1.4188591098675132,-1.5846113043608951,-0.43599963274513154,0.02106241878389547,-0.8546019070474111,LIH,HNL,21.974393,-159.337146,21.318387,-157.92567
LIH-LAX,1470,0.17687543014452856,11.270474879559533,0.008843537414965987,22.739299610894943,2615.0,-0.877537746905041,-1.0538298966799757,-0.7407369584789077,-0.569178726991093,-0.8103208322637544,LIH,LAX,21.974393,-159.337146,33.942501,-118.407997
LIH-OGG,1459,0.1618457300275482,8.423553719008265,0.0013708019191226869,22.357446808510637,202.0,-1.1430387691811101,-1.5190667890097707,-1.298974474456596,-0.6061162928845665,-1.1417990813830108,LIH,OGG,21.974393,-159.337146,20.896263,-156.431837
LIH-SEA,1094,0.15145813734713076,10.82220131702728,0.02376599634369287,34.75776397515528,2700.0,-1.326536540538663,-1.1270856657669313,0.3740189979289263,0.5933970525273362,-0.37155153896233295,LIH,SEA,21.974393,-159.337146,47.447943,-122.310276
LIT-ATL,2240,0.12767897856817145,13.939352485180118,0.019196428571428573,40.535714285714285,453.0,-1.7465975474476352,-0.6176884465925156,0.032657502704124514,1.152312474891306,-0.29482900411118007,LIT,ATL,34.729222,-92.223591,33.6367,-84.428101
LIT-CLT,1192,0.19807186678352323,17.46450482033304,0.04194630872483222,45.5353982300885,640.0,-0.5031007619711272,-0.041616674700492,1.7321471464484302,1.635944267007898,0.7058434941961773,LIT,CLT,34.729222,-92.223591,35.2140007019043,-80.94309997558594
LIT-DAL,1022,0.1499503475670308,10.498510427010924,0.0136986301369863,33.390728476821195,296.0,-1.3531717844143327,-1.1799824392474847,-0.37804582582881324,0.46116032810593616,-0.6125099303461736,LIT,DAL,34.729222,-92.223591,32.844776,-96.847653
LIT-DEN,1563,0.2810670136629798,24.607026675341576,0.010236724248240563,19.11574074074074,771.0,0.9630160712950976,1.1255967758393064,-0.636661395048002,-0.9196945375323928,0.13306422863850226,LIT,DEN,34.729222,-92.223591,39.860027,-104.673792
LIT-DFW,2723,0.29072872949256007,24.933231590995803,0.034153507161219246,32.41076115485564,304.0,1.1336911619308923,1.1789043852401542,1.1499996597886706,0.3663656656010807,0.9572402181401993,LIT,DFW,34.729222,-92.223591,32.896801,-97.038002
LIT-ORD,1402,0.30825420014609206,23.28853177501826,0.020684736091298145,27.805687203791468,552.0,1.4432801981835228,0.9101315643403258,0.1438388891408653,-0.07909452599536335,0.6045390314173378,LIT,ORD,34.729222,-92.223591,41.9786,-87.9048
LNK-DEN,1600,0.23458359821996186,24.0553083280356,0.011875,22.96747967479675,423.0,0.1418823012964965,1.0354363130563258,-0.5142768965390713,-0.5471063051224498,0.028983853172825286,LNK,DEN,40.844882,-96.76178,39.860027,-104.673792
LNK-ORD,1471,0.23763066202090594,25.130313588850175,0.02107409925220938,28.545454545454547,466.0,0.1957089610298509,1.211111043255988,0.17292557685799564,-0.007535001597742031,0.3930526448865231,LNK,ORD,40.844882,-96.76178,41.9786,-87.9048
LRD-DFW,1563,0.18617021276595744,14.914893617021276,0.03582853486884197,26.67142857142857,396.0,-0.7133445648311584,-0.4582679010548978,1.2751296482938492,-0.1888141685160955,-0.021324246527075583,LRD,DFW,27.5438,-99.461601,32.896801,-97.038002
LSE-ORD,1042,0.19621513944223107,15.326693227091633,0.036468330134357005,34.2994923857868,215.0,-0.5359000196651682,-0.39097261606194894,1.3229244243773952,0.5490673083858517,0.23627977425903246,LSE,ORD,43.879002,-91.256699,41.9786,-87.9048
MAF-DAL,1375,0.1235207100591716,8.32914201183432,0.016,30.191616766467067,319.0,-1.8200537396168013,-1.53449531925985,-0.20612605208741708,0.1517023409864328,-0.852243192494409,MAF,DAL,31.942499,-102.202003,32.844776,-96.847653
MAF-DEN,1449,0.23196605374823195,24.925742574257427,0.012422360248447204,19.878048780487806,563.0,0.09564313965732275,1.1776805484433202,-0.4733873152594899,-0.8459545956661465,-0.011504555706248365,MAF,DEN,31.942499,-102.202003,39.860027,-104.673792
MAF-DFW,2927,0.1868170602749383,16.03313359182235,0.029039972668261017,30.4,309.0,-0.7019179446355152,-0.275527859650077,0.7680020907855822,0.17185976649609588,-0.009395986750978504,MAF,DFW,31.942499,-102.202003,32.896801,-97.038002
MAF-HOU,1346,0.1463963963963964,10.293543543543544,0.008172362555720654,35.37435897435898,441.0,-1.4159526557277013,-1.2134776259833275,-0.7908758917276761,0.6530418116346718,-0.6918160904510083,MAF,HOU,31.942499,-102.202003,29.645336,-95.276812
MBS-DTW,1178,0.19742489270386265,23.248068669527896,0.011035653650254669,0.0,98.0,-0.5145296180493624,0.903519182616097,-0.5769787841660864,-2.768807412453879,-0.7391991580133077,MBS,DTW,43.533181,-84.083104,42.21377,-83.353786
MBS-ORD,1066,0.3056894889103182,34.51108968177435,0.027204502814258912,33.05993690851735,222.0,1.3979743404723923,2.7440945264616112,0.6308865549125391,0.42916204165907745,1.3005293658764052,MBS,ORD,43.533181,-84.083104,41.9786,-87.9048
MCI-ATL,3264,0.13395638629283488,10.724610591900312,0.012867647058823529,34.17906976744186,692.0,-1.635706567909137,-1.143033703354839,-0.4401229500132722,0.537418530709201,-0.6703611726420118,MCI,ATL,39.301699,-94.713893,33.6367,-84.428101
MCI-BNA,1398,0.1644927536231884,10.570289855072463,0.008583690987124463,28.229074889867842,491.0,-1.0962788561315244,-1.1682524206901412,-0.7601483272466923,-0.03813918808693015,-0.7657046980388221,MCI,BNA,39.301699,-94.713893,36.1245,-86.6782
MCI-CLT,1267,0.2153846153846154,22.051012145748988,0.0244672454617206,51.984962406015036,808.0,-0.19726948016095752,0.7078991335669805,0.4264045755995258,2.2598265594644347,0.7992151971174959,MCI,CLT,39.301699,-94.713893,35.2140007019043,-80.94309997558594
MCI-DAL,2030,0.18928392588883325,12.021031547320982,0.014285714285714285,32.01851851851852,461.0,-0.658340538751892,-0.931175761937752,-0.334188740690702,0.32842306537537713,-0.3988204940012422,MCI,DAL,39.301699,-94.713893,32.844776,-96.847653
MCI-DCA,1934,0.24865446716899892,20.814316469321852,0.03205791106514995,34.387445887445885,949.0,0.3904454836091794,0.5058013511516628,0.9934518521199812,0.5575752681096214,0.6118184887476112,MCI,DCA,39.301699,-94.713893,38.8521,-77.037697
MCI-DEN,4211,0.2722914669223394,19.809204218600193,0.006411778674899074,22.00176056338028,533.0,0.8079952383751415,0.34154836569919494,-0.9223972031466192,-0.6405227029851849,-0.10334407551436689,MCI,DEN,39.301699,-94.713893,39.860027,-104.673792
MCI-DFW,2541,0.2869387755102041,27.793877551020408,0.032270759543486814,44.45945945945946,460.0,1.0667412794406927,1.646384150728259,1.0093523220205278,1.5318660489372207,1.3135859502816751,MCI,DFW,39.301699,-94.713893,32.896801,-97.038002
MCI-DTW,1369,0.12130177514792899,11.208579881656805,0.008035062089116142,49.33536585365854,629.0,-1.8592514270432712,-1.0639446258386323,-0.801132680752594,2.0035245325245086,-0.4302010502774971,MCI,DTW,39.301699,-94.713893,42.21377,-83.353786
MCI-HOU,1002,0.18245967741935484,10.857862903225806,0.006986027944111776,30.104972375690608,666.0,-0.7788915098830738,-1.1212579365805913,-0.8794989250293732,0.14332101479576004,-0.6590818391743195,MCI,HOU,39.301699,-94.713893,29.645336,-95.276812
MCI-LAS,1990,0.16666666666666666,10.124747474747474,0.0035175879396984926,27.581818181818182,1139.0,-1.0578764841021138,-1.2410618666614093,-1.1386026138269134,-0.10074993011708942,-0.8845727236768814,MCI,LAS,39.301699,-94.713893,36.083361,-115.151817
MCI-LAX,1181,0.17802385008517888,11.039182282793867,0.005080440304826418,31.68421052631579,1363.0,-0.8572508039938912,-1.0916271670888655,-1.021852486295414,0.2960846265486921,-0.6686614577073696,MCI,LAX,39.301699,-94.713893,33.942501,-118.407997
MCI-LGA,1713,0.23275862068965517,23.540024630541872,0.04495037945125511,30.391534391534393,1107.0,0.10964390690698612,0.9512299116244828,1.9565609479368442,0.17104086725383771,0.7971189084305378,MCI,LGA,39.301699,-94.713893,40.777199,-73.872597
MCI-MCO,1596,0.21116043119847813,13.516169942929613,0.007518796992481203,23.77177177177177,1072.0,-0.27189007877388427,-0.6868439025190589,-0.8396993535984053,-0.469305141574315,-0.566934619116416,MCI,MCO,39.301699,-94.713893,28.429399490356445,-81.30899810791016
MCI-MDW,2106,0.19740634005763688,12.225744476464937,0.010446343779677113,34.148418491484186,404.0,-0.5148573522357087,-0.8977220757962568,-0.6210021379266122,0.5344535569854619,-0.37478200224327896,MCI,MDW,39.301699,-94.713893,41.785999,-87.752403
MCI-MSP,1062,0.19463087248322147,16.84084372003835,0.0160075329566855,19.123152709359605,393.0,-0.5638862398759116,-0.14353384620091333,-0.20556331585375542,-0.9189775594781526,-0.4579902403521833,MCI,MSP,39.301699,-94.713893,44.880081,-93.221741
MCI-ORD,3987,0.241405849153412,22.057465366854796,0.021570102834211187,31.55047821466525,403.0,0.2623979857716967,0.7089537031751539,0.2099786490143355,0.28314836932382853,0.3661196768212537,MCI,ORD,39.301699,-94.713893,41.9786,-87.9048
MCI-PHX,2488,0.21061158363710003,16.880923450789794,0.006832797427652733,33.58653846153846,1044.0,-0.2815855209640436,-0.1369841146387629,-0.8909457403124319,0.48010151216411895,-0.2073534659377798,MCI,PHX,39.301699,-94.713893,33.435302,-112.005905
MCI-SEA,1123,0.18823529411764706,13.847963800904978,0.012466607301869992,21.52403846153846,1490.0,-0.67686471455541,-0.6326229618349546,-0.4700819172287676,-0.6867339432991729,-0.6165758842295762,MCI,SEA,39.301699,-94.713893,47.447943,-122.310276
MCI-SLC,1013,0.129,9.76,0.011846001974333662,35.35658914728682,920.0,-1.7232615834650389,-1.3006680067920324,-0.5164431428654986,0.6513228923173457,-0.7222624602013061,MCI,SLC,39.301699,-94.713893,40.78886,-111.979866
MCI-STL,1020,0.1341222879684418,6.924063116370808,0.004901960784313725,31.03676470588235,237.0,-1.6327758996903354,-1.764109875455374,-1.0351854838622776,0.23345559120997647,-1.0496539169495027,MCI,STL,39.301699,-94.713893,38.748697,-90.370003
MCO-ALB,1080,0.2849109653233365,19.62605435801312,0.010185185185185186,31.55592105263158,1073.0,1.0309198276881781,0.31161846347680067,-0.6405115297880654,0.2836748685004049,0.2464254074693296,MCO,ALB,28.429399490356445,-81.30899810791016,42.748299,-73.801697
MCO-ATL,8191,0.26204071499503473,22.321623634558094,0.014650225857648639,33.793936522974896,404.0,0.6269147713921064,0.7521218011374127,-0.3069585470654969,0.5001636395405655,0.3930604162511469,MCO,ATL,28.429399490356445,-81.30899810791016,33.6367,-84.428101
MCO-AUS,2720,0.23717472118959107,18.317100371747213,0.008823529411764706,26.822884012539184,994.0,0.18765472469317682,0.0977124048154752,-0.7422316210443056,-0.17416350914940568,-0.15775700017126482,MCO,AUS,28.429399490356445,-81.30899810791016,30.197535,-97.662015
MCO-BDL,1943,0.27024185068349105,18.681388012618296,0.018013381369016986,31.396887159533073,1050.0,0.7717885807271243,0.15724340001879783,-0.0557199504957052,0.26829112673147676,0.28540078924542345,MCO,BDL,28.429399490356445,-81.30899810791016,41.938555,-72.688016
MCO-BNA,3480,0.2621843805049912,17.25366999412801,0.019827586206896553,25.2956326987682,616.0,0.6294526357182325,-0.07607078628520728,0.07980701988026209,-0.32189830561041116,0.07782264092571904,MCO,BNA,28.429399490356445,-81.30899810791016,36.1245,-86.6782
MCO-BOS,4649,0.29700996677740865,23.108970099667776,0.02817810281781028,28.143922445935868,1121.0,1.2446497909990628,0.8807880345723941,0.7036176247919301,-0.046376194569763565,0.6956698139484059,MCO,BOS,28.429399490356445,-81.30899810791016,42.36197,-71.0079
MCO-BUF,1837,0.2846111417539989,18.940981798124657,0.010342950462710943,30.131782945736433,1011.0,1.0256234170118494,0.19966558146541039,-0.6287259531832868,0.14591446753861192,0.18561937820814625,MCO,BUF,28.429399490356445,-81.30899810791016,42.940498,-78.732201
MCO-BWI,4839,0.2502116850127011,16.847375105842506,0.021078735275883446,19.95431472081218,787.0,0.41795387873293566,-0.14246650310893116,0.17327190282407104,-0.8385772026535264,-0.09745448105136273,MCO,BWI,28.429399490356445,-81.30899810791016,39.1754,-76.668297
MCO-CLE,1929,0.21458551941238196,15.787513116474292,0.009849663037843442,35.8557457212714,895.0,-0.21138558333489707,-0.31566655693011325,-0.6655761196148753,0.6996075421289761,-0.12325517943772737,MCO,CLE,28.429399490356445,-81.30899810791016,41.411701,-81.8498
MCO-CLT,4764,0.2213149978513107,18.734422002578427,0.021410579345088162,35.00388349514563,468.0,-0.09250873343010252,0.16591008493399342,0.19806172831539381,0.6172048023475516,0.22216697054170909,MCO,CLT,28.429399490356445,-81.30899810791016,35.2140007019043,-80.94309997558594
MCO-CMH,2286,0.2841918294849023,18.57815275310835,0.01399825021872266,26.5671875,802.0,1.0182162275648514,0.1403729464288685,-0.355663236446575,-0.19889766514269355,0.15100706810111283,MCO,CMH,28.429399490356445,-81.30899810791016,39.998001,-82.891899
MCO-CVG,1801,0.2791221159257175,23.20258863252673,0.012215435868961688,41.681451612903224,757.0,0.9286592755209646,0.8960869462160663,-0.4888452358112709,1.2631424799492792,0.6497608664687597,MCO,CVG,28.429399490356445,-81.30899810791016,39.048801,-84.667801
MCO-DAL,2648,0.2589733693554612,17.45966808182169,0.016993957703927493,26.546944858420268,973.0,0.5727298311310076,-0.042407082677085546,-0.13187419613239063,-0.20085578592258707,0.04939819159973609,MCO,DAL,28.429399490356445,-81.30899810791016,32.844776,-96.847653
MCO-DCA,4582,0.3412449619346171,28.9717868338558,0.020515058926233086,36.56955380577428,759.0,2.026065011742364,1.838875204497602,0.13116345600172333,0.768655963384462,1.1911899089065379,MCO,DCA,28.429399490356445,-81.30899810791016,38.8521,-77.037697
MCO-DEN,4592,0.2277423609584524,16.19894482303803,0.005662020905923345,23.786679536679536,1547.0,0.021031221605837733,-0.24843139382830376,-0.9784065339694215,-0.46786307660800697,-0.41841744569997363,MCO,DEN,28.429399490356445,-81.30899810791016,39.860027,-104.673792
MCO-DFW,4862,0.27419354838709675,25.2731324278438,0.027149321266968326,36.96052631578947,985.0,0.8415956807934762,1.2344501485815031,0.6267643148166014,0.8064757011500335,0.8773214613354036,MCO,DFW,28.429399490356445,-81.30899810791016,32.896801,-97.038002
MCO-DTW,3856,0.26824146981627295,20.72782152230971,0.011151452282157677,25.394324853228962,957.0,0.7364516704059488,0.4916665584823895,-0.5683282517522056,-0.3123515694445352,0.08685960192289939,MCO,DTW,28.429399490356445,-81.30899810791016,42.21377,-83.353786
MCO-EWR,6585,0.3143037375808232,31.983441097618673,0.032042520880789675,24.693928750627194,937.0,1.5501458282837435,2.3310323776079054,0.9923021555607364,-0.3801026165230056,1.1233444362323448,MCO,EWR,28.429399490356445,-81.30899810791016,40.6894,-74.170545
MCO-FLL,1424,0.2817601135557133,18.615330021291697,0.010533707865168539,24.743073047858942,177.0,0.9752597440648735,0.1464483646577258,-0.6144757581159626,-0.37534876711833565,0.03297089587207527,MCO,FLL,28.429399490356445,-81.30899810791016,26.072599,-80.152702
MCO-HOU,1964,0.223480947476828,14.059217301750772,0.009164969450101833,28.86635944700461,849.0,-0.05424703590470634,-0.598100431464547,-0.7167249456156534,0.023506923124377695,-0.3363913724651323,MCO,HOU,28.429399490356445,-81.30899810791016,29.645336,-95.276812
MCO-HPN,1212,0.29535864978902954,21.70970464135021,0.014026402640264026,29.282857142857143,972.0,1.2154791259090012,0.6521234960552703,-0.35356015948382813,0.0637957752395697,0.3944595594300032,MCO,HPN,28.429399490356445,-81.30899810791016,41.06700134277344,-73.70760345458984
MCO-IAD,2220,0.20309653916211293,17.559653916211293,0.008108108108108109,35.82286995515695,758.0,-0.4143394664872143,-0.02606764219204837,-0.7956759068286653,0.6964273879712268,-0.13491390688417532,MCO,IAD,28.429399490356445,-81.30899810791016,38.9445,-77.455803
MCO-IAH,3705,0.20027322404371584,17.389890710382513,0.010526315789473684,26.80900409276944,854.0,-0.4642135853523691,-0.053809930038344486,-0.6150279700838704,-0.17550614811366028,-0.3271394083970611,MCO,IAH,28.429399490356445,-81.30899810791016,29.9844,-95.3414
MCO-IND,2464,0.257825370675453,18.544481054365733,0.013392857142857142,29.02076677316294,829.0,0.5524503298274919,0.13487039978319804,-0.40088805767157953,0.03844312563172076,0.08121894939270778,MCO,IND,28.429399490356445,-81.30899810791016,39.7173,-86.294403
MCO-ISP,1449,0.2552742616033755,15.867791842475388,0.015873015873015872,25.09366391184573,971.0,0.5073847555776702,-0.3025476038932428,-0.215612177169142,-0.3414352458365704,-0.08805256783032127,MCO,ISP,28.429399490356445,-81.30899810791016,40.796324,-73.101703
MCO-JFK,4980,0.2855661551223559,23.932185815014517,0.02971887550200803,27.28467683369644,944.0,1.0424938151976146,1.0153159331429347,0.8187183287297674,-0.1294931475490155,0.6867587323803254,MCO,JFK,28.429399490356445,-81.30899810791016,40.639447,-73.779317
MCO-LAS,1787,0.21135469364811693,13.57841483979764,0.0016787912702853946,20.06117021276596,2039.0,-0.2684584148971923,-0.6766719937273656,-1.2759666735734674,-0.8282408066640848,-0.7623344722155276,MCO,LAS,28.429399490356445,-81.30899810791016,36.083361,-115.151817
MCO-LAX,3338,0.2042232277526395,17.770739064856713,0.005392450569203115,24.542097488921712,2218.0,-0.39443640985645484,0.008427376473572874,-0.9985443101874713,-0.3947896299452383,-0.44483574337889786,MCO,LAX,28.429399490356445,-81.30899810791016,33.942501,-118.407997
MCO-LGA,5334,0.31498530852105777,26.133398628795298,0.03787026621672291,26.138059701492537,950.0,1.5621858410569525,1.3750327468820247,1.4276535850194068,-0.2404082583218367,1.0311159786591368,MCO,LGA,28.429399490356445,-81.30899810791016,40.777199,-73.872597
MCO-MCI,1608,0.2806573957016435,17.99810366624526,0.012437810945273632,24.155405405405407,1072.0,0.9557801326781612,0.045582743486029184,-0.47223309822326437,-0.43219531147011264,0.02423361661770336,MCO,MCI,28.429399490356445,-81.30899810791016,39.301699,-94.713893
MCO-MDW,2821,0.28903413217138707,18.684095860566448,0.018433179723502304,25.05276381909548,990.0,1.1037559458177373,0.1576859099069381,-0.024359655360174107,-0.34539161295389537,0.22292264685265145,MCO,MDW,28.429399490356445,-81.30899810791016,41.785999,-87.752403
MCO-MIA,3889,0.2446586763939552,20.51511203751954,0.011828233479043456,39.0692225772098,192.0,0.31985947541751764,0.4569060947772096,-0.5177705069450894,1.0104551053057333,0.3173625421388428,MCO,MIA,28.429399490356445,-81.30899810791016,25.796011,-80.289751
MCO-MKE,1446,0.28350877192982454,16.90245614035088,0.011756569847856155,25.534653465346533,1066.0,1.0061499536049574,-0.1334652951808467,-0.5231240120279594,-0.29877723576289894,0.012695852658313078,MCO,MKE,28.429399490356445,-81.30899810791016,42.947201,-87.896599
MCO-MSP,1948,0.2292099792099792,21.692827442827443,0.011806981519507187,38.96371882086168,1310.0,0.04695683176828919,0.6493654655552459,-0.5193580970729328,1.0002494660442578,0.294303416573715,MCO,MSP,28.429399490356445,-81.30899810791016,44.880081,-93.221741
MCO-MSY,2296,0.25021987686895336,16.723834652594547,0.0078397212543554,27.332161687170476,551.0,0.41809858862018495,-0.16265518179189306,-0.815725273040452,-0.12489982024281997,-0.171295421613745,MCO,MSY,28.429399490356445,-81.30899810791016,29.993401,-90.264673
MCO-ORD,6295,0.28851767758676616,24.065844956211482,0.015726767275615568,28.67734682405846,1005.0,1.09463272851408,1.0371581830596497,-0.22653742051187503,0.005223264680134793,0.47761918893549743,MCO,ORD,28.429399490356445,-81.30899810791016,41.9786,-87.9048
MCO-PHL,5433,0.28922031338493487,25.891447989427977,0.024111908706055587,43.82767624020888,862.0,1.1070448539224103,1.3354937652213372,0.3998597704303415,1.4707520957444071,1.0782876213296242,MCO,PHL,28.429399490356445,-81.30899810791016,39.871899,-75.241096
MCO-PHX,1856,0.2291780076211214,18.972781709308656,0.005387931034482759,30.700712589073635,1849.0,0.046392050737432154,0.20486224516674814,-0.9988819340518607,0.20094843889694836,-0.13666979981268298,MCO,PHX,28.429399490356445,-81.30899810791016,33.435302,-112.005905
MCO-PIT,2184,0.25754060324825984,17.426914153132252,0.011904761904761904,26.163963963963965,834.0,0.5474198872742636,-0.04775964958558226,-0.5120535859730421,-0.2379024749519474,-0.06257395580907704,MCO,PIT,28.429399490356445,-81.30899810791016,40.491501,-80.232903
MCO-PVD,1621,0.2857142857142857,19.662280701754387,0.01418877236273905,34.16885964912281,1072.0,1.0451105556037181,0.3175384839593468,-0.34143061594587437,0.5364308807146605,0.3894123260829628,MCO,PVD,28.429399490356445,-81.30899810791016,41.725038,-71.425668
MCO-RDU,2712,0.24774436090225563,21.007894736842104,0.018067846607669618,39.57207890743551,534.0,0.3743683734659634,0.5374354381266139,-0.0516512209722944,1.0590976416880353,0.47981255807707957,MCO,RDU,28.429399490356445,-81.30899810791016,35.878659,-78.7873
MCO-RIC,1264,0.3042071197411003,20.77588996763754,0.0189873417721519,21.351063829787233,667.0,1.3717881540046244,0.49952178623977256,0.017038042398475933,-0.7034662071933109,0.2962204438623905,MCO,RIC,28.429399490356445,-81.30899810791016,37.505199,-77.319702
MCO-SAT,1179,0.24117140396210163,16.761412575366062,0.01441899915182358,29.32857142857143,1041.0,0.25825649010138113,-0.15651428957026112,-0.324231930013319,0.06821783114776521,-0.038567974583608444,MCO,SAT,28.429399490356445,-81.30899810791016,29.533701,-98.469803
MCO-SEA,1842,0.24092409240924093,16.96809680968097,0.009771986970684038,21.022831050228312,2554.0,0.25388770898172225,-0.12273845755965125,-0.6713787731152033,-0.7352169756770095,-0.31886162434253545,MCO,SEA,28.429399490356445,-81.30899810791016,47.447943,-122.310276
MCO-SFO,1516,0.2186046511627907,16.645182724252493,0.006596306068601583,30.127659574468087,2446.0,-0.1403872546862667,-0.17550828753456058,-0.9086124098874941,0.1455156036387616,-0.26974808711738996,MCO,SFO,28.429399490356445,-81.30899810791016,37.619806,-122.374821
MCO-SJU,6080,0.26581437821683546,19.0,0.009046052631578948,29.533416614615867,1188.0,0.6935768761124629,0.20931019165407483,-0.7256084166574306,0.08803301257430397,0.06632791592085277,MCO,SJU,28.429399490356445,-81.30899810791016,18.4394,-66.001801
MCO-SLC,1506,0.18242790073775988,14.973172367538565,0.005312084993359893,31.488970588235293,1931.0,-0.7794528478593699,-0.44874413019842746,-1.0045478786870914,0.27719858451140444,-0.48888656805837105,MCO,SLC,28.429399490356445,-81.30899810791016,40.78886,-111.979866
MCO-STL,2475,0.24081632653061225,18.26326530612245,0.007272727272727273,34.90169491525424,882.0,0.2519840149146618,0.08891481007464094,-0.85808155770414,0.6073198483031398,0.022534278897075655,MCO,STL,28.429399490356445,-81.30899810791016,38.748697,-90.370003
MDT-ORD,1849,0.24527252502780866,19.57397107897664,0.024337479718766902,24.294784580498867,594.0,0.33070316747673145,0.3031071414152562,0.41671065480629466,-0.4187128191797686,0.15795203612962838,MDT,ORD,40.192838,-76.762333,41.9786,-87.9048
MDW-ATL,3589,0.20410490307867732,14.606898517673889,0.01894678183337977,25.5768156424581,591.0,-0.3965266260053421,-0.5085997068171053,0.014008083760042285,-0.29469878410417977,-0.29645425829164623,MDW,ATL,41.785999,-87.752403,33.6367,-84.428101
MDW-AUS,1358,0.2310549777117385,12.748885586924219,0.0066273932253313695,23.234726688102892,972.0,0.07954889844309145,-0.8122316351572523,-0.9062900987122493,-0.5212548406256807,-0.5400569190130227,MDW,AUS,41.785999,-87.752403,30.197535,-97.662015
MDW-BNA,1901,0.1875332978156633,12.419818859882792,0.011046817464492372,28.488636363636363,395.0,-0.6892655432053534,-0.8660069147748466,-0.5761448111273835,-0.01303116483591125,-0.5361121084858737,MDW,BNA,41.785999,-87.752403,36.1245,-86.6782
MDW-BOS,1348,0.3218304576144036,21.47111777944486,0.01112759643916914,20.72960372960373,861.0,1.6831060236134998,0.6131342146794314,-0.5701103603975447,-0.7635815795497775,0.24063707458640224,MDW,BOS,41.785999,-87.752403,42.36197,-71.0079
MDW-BWI,1901,0.2089875473741202,14.034109366540335,0.02524986849026828,28.60880829015544,611.0,-0.3102742695537381,-0.6022035088212307,0.48486904763207805,-0.0014066371995349568,-0.10725384198560645,MDW,BWI,41.785999,-87.752403,39.1754,-76.668297
MDW-CLE,1107,0.20951509606587373,12.78316559926807,0.00993676603432701,27.74235807860262,307.0,-0.30095507383653797,-0.8066296793908369,-0.6590692439977405,-0.08522050888728629,-0.4629686265281004,MDW,CLE,41.785999,-87.752403,41.411701,-81.8498
MDW-CMH,1258,0.20581113801452786,13.95318805488297,0.012718600953895072,34.98823529411764,283.0,-0.3663858303683314,-0.6154274716342485,-0.45125717621834704,0.6156911131642421,-0.2043448412641712,MDW,CMH,41.785999,-87.752403,39.998001,-82.891899
MDW-DAL,2206,0.22211895910780668,14.351301115241636,0.019492293744333637,26.84100418410042,793.0,-0.0783066845662745,-0.5503688091171224,0.054759588249465196,-0.17241070014325208,-0.18658165139429597,MDW,DAL,41.785999,-87.752403,32.844776,-96.847653
MDW-DCA,2104,0.2822265625,17.95361328125,0.02138783269961977,21.119377162629757,601.0,0.9834996071748366,0.03831223359605983,0.1963624803130842,-0.7258778314666758,0.12307412240432619,MDW,DCA,41.785999,-87.752403,38.8521,-77.037697
MDW-DEN,2495,0.27553927553927554,18.64997964997965,0.01282565130260521,24.688330871491875,895.0,0.8653680735775791,0.15211072222299196,-0.4432601688598323,-0.3806441132152741,0.04839362843136617,MDW,DEN,41.785999,-87.752403,39.860027,-104.673792
MDW-DTW,1568,0.2095730918499353,13.660413971539457,0.013392857142857142,24.540123456790123,228.0,-0.29993057302572984,-0.6632718961925546,-0.40088805767157953,-0.3949805829550921,-0.43976777746123896,MDW,DTW,41.785999,-87.752403,42.21377,-83.353786
MDW-FLL,1140,0.256478999106345,15.502234137622878,0.014912280701754385,24.498257839721255,1167.0,0.5286665533596057,-0.36228614984576296,-0.28738220245850726,-0.3990303476274904,-0.13000803664303873,MDW,FLL,41.785999,-87.752403,26.072599,-80.152702
MDW-HOU,1856,0.24603608529250956,13.061235647895025,0.010775862068965518,19.875555555555554,937.0,0.3441915291386143,-0.7611881522190241,-0.5963860557189791,-0.8461957714795679,-0.4648946125697392,MDW,HOU,41.785999,-87.752403,29.645336,-95.276812
MDW-LAS,2487,0.21973094170403587,12.738687321646962,0.008443908323281062,23.775510204081634,1521.0,-0.12049122963233924,-0.8138982107233376,-0.7705905444353095,-0.46894351377186966,-0.543480874640714,MDW,LAS,41.785999,-87.752403,36.083361,-115.151817
MDW-LAX,1370,0.2649446494464945,14.575645756457565,0.00948905109489051,21.6991643454039,1751.0,0.6782130381229374,-0.5137069566090849,-0.6925149983397958,-0.6697935834679983,-0.2994506250734854,MDW,LAX,41.785999,-87.752403,33.942501,-118.407997
MDW-LGA,2354,0.29641116526362427,19.79840496233939,0.03695836873406967,13.919282511210762,725.0,1.2340719076871665,0.3397835776566359,1.3595318930599078,-1.422360792873291,0.3777566463826048,MDW,LGA,41.785999,-87.752403,40.777199,-73.872597
MDW-MCI,2103,0.19334619093539054,11.848119575699132,0.011887779362815026,28.109725685785538,404.0,-0.586580256495908,-0.9594326133878955,-0.5133222367953126,-0.049684131747411577,-0.527254809606632,MDW,MCI,41.785999,-87.752403,39.301699,-94.713893
MDW-MCO,2804,0.23205828779599272,14.910382513661203,0.014978601997146932,22.328100470957615,990.0,0.09727246251663092,-0.4590050945315913,-0.28242778714206096,-0.6089550366893218,-0.3132788639615858,MDW,MCO,41.785999,-87.752403,28.429399490356445,-81.30899810791016
MDW-MSP,2677,0.22331566994700985,16.29220287660863,0.01270078446021666,17.70508474576271,349.0,-0.05716667853126856,-0.23319139082818183,-0.4525881259328126,-1.0561507804672912,-0.4497742439398885,MDW,MSP,41.785999,-87.752403,44.880081,-93.221741
MDW-MSY,1019,0.24305555555555555,15.51388888888889,0.007850834151128557,32.27755102040816,825.0,0.2915401997091286,-0.3603815589020412,-0.8148951037010695,0.353479919868409,-0.13256413575639328,MDW,MSY,41.785999,-87.752403,29.993401,-90.264673
MDW-OMA,1399,0.20839363241678727,12.47973950795948,0.010721944245889922,28.131944444444443,423.0,-0.3207658314005904,-0.856214829035392,-0.6004138915278857,-0.04753485627552826,-0.4562323520598491,MDW,OMA,41.785999,-87.752403,41.3032,-95.894096
MDW-PHL,1549,0.25605762933857235,16.7969875573019,0.012911555842479019,23.066496163682864,668.0,0.5212230180109882,-0.15070071304069083,-0.436842821828476,-0.5375281952855333,-0.15096217803592799,MDW,PHL,41.785999,-87.752403,39.871899,-75.241096
MDW-PHX,2848,0.22642857142857142,13.968214285714286,0.014747191011235955,23.116719242902207,1444.0,-0.0021769901697860227,-0.6129719217467912,-0.2997149364084507,-0.5326699926313845,-0.3618834602391031,MDW,PHX,41.785999,-87.752403,33.435302,-112.005905
MDW-PIT,1148,0.20352422907488987,13.477533039647577,0.01132404181184669,31.939393939393938,402.0,-0.4067842852011185,-0.693157850745395,-0.5554352555541006,0.320769149162223,-0.33365206058459784,MDW,PIT,41.785999,-87.752403,40.491501,-80.232903
MDW-RSW,1169,0.2454308093994778,14.11923411662315,0.011120615911035072,20.78014184397163,1105.0,0.3334992753272803,-0.58829263038257,-0.5706318284312978,-0.7586929027666294,-0.3960295215633042,MDW,RSW,41.785999,-87.752403,26.534685,-81.752816
MDW-SAN,1031,0.23772102161100198,13.329076620825147,0.008729388942774006,18.81404958677686,1728.0,0.19730517142368575,-0.7174182355766996,-0.7492642186240775,-0.9488778689350614,-0.5545637879280383,MDW,SAN,41.785999,-87.752403,32.733601,-117.190002
MDW-SDF,1004,0.20728008088978767,13.614762386248737,0.014940239043824702,37.326829268292684,271.0,-0.3404368206069187,-0.6707321665944475,-0.2852936238600985,0.841909091609858,-0.11363837986290162,MDW,SDF,41.785999,-87.752403,38.1706,-85.735076
MDW-STL,1727,0.17076023391812867,11.033918128654971,0.009264620729588882,33.08904109589041,251.0,-0.9855632455438077,-1.0924874222818302,-0.7092806726642298,0.4319773616780893,-0.5888384947029446,MDW,STL,41.785999,-87.752403,38.748697,-90.370003
MDW-TPA,1669,0.23809523809523808,15.016483516483516,0.014379868184541641,26.128205128205128,997.0,0.20391573972138538,-0.4416663281793226,-0.32715513985868616,-0.2413615155662065,-0.2015668109707075,MDW,TPA,41.785999,-87.752403,27.9755,-82.533203
MEM-ATL,3306,0.13512677798392084,12.702844774273347,0.02026618269812462,34.5629290617849,332.0,-1.6150314920241784,-0.8197555121422695,0.11257159664279827,0.5745501895318811,-0.43691630449794205,MEM,ATL,35.043845,-89.97634,33.6367,-84.428101
MEM-CLT,1780,0.18255343731946852,16.931831311380705,0.02696629213483146,37.177215189873415,511.0,-0.7772352327028951,-0.12866487658445452,0.6130914465433339,0.8274365518099768,0.1336569722664903,MEM,CLT,35.043845,-89.97634,35.2140007019043,-80.94309997558594
MEM-DCA,1250,0.2519019442096365,23.401521555367708,0.048,37.848993288590606,762.0,0.4478124614860857,0.9285960778657458,2.1843774685072335,0.8924193086006037,1.1133013291149172,MEM,DCA,35.043845,-89.97634,38.8521,-77.037697
MEM-DEN,1253,0.23238866396761135,19.16518218623482,0.009577015163607342,20.05574912891986,872.0,0.10310858769662043,0.23630386048375468,-0.6859437978412516,-0.8287652015108137,-0.29382413779292255,MEM,DEN,35.043845,-89.97634,39.860027,-104.673792
MEM-DFW,2434,0.27458492975734355,25.485312899106003,0.03368940016433854,33.83100775193798,431.0,0.8485094683668515,1.2691241621899387,1.1153293657269223,0.5037496311950092,0.9341781568696805,MEM,DFW,35.043845,-89.97634,32.896801,-97.038002
MEM-DTW,1066,0.16443594646271512,16.67208413001912,0.017823639774859287,5.319767441860465,610.0,-1.0972823597983221,-0.17111212560651318,-0.06989426139686836,-2.2542131520615847,-0.898125474715822,MEM,DTW,35.043845,-89.97634,42.21377,-83.353786
MEM-IAH,1044,0.2031098153547133,16.61904761904762,0.012452107279693486,17.923444976076556,468.0,-0.4141049413350222,-0.17977922249921996,-0.4711651157931938,-1.0350282553859793,-0.5250193837533539,MEM,IAH,35.043845,-89.97634,29.9844,-95.3414
MEM-ORD,2376,0.23970524490680536,19.43042912873862,0.024831649831649833,27.349005424954793,491.0,0.23235665677332387,0.2796498670189524,0.45362676088814785,-0.12327048383251799,0.2105907002119765,MEM,ORD,35.043845,-89.97634,41.9786,-87.9048
MFE-AUS,1031,0.16666666666666666,15.3635477582846,0.0038797284190106693,0.0,279.0,-1.0578764841021138,-0.38494993872262734,-1.1115495484911135,-2.768807412453879,-1.3307958459424334,MFE,AUS,26.176141,-98.237965,30.197535,-97.662015
MFE-DFW,2439,0.22562792677735208,27.109833971902937,0.03403034030340303,46.90754716981132,469.0,-0.016320450899148294,1.53459942223752,1.1407986970627255,1.76867562726033,1.1069383239153567,MFE,DFW,26.176141,-98.237965,32.896801,-97.038002
MFR-SEA,1144,0.07282415630550622,7.048845470692718,0.013111888111888112,2.1219512195121952,352.0,-2.715612981831151,-1.7437182483366658,-0.42187735322500247,-2.5635458234225506,-1.8611886017038426,MFR,SEA,42.374199,-122.873001,47.447943,-122.310276
MFR-SFO,1041,0.21878025169409487,16.949661181026137,0.0067243035542747355,18.57079646017699,329.0,-0.1372852552976825,-0.1257511628998508,-0.899050583633465,-0.9724083454340484,-0.5336238368162617,MFR,SFO,42.374199,-122.873001,37.619806,-122.374821
MGM-DFW,1067,0.27562189054726366,40.0955223880597,0.05248359887535145,50.285198555956676,622.0,0.8668274752226863,3.656688859489779,2.519316809021667,2.095404198746268,2.2845593356201,MGM,DFW,32.300598,-86.393997,32.896801,-97.038002
MHK-DFW,1085,0.1556829035339064,15.358166189111747,0.03225806451612903,24.87116564417178,431.0,-1.2519056608314196,-0.3858293815932374,1.008403962408252,-0.36295805350505783,-0.24807228338036574,MHK,DFW,39.14099884033203,-96.6707992553711,32.896801,-97.038002
MHT-BWI,1677,0.14199759326113118,9.621540312876053,0.007751937984496124,24.694915254237287,377.0,-1.4936579139906145,-1.3232947501817325,-0.8222829672794492,-0.38000718958918595,-1.0048107052602455,MHT,BWI,42.932598,-71.435699,39.1754,-76.668297
MHT-DCA,1190,0.29856115107913667,28.6681654676259,0.06050420168067227,31.08433734939759,406.0,1.2720516030539877,1.7892581435030601,3.118481785378252,0.2380574106639616,1.6044622356498153,MHT,DCA,42.932598,-71.435699,38.8521,-77.037697
MIA-ATL,6217,0.27733158498606786,24.156859531224388,0.015924079137847838,30.940898345153663,594.0,0.8970293832946502,1.0520315622815466,-0.2117975860955835,0.22418220105996878,0.4903613901351455,MIA,ATL,25.796011,-80.289751,33.6367,-84.428101
MIA-AUS,2017,0.24823766364551864,18.847935548841892,0.011898859692612791,28.39553752535497,1103.0,0.3830826113821243,0.18446019100392166,-0.5124945003143467,-0.022036845695531694,0.008252864094041875,MIA,AUS,25.796011,-80.289751,30.197535,-97.662015
MIA-BNA,2383,0.27090443686006827,20.487201365187712,0.013848090642047839,34.59370078740157,806.0,0.7834932259201773,0.4523450009757991,-0.3668806425932051,0.5775268146490063,0.36162109973794443,MIA,BNA,25.796011,-80.289751,36.1245,-86.6782
MIA-BOS,3593,0.30025736345438947,23.45067200457535,0.024770386863345394,29.762857142857143,1258.0,1.3020153492446482,0.9366281240505261,0.4490502189689653,0.11022736227562198,0.6994802636349404,MIA,BOS,25.796011,-80.289751,42.36197,-71.0079
MIA-BWI,2411,0.2621276595744681,19.08255319148936,0.02073828287017835,30.832792207792206,946.0,0.6284506553113631,0.2228008322775684,0.14783900674804135,0.2137248270474065,0.3032038303460949,MIA,BWI,25.796011,-80.289751,39.1754,-76.668297
MIA-CHS,1039,0.2957884427032321,23.796278158667974,0.014436958614051972,33.158940397350996,489.0,1.2230714569069348,0.9931062363804687,-0.32289030008566405,0.4387388939687696,0.5830065717926273,MIA,CHS,25.796011,-80.289751,32.896159,-80.038151
MIA-CLT,3771,0.2279989168697536,17.948280530733822,0.01935826040837974,30.614014251781473,650.0,0.025563305159818885,0.03744076855091034,0.044746864453376424,0.19256189432640242,0.07507820812262701,MIA,CLT,25.796011,-80.289751,35.2140007019043,-80.94309997558594
MIA-CMH,1078,0.24554826616682288,14.69634489222118,0.0055658627087198514,24.50763358778626,990.0,0.3355741598266806,-0.49398259907939374,-0.9855898623740773,-0.3981234083310147,-0.3855304274894513,MIA,CMH,25.796011,-80.289751,39.998001,-82.891899
MIA-CVG,1014,0.25249500998003993,15.774451097804391,0.011834319526627219,29.885375494071145,948.0,0.45828902236843855,-0.31780112007072436,-0.5173158595021053,0.12207886537542723,-0.06368727295724098,MIA,CVG,25.796011,-80.289751,39.048801,-84.667801
MIA-DCA,3958,0.2675872850442939,19.231109953100574,0.02450732693279434,29.32132424537488,919.0,0.7248954367907722,0.24707761488197197,0.429398791153038,0.0675167931949384,0.3672221590051801,MIA,DCA,25.796011,-80.289751,38.8521,-77.037697
MIA-DEN,2571,0.22748815165876776,17.325039494470776,0.006223259432127577,30.18402777777778,1709.0,0.016540591159917926,-0.06440775711295972,-0.9364802004449037,0.15096823934301126,-0.20834478176373353,MIA,DEN,25.796011,-80.289751,39.860027,-104.673792
MIA-DFW,4828,0.28629550321199143,23.26830835117773,0.025890637945318973,29.962602842183994,1121.0,1.0553778156690916,0.9068267018839258,0.5327365988254593,0.12954925774097986,0.6561225935298641,MIA,DFW,25.796011,-80.289751,32.896801,-97.038002
MIA-DTW,1860,0.2665210267613326,21.03003823047515,0.013978494623655914,29.28073770491803,1145.0,0.7060598870503806,0.5410540736919092,-0.35713904330777807,0.06359075676636688,0.23839141855021967,MIA,DTW,25.796011,-80.289751,42.21377,-83.353786
MIA-EWR,3943,0.3199369582348306,28.07880220646178,0.030940907938118184,25.171592775041052,1085.0,1.649657184512062,1.6929458409789344,0.9100081050048353,-0.3338969941822492,0.9796785340783957,MIA,EWR,25.796011,-80.289751,40.6894,-74.170545
MIA-EYW,1304,0.15193798449612403,9.003875968992247,0.007668711656441718,21.255102040816325,126.0,-1.318059996921533,-1.424231946417887,-0.828500243223831,-0.7127488283531815,-1.070885253729108,MIA,EYW,25.796011,-80.289751,24.556119,-81.759579
MIA-IAH,3823,0.24289885850809662,21.17414388107247,0.013078733978550876,29.820765027322405,964.0,0.2887721320854115,0.5646034666220875,-0.4243540742395314,0.11582893514566879,0.1362126149034091,MIA,IAH,25.796011,-80.289751,29.9844,-95.3414
MIA-JAX,1624,0.2545227698066126,19.16593886462882,0.011699507389162561,30.65686274509804,335.0,0.4941095845017536,0.23642751501602494,-0.5273867622904852,0.19670673504888536,0.09996426806904465,MIA,JAX,25.796011,-80.289751,30.492469,-81.687813
MIA-JFK,4753,0.29052585832246847,24.601260321599305,0.02966547443719756,29.6357516828721,1089.0,1.1301074242228586,1.1246544524155664,0.8147290964349881,0.09793213680051167,0.7918557774684812,MIA,JFK,25.796011,-80.289751,40.639447,-73.779317
MIA-LAS,1563,0.2602206359506814,19.236210253082415,0.01215611004478567,24.678304239401495,2174.0,0.5947629092033785,0.247911093429387,-0.49327706679736305,-0.3816140141331552,-0.008054269574438194,MIA,LAS,25.796011,-80.289751,36.083361,-115.151817
MIA-LAX,3207,0.2509433962264151,19.79937106918239,0.005300904271905207,29.114035087719298,2342.0,0.43087962400661883,0.3399414564737676,-1.005383114749598,0.047465200350532075,-0.04677420847966986,MIA,LAX,25.796011,-80.289751,33.942501,-118.407997
MIA-LGA,6065,0.32207207207207206,26.548163548163547,0.04105523495465787,27.66325981710597,1096.0,1.6873741650273912,1.4428126154671235,1.6655810531762012,-0.0928718793312074,1.1757239885848771,MIA,LGA,25.796011,-80.289751,40.777199,-73.872597
MIA-MCO,3888,0.28839634941329856,22.769491525423728,0.012088477366255145,31.15370705244123,192.0,1.0924894552727102,0.8253112763529048,-0.49832944667656515,0.2447677135900781,0.416059749634782,MIA,MCO,25.796011,-80.289751,28.429399490356445,-81.30899810791016
MIA-MSP,1133,0.26964285714285713,19.920535714285716,0.0088261253309797,29.7317880794702,1501.0,0.7612073052434308,0.3597418864010928,-0.7420376974810987,0.10722197494066464,0.12153336727602237,MIA,MSP,25.796011,-80.289751,44.880081,-93.221741
MIA-MSY,1634,0.2811720698254364,21.03927680798005,0.01591187270501836,32.84035476718404,674.0,0.9648718979790322,0.5425638194296853,-0.21270944611598253,0.40792131810307664,0.4256618973489529,MIA,MSY,25.796011,-80.289751,29.993401,-90.264673
MIA-ORD,4450,0.29197416974169743,22.10239852398524,0.018202247191011236,23.856240126382307,1197.0,1.155691977433269,0.7162965698044098,-0.041611062608290894,-0.4611343087432917,0.34231079397152403,MIA,ORD,25.796011,-80.289751,41.9786,-87.9048
MIA-PHL,3147,0.2469055374592834,20.676221498371337,0.022878932316491896,34.440633245382585,1013.0,0.3595504809009184,0.4832342087869088,0.3077524454284014,0.5627202127747372,0.42831433697274146,MIA,PHL,25.796011,-80.289751,39.871899,-75.241096
MIA-PHX,1821,0.22234574763757642,15.560867148415786,0.008237232289950576,24.4925,1972.0,-0.0743004445198531,-0.35270448664159126,-0.7860299127259053,-0.3995873177028177,-0.40315554039754187,MIA,PHX,25.796011,-80.289751,33.435302,-112.005905
MIA-PNS,1286,0.1595238095238095,8.9,0.013219284603421462,17.109452736318406,530.0,-1.184055706484464,-1.4412071031842024,-0.4138544878778154,-1.1137677377338995,-1.0382212588200952,MIA,PNS,25.796011,-80.289751,30.472718,-87.186639
MIA-RDU,2462,0.2857733664185277,22.287427626137305,0.017465475223395612,36.65123010130246,700.0,1.046154221628386,0.7465335730866257,-0.09665031206018453,0.7765567134357102,0.6181485490226343,MIA,RDU,25.796011,-80.289751,35.878659,-78.7873
MIA-SEA,1139,0.34255129348795715,24.330954504906334,0.010535557506584723,20.984375,2724.0,2.04914147768272,1.080481737034662,-0.6143375839185493,-0.7389369245170901,0.4440871765704356,MIA,SEA,25.796011,-80.289751,47.447943,-122.310276
MIA-SFO,1689,0.2175732217573222,16.1249252839211,0.006512729425695678,24.22252747252747,2585.0,-0.15860754913166975,-0.2605274858548829,-0.9148558554845582,-0.4257024279250755,-0.43992332959904656,MIA,SFO,25.796011,-80.289751,37.619806,-122.374821
MIA-SJU,2611,0.256489732661759,21.334366524602867,0.011106855610877058,33.25679758308157,1045.0,0.5288561625941813,0.5907866591143278,-0.5716597673679281,0.4482048615445036,0.24904697897127115,MIA,SJU,25.796011,-80.289751,18.4394,-66.001801
MIA-STL,1136,0.2983081032947462,21.479073909171863,0.008802816901408451,37.146268656716416,1068.0,1.2675814908815928,0.6144343859382824,-0.7437789125732738,0.8244430171271783,0.4906699953434449,MIA,STL,25.796011,-80.289751,38.748697,-90.370003
MIA-TLH,1150,0.16052631578947368,9.75263157894737,0.0052173913043478265,20.78688524590164,402.0,-1.1663463419395723,-1.3018721361368857,-1.0116218035921363,-0.7580405968215621,-1.059470219622539,MIA,TLH,25.796011,-80.289751,30.401209,-84.35433
MIA-TPA,3058,0.2933952870892798,24.00995685363425,0.014388489208633094,39.74547511312217,204.0,1.1807961448897506,1.0280250860418858,-0.3265111214698815,1.0758706854714961,0.7395451987333128,MIA,TPA,25.796011,-80.289751,27.9755,-82.533203
MKE-ATL,2223,0.11249423697556478,10.900875979714154,0.018893387314439947,26.540983606557376,669.0,-2.0148373915201203,-1.1142288448332427,0.010019340462976485,-0.2014324325574115,-0.8301198321119494,MKE,ATL,42.947201,-87.896599,33.6367,-84.428101
MKE-DCA,1349,0.2501942501942502,27.27195027195027,0.040770941438102296,34.24844720496895,634.0,0.41764589107610395,1.5610920714457692,1.6443434077946908,0.5441295818110286,1.0418027380318982,MKE,DCA,42.947201,-87.896599,38.8521,-77.037697
MKE-DEN,2369,0.21665250637213254,16.685216652506373,0.005065428450823132,19.67058823529412,896.0,-0.1748720703190871,-0.16896604090452652,-1.0229739203530859,-0.8660227672509538,-0.5582086997069133,MKE,DEN,42.947201,-87.896599,39.860027,-104.673792
MKE-DFW,1090,0.28653295128939826,29.16618911174785,0.03486238532110092,35.95,853.0,1.0595723575959646,1.8706439492319376,1.2029551515658519,0.7087249916004503,1.210474112498551,MKE,DFW,42.947201,-87.896599,32.896801,-97.038002
MKE-DTW,1464,0.18559556786703602,20.8898891966759,0.012295081967213115,13.425373134328359,237.0,-0.7234957193400229,0.5181512614007668,-0.48289541461528135,-1.4701378683329527,-0.5395944352218724,MKE,DTW,42.947201,-87.896599,42.21377,-83.353786
MKE-LAS,1131,0.17636526410026857,12.169203222918531,0.011494252873563218,31.85279187817259,1524.0,-0.8865498765701257,-0.9069619091477598,-0.5427199386079282,0.31239191761409674,-0.5059599516779293,MKE,LAS,42.947201,-87.896599,36.083361,-115.151817
MKE-MCO,1445,0.2248062015503876,15.46723044397463,0.01314878892733564,24.80564263322884,1066.0,-0.030836301920195455,-0.3680063678407782,-0.4191207429362484,-0.3692962563914356,-0.2968149172721644,MKE,MCO,42.947201,-87.896599,28.429399490356445,-81.30899810791016
MKE-MSP,1422,0.19559032716927455,18.319345661450924,0.011251758087201125,17.414545454545454,297.0,-0.5469373854082925,0.09807932456675232,-0.5608350836243167,-1.0842553646080142,-0.5234871272684678,MKE,MSP,42.947201,-87.896599,44.880081,-93.221741
MKE-ORD,4862,0.32103242320819114,31.176621160409557,0.03537638831756479,19.804651162790698,67.0,1.669008673100065,2.1991838369956302,1.241352838210948,-0.8530545287376926,1.0641227048922375,MKE,ORD,42.947201,-87.896599,41.9786,-87.9048
MKE-PHX,1491,0.1865671641791045,16.87720488466757,0.009389671361502348,25.825454545454544,1460.0,-0.7063323819423326,-0.13759179361863716,-0.6999389859191759,-0.2706473281353716,-0.4536276224038793,MKE,PHX,42.947201,-87.896599,33.435302,-112.005905
MLB-ATL,1437,0.14002828854314003,11.864214992927865,0.015309672929714684,36.44444444444444,443.0,-1.5284458613036167,-0.9568023396746617,-0.25769571745863085,0.7565538254686055,-0.4965975232420759,MLB,ATL,28.102009,-80.641088,33.6367,-84.428101
MLB-CLT,1192,0.19220779220779222,18.783549783549784,0.02936241610738255,46.58108108108108,490.0,-0.6066901737652259,0.17393842673104806,0.7920896587984781,1.737095755149501,0.5241084167284503,MLB,CLT,28.102009,-80.641088,35.2140007019043,-80.94309997558594
MLI-ORD,2060,0.2812975164723771,27.12113532691333,0.0412621359223301,32.18378378378378,139.0,0.9670879244296352,1.5364462620295756,1.681037224789792,0.34440958318412773,1.1322452486082826,MLI,ORD,41.448502,-90.5075,41.9786,-87.9048
MLU-DFW,1041,0.19601990049751244,20.28855721393035,0.03362151777137368,39.22842639593909,293.0,-0.5393489334164367,0.41988305967196277,1.1102583313716445,1.0258552844011517,0.5041619355070805,MLU,DFW,32.510899,-92.037697,32.896801,-97.038002
MOB-DFW,1130,0.20763500931098697,19.360335195530727,0.04513274336283186,38.69506726457399,539.0,-0.3341669777005535,0.26819528790777747,1.9701841220822702,0.9742621366314608,0.7196186422302387,MOB,DFW,30.6912,-88.242798,32.896801,-97.038002
MOT-DEN,1188,0.24612736660929432,30.665232358003443,0.015993265993265993,28.29020979020979,604.0,0.3458040219184057,2.1156139297918752,-0.20662910417508434,-0.03222545799074781,0.5556408473861121,MOT,DEN,48.25801,-101.279123,39.860027,-104.673792
MOT-MSP,1281,0.18124006359300476,17.104928457869633,0.01717408274785324,0.0,449.0,-0.80043609927326,-0.10037776431048122,-0.1184182726432729,-2.768807412453879,-0.9470098871702233,MOT,MSP,48.25801,-101.279123,44.880081,-93.221741
MRY-PHX,1392,0.18545454545454546,17.977454545454545,0.010775862068965518,31.55294117647059,598.0,-0.7259868931085387,0.04220831467530843,-0.5963860557189791,0.28338661771014323,-0.24919450411051658,MRY,PHX,36.586777,-121.844183,33.435302,-112.005905
MSN-ATL,1016,0.1061061061061061,12.305305305305305,0.011811023622047244,33.25471698113208,707.0,-2.1276843055020174,-0.8847204397573761,-0.5190561389369137,0.44800359977261756,-0.7708643211059224,MSN,ATL,43.1399,-89.337502,33.6367,-84.428101
MSN-CLT,1009,0.1634517766497462,14.813197969543147,0.02180376610505451,40.27329192546584,708.0,-1.1146678092352864,-0.47488675501256405,0.22743405125135494,1.1269277110161355,-0.05879820049508999,MSN,CLT,43.1399,-89.337502,35.2140007019043,-80.94309997558594
MSN-DCA,1139,0.2653061224489796,23.441558441558442,0.04214223002633889,35.37062937062937,707.0,0.6845984916541475,0.9351388078745851,1.74678310148003,0.6526810378426279,1.0048003597128476,MSN,DCA,43.1399,-89.337502,38.8521,-77.037697
MSN-DEN,1030,0.22713864306784662,21.406096361848576,0.006796116504854369,36.108225108225106,826.0,0.010366490049344618,0.6025085736618503,-0.8936859239089368,0.7240304976084558,0.1108049093526785,MSN,DEN,43.1399,-89.337502,39.860027,-104.673792
MSN-DFW,1093,0.29056603773584905,34.0377358490566,0.024702653247941447,46.28896103896104,821.0,1.1308171972219183,2.6667402009686776,0.44399029877878593,1.708838261064768,1.4875964895085374,MSN,DFW,43.1399,-89.337502,32.896801,-97.038002
MSN-DTW,1042,0.16602316602316602,19.345559845559844,0.003838771593090211,14.023255813953488,311.0,-1.069243981614037,0.2657807363568636,-1.1146091558834648,-1.4123031981738645,-0.8325938998286257,MSN,DTW,43.1399,-89.337502,42.21377,-83.353786
MSN-MSP,1089,0.17717996289424862,16.707792207792206,0.008264462809917356,1.7696335078534031,228.0,-0.872158148128092,-0.16527679888077945,-0.7839957047931487,-2.597626386950109,-1.1047642596880323,MSN,MSP,43.1399,-89.337502,44.880081,-93.221741
MSN-ORD,3602,0.2783059636992221,24.88965715932008,0.03553581343697946,32.47722567287785,108.0,0.9142418720610909,1.1717835582011908,1.2532624103744479,0.37279494279557535,0.9280206958580762,MSN,ORD,43.1399,-89.337502,41.9786,-87.9048
MSO-DEN,1223,0.23236514522821577,22.66058091286307,0.007358953393295176,16.428571428571427,679.0,0.10269312702185192,0.8075133704496579,-0.8516401875546152,-1.1796310704461388,-0.280266190132311,MSO,DEN,46.915816,-114.091107,39.860027,-104.673792
MSO-SLC,1059,0.08674928503336511,9.7302192564347,0.009442870632672332,14.021978021978022,436.0,-2.4696243138074014,-1.3055347030601188,-0.6959648282621472,-1.4124268021516204,-1.470887661820322,MSO,SLC,46.915816,-114.091107,40.78886,-111.979866
MSP-ATL,3521,0.16843311372099684,12.379547407619594,0.005396194262993468,14.552721088435375,907.0,-1.0266720359048174,-0.8725879769974865,-0.998264644150413,-1.3610867128099624,-1.0646528424656698,MSP,ATL,44.880081,-93.221741,33.6367,-84.428101
MSP-AUS,1676,0.23090799759470837,14.67288033674083,0.0059665871121718375,14.666666666666666,1042.0,0.0769524812809375,-0.49781711934038486,-0.9556544530853223,-1.3500644752411717,-0.6816458915964854,MSP,AUS,44.880081,-93.221741,30.197535,-97.662015
MSP-BIS,1042,0.2110358180058083,17.481122942884802,0.0067178502879078695,10.045871559633028,386.0,-0.27409138217883666,-0.03890098176193507,-0.8995326635075065,-1.7970454131328315,-0.7523926101452774,MSP,BIS,44.880081,-93.221741,46.772734,-100.746874
MSP-BNA,1637,0.18734491315136476,11.452853598014888,0.011606597434331093,17.64569536423841,695.0,-0.6925933754683464,-1.02402601261849,-0.5343274364818262,-1.061895662211589,-0.8282106216950629,MSP,BNA,44.880081,-93.221741,36.1245,-86.6782
MSP-BOS,1834,0.23591160220994475,15.05635359116022,0.010905125408942203,8.313817330210773,1124.0,0.1653416128052345,-0.43515085810007564,-0.5867296660534138,-1.9645913021007104,-0.7052825533622413,MSP,BOS,44.880081,-93.221741,42.36197,-71.0079
MSP-BWI,1387,0.19794721407624633,13.543988269794722,0.012256669069935111,21.68148148148148,936.0,-0.5053027634052148,-0.6822978995879375,-0.4857649823083848,-0.6715040906247911,-0.586217433981582,MSP,BWI,44.880081,-93.221741,39.1754,-76.668297
MSP-CLT,2496,0.20751633986928106,18.090686274509803,0.017227564102564104,30.143700787401574,930.0,-0.3362632842030534,0.06071236686641188,-0.11442304243319515,0.14706730983560548,-0.060726662483557785,MSP,CLT,44.880081,-93.221741,35.2140007019043,-80.94309997558594
MSP-DCA,2498,0.27105921601334443,21.460800667222685,0.032025620496397116,18.872307692307693,931.0,0.7862274137683712,0.6114482174363138,0.9910396421735546,-0.9432424183152481,0.36136821376574785,MSP,DCA,44.880081,-93.221741,38.8521,-77.037697
MSP-DEN,5786,0.24720475192173305,18.60272536687631,0.008123055651572762,20.41696113074205,680.0,0.36483613164856143,0.14438854286484892,-0.7945592769762749,-0.7938242713002437,-0.26978971844077704,MSP,DEN,44.880081,-93.221741,39.860027,-104.673792
MSP-DFW,3255,0.24436686766105997,21.05172960964773,0.025499231950844855,28.96883116883117,852.0,0.31470464755736394,0.5445988258179724,0.5034973048325772,0.03341926618838621,0.34905501109907494,MSP,DFW,44.880081,-93.221741,32.896801,-97.038002
MSP-DLH,1090,0.17669172932330826,20.383458646616543,0.022935779816513763,0.0,144.0,-0.8807828386532016,0.435391619667358,0.31199913758275377,-2.768807412453879,-0.7255498734642422,MSP,DLH,44.880081,-93.221741,46.841873,-92.198746
MSP-DTW,1995,0.18021201413427562,13.189803129732459,0.005513784461152882,13.215686274509803,528.0,-0.8185966866514853,-0.7401779688203616,-0.9894802759414285,-1.4904213968370814,-1.0096690820625893,MSP,DTW,44.880081,-93.221741,42.21377,-83.353786
MSP-EWR,2118,0.29400099157164106,26.912741695587506,0.044381491973559964,9.440134907251265,1008.0,1.191495969770649,1.5023910845407218,1.914063212991455,-1.8556398174994788,0.6880776124508368,MSP,EWR,44.880081,-93.221741,40.6894,-74.170545
MSP-FAR,1254,0.19131832797427653,14.84807073954984,0.006379585326953748,6.907563025210084,223.0,-0.622402640510295,-0.46918793223880517,-0.9248021503842139,-2.1006217586787574,-1.0292536204530178,MSP,FAR,44.880081,-93.221741,46.9207,-96.815804
MSP-FSD,1130,0.2304932735426009,16.739013452914797,0.012389380530973451,7.575875486381323,196.0,0.06962634310519275,-0.1601746993717476,-0.4758510068447781,-2.0359742415784434,-0.6505934011724441,MSP,FSD,44.880081,-93.221741,43.585463,-96.741152
MSP-GRR,1240,0.1965881397238018,14.320064987814785,0.007258064516129033,9.880165289256198,408.0,-0.5293109356983894,-0.5554733406559135,-0.8591769130563185,-1.8130745904566261,-0.9392589449668118,MSP,GRR,44.880081,-93.221741,42.880798,-85.522797
MSP-IAH,1811,0.22960045019696118,17.435002813731007,0.012147984538928768,13.632352941176471,1034.0,0.05385453733832474,-0.04643782045584738,-0.493884068371036,-1.4501161997571748,-0.48414588781143336,MSP,IAH,44.880081,-93.221741,29.9844,-95.3414
MSP-IND,1203,0.19581589958158996,12.680334728033472,0.006650041562759767,9.23076923076923,503.0,-0.5429526281875309,-0.8234340488379648,-0.9045981946385555,-1.8758922771451823,-1.0367192872023083,MSP,IND,44.880081,-93.221741,39.7173,-86.294403
MSP-LAS,2343,0.16824849007765316,10.213546160483174,0.008536064874093044,9.53076923076923,1299.0,-1.0299334293898876,-1.226550602645005,-0.7637061519615,-1.8468725352476494,-1.2167656798110105,MSP,LAS,44.880081,-93.221741,36.083361,-115.151817
MSP-LAX,2203,0.1717032967032967,9.506868131868131,0.007716749886518384,16.592,1535.0,-0.9689039554991746,-1.3420341975075147,-0.824911632032537,-1.16382222057434,-1.0749180014033917,MSP,LAX,44.880081,-93.221741,33.942501,-118.407997
MSP-LGA,1984,0.21521625846795206,15.174570088587807,0.028225806451612902,8.583535108958838,1020.0,-0.20024352043677532,-0.415832207254587,0.7071812405591277,-1.9385008343525614,-0.461848830371199,MSP,LGA,44.880081,-93.221741,40.777199,-73.872597
MSP-MCI,1061,0.22435282837967402,18.473633748801532,0.015080113100848256,17.504273504273506,393.0,-0.038845180298348006,0.1232927064043461,-0.27484457930526524,-1.0755757484610906,-0.31649320041508944,MSP,MCI,44.880081,-93.221741,39.301699,-94.713893
MSP-MCO,1946,0.24608150470219436,19.67032392894462,0.012846865364850977,14.564755838641188,1310.0,0.34499386714992747,0.3188528884725934,-0.44167540978218806,-1.3599225616607158,-0.2844378039550957,MSP,MCO,44.880081,-93.221741,28.429399490356445,-81.30899810791016
MSP-MDW,2696,0.20015077271013945,13.145118733509236,0.014094955489614243,17.09981167608286,349.0,-0.4663766993194181,-0.7474801835506424,-0.3484390398676254,-1.1147003413327463,-0.669249066017608,MSP,MDW,44.880081,-93.221741,41.785999,-87.752403
MSP-MIA,1134,0.19000892060660124,12.500446030330062,0.008818342151675485,12.051643192488262,1501.0,-0.6455334409911934,-0.8528310197988968,-0.7426191261538533,-1.6030221628299932,-0.9610014374434841,MSP,MIA,44.880081,-93.221741,25.796011,-80.289751
MSP-MKE,1422,0.202991452991453,15.876068376068377,0.010548523206751054,11.480701754385965,297.0,-0.4161958232687957,-0.3011950730183381,-0.6133690041718434,-1.658250740071109,-0.7472526601325216,MSP,MKE,44.880081,-93.221741,42.947201,-87.896599
MSP-MOT,1281,0.19059011164274323,16.72408293460925,0.01717408274785324,0.0,449.0,-0.635266648371755,-0.16261460815236203,-0.1184182726432729,-2.768807412453879,-0.9212767354053172,MSP,MOT,44.880081,-93.221741,48.25801,-101.279123
MSP-MSN,1089,0.20185185185185187,15.771296296296295,0.008264462809917356,7.467889908256881,228.0,-0.43632698125572306,-0.3183166700163574,-0.7839957047931487,-2.046419953597867,-0.8962648274157741,MSP,MSN,44.880081,-93.221741,43.1399,-89.337502
MSP-OMA,1359,0.2615499254843517,24.70193740685544,0.01177336276674025,0.0,282.0,0.6182449299585103,1.141106855426374,-0.5218695266619129,-2.768807412453879,-0.38283128843272685,MSP,OMA,44.880081,-93.221741,41.3032,-95.894096
MSP-ORD,6251,0.30122649223221587,24.169746524938674,0.020156774916013438,22.93756786102063,334.0,1.319135097425077,1.0541375232720318,0.1043984813828846,-0.5499997488406835,0.4819178383098275,MSP,ORD,44.880081,-93.221741,41.9786,-87.9048
MSP-PDX,1429,0.19577464788732393,11.86830985915493,0.005598320503848845,11.194244604316546,1426.0,-0.5436813431261527,-0.9561331666521051,-0.983165160076371,-1.6859604486034998,-1.0422350296145322,MSP,PDX,44.880081,-93.221741,45.588699,-122.598
MSP-PHL,1935,0.21142552055525896,20.691938067271757,0.029974160206718347,27.52777777777778,981.0,-0.26720725112782245,0.48580257203301375,0.8377889220223915,-0.1059773920413924,0.23760171272154762,MSP,PHL,44.880081,-93.221741,39.871899,-75.241096
MSP-PHX,3221,0.20470219435736678,15.439811912225705,0.007451102142191866,18.60490045941807,1276.0,-0.3859754211340307,-0.37248703723193394,-0.8447563779091174,-0.9691093812485492,-0.6430820543809078,MSP,PHX,44.880081,-93.221741,33.435302,-112.005905
MSP-RDU,1215,0.20666666666666667,13.265833333333333,0.011522633744855968,13.024193548387096,980.0,-0.3512728387609541,-0.7277532989220132,-0.5405997957097138,-1.5089449617948676,-0.7821427237968872,MSP,RDU,44.880081,-93.221741,35.878659,-78.7873
MSP-RSW,1226,0.21588089330024815,15.21505376344086,0.012234910277324634,9.563218390804598,1416.0,-0.18850268555374713,-0.4092164641354213,-0.48739043450648584,-1.8437336477509225,-0.7322108079866442,MSP,RSW,44.880081,-93.221741,26.534685,-81.752816
MSP-SAN,1320,0.23182861514919664,12.321346595256312,0.006060606060606061,12.561056105610561,1532.0,0.09321527428009944,-0.8820990113914701,-0.9486309334842403,-1.5537453919697286,-0.822815015641335,MSP,SAN,44.880081,-93.221741,32.733601,-117.190002
MSP-SEA,2698,0.18768768768768768,11.494744744744745,0.010378057820607857,16.174,1399.0,-0.6865382320459489,-1.0171802638879717,-0.6261033199754321,-1.2042563942849023,-0.8835195525485637,MSP,SEA,44.880081,-93.221741,47.447943,-122.310276
MSP-SFO,1908,0.2079155672823219,13.059630606860159,0.006289308176100629,13.586294416243655,1589.0,-0.3292108955686837,-0.7614504440989223,-0.9315461456012025,-1.4545715547762794,-0.8691947600112719,MSP,SFO,44.880081,-93.221741,37.619806,-122.374821
MSP-SLC,1597,0.1565053425518542,9.570081709616593,0.0031308703819661866,10.80722891566265,991.0,-1.2373772006276018,-1.331703989255788,-1.1674916664280022,-1.7233974332536064,-1.3649925723912495,MSP,SLC,44.880081,-93.221741,40.78886,-111.979866
MSP-STL,1816,0.20378619153674832,15.876948775055679,0.009361233480176211,21.901639344262296,448.0,-0.40215669443882546,-0.301051200369338,-0.7020633876513128,-0.6502076761094189,-0.5138697396422238,MSP,STL,44.880081,-93.221741,38.748697,-90.370003
MSP-TPA,1189,0.2010221465076661,12.057921635434413,0.010092514718250631,10.0,1306.0,-0.45098380177474084,-0.9251472739734624,-0.6474343134587592,-1.801482682536124,-0.9562620179357716,MSP,TPA,44.880081,-93.221741,27.9755,-82.533203
MSY-ATL,4167,0.17521994134897362,12.776148582600195,0.01583873290136789,31.057182705718272,425.0,-0.9067821073490552,-0.807776383090688,-0.2181732260572965,0.23543067482765076,-0.4243252604173473,MSY,ATL,29.993401,-90.264673,33.6367,-84.428101
MSY-AUS,2104,0.21743295019157088,14.9477969348659,0.006653992395437262,24.23568281938326,445.0,-0.16108545912410935,-0.45289092133607467,-0.9043030546565296,-0.42442987869065035,-0.485677328451841,MSY,AUS,29.993401,-90.264673,30.197535,-97.662015
MSY-BNA,1548,0.20078482668410727,11.987573577501635,0.010981912144702842,29.351791530944624,471.0,-0.4551760780857004,-0.9366433815255747,-0.580993448485577,0.07046396907344651,-0.4755872347558514,MSY,BNA,29.993401,-90.264673,36.1245,-86.6782
MSY-BWI,1224,0.20182724252491693,13.319767441860465,0.014705882352941176,30.395061728395063,998.0,-0.43676170725876345,-0.7189395188323383,-0.3028008268173478,0.17138207527144544,-0.32177999440925104,MSY,BWI,29.993401,-90.264673,39.1754,-76.668297
MSY-CLT,1832,0.17676486937187327,15.843802112284603,0.017467248908296942,43.67610062893082,650.0,-0.8794908130297899,-0.3064679469208066,-0.09651781206015154,1.4560898120202401,0.04340331000237302,MSY,CLT,29.993401,-90.264673,35.2140007019043,-80.94309997558594
MSY-DAL,2294,0.212,13.448,0.017000871839581516,32.44654088050314,437.0,-0.2570590193821329,-0.6979840678451446,-0.13135768783167778,0.3698267269459308,-0.17914351202825612,MSY,DAL,29.993401,-90.264673,32.844776,-96.847653
MSY-DCA,1916,0.2861788617886179,26.37831978319783,0.028183716075156576,39.67992424242424,969.0,1.0533173342952538,1.4150571628437214,0.7040369532746902,1.0695297876421217,1.0604853095139468,MSY,DCA,29.993401,-90.264673,38.8521,-77.037697
MSY-DEN,2213,0.2073669849931787,14.046384720327422,0.0031631269769543608,20.166666666666668,1062.0,-0.3389016517006383,-0.600197500531543,-1.1650819944317015,-0.8180358737864064,-0.7305542551125722,MSY,DEN,29.993401,-90.264673,39.860027,-104.673792
MSY-DFW,2842,0.27851361295069904,28.858351729212657,0.04011259676284307,47.61955085865257,448.0,0.9179100150122399,1.8203379171653946,1.595162930795568,1.8375495048612105,1.5427400919586034,MSY,DFW,29.993401,-90.264673,32.896801,-97.038002
MSY-EWR,1195,0.23544743701129453,24.80278019113814,0.03096234309623431,31.15867158671587,1167.0,0.1571420922700657,1.1575863365667942,0.9116093806592447,0.24524794526771626,0.6178964386909552,MSY,EWR,29.993401,-90.264673,40.6894,-74.170545
MSY-FLL,1318,0.2494172494172494,18.159285159285158,0.021244309559939303,27.065420560747665,673.0,0.40392010153956254,0.07192262881971302,0.1856408374789293,-0.15070234905031035,0.12769530469697363,MSY,FLL,29.993401,-90.264673,26.072599,-80.152702
MSY-HOU,2284,0.21702690780767533,13.011468901632114,0.006129597197898424,32.05487804878049,303.0,-0.1682582348396996,-0.7693209121610798,-0.9434770723408896,0.3319402126544367,-0.38727900167180807,MSY,HOU,29.993401,-90.264673,29.645336,-95.276812
MSY-IAH,3017,0.1717442249748912,14.01372614663542,0.008949287371561154,27.01169590643275,305.0,-0.96818095385152,-0.6055344847596024,-0.7328370946181741,-0.15589926772282042,-0.6156129502380293,MSY,IAH,29.993401,-90.264673,29.9844,-95.3414
MSY-JFK,1160,0.23014440433212996,21.072202166064983,0.041379310344827586,39.52549019607843,1182.0,0.06346353670854116,0.5479444009106683,1.6897905332117884,1.0545910004249648,0.8389473678139906,MSY,JFK,29.993401,-90.264673,40.639447,-73.779317
MSY-LAX,1635,0.19704433497536947,16.88054187192118,0.004281345565749235,33.1375,1671.0,-0.5212522050047632,-0.13704647132410844,-1.0815474483908099,0.4366649113110817,-0.32579530335214996,MSY,LAX,29.993401,-90.264673,33.942501,-118.407997
MSY-LGA,1422,0.28978102189781024,27.464233576642336,0.030239099859353025,35.23425692695214,1183.0,1.1169498209016993,1.5925145387628892,0.8575807711589015,0.6394893941177977,1.051633631235322,MSY,LGA,29.993401,-90.264673,40.777199,-73.872597
MSY-MCO,2337,0.21524469467301863,15.412732784755306,0.009841677364142062,34.56539235412475,551.0,-0.1997411922827827,-0.37691224200609474,-0.6661726752741711,0.5747884698916162,-0.16700940991785804,MSY,MCO,29.993401,-90.264673,28.429399490356445,-81.30899810791016
MSY-MDW,1020,0.19701492537313434,11.717412935323383,0.008823529411764706,28.343434343434343,825.0,-0.5217717283084476,-0.9807923728423887,-0.7422316210443056,-0.027076915333454462,-0.5679681593821491,MSY,MDW,29.993401,-90.264673,41.785999,-87.752403
MSY-MIA,1631,0.2337092731829574,22.261904761904763,0.018393623543838136,36.603217158176946,674.0,0.12643726983748654,0.7423626890440891,-0.02731462994606378,0.7719123027115657,0.4033494079117694,MSY,MIA,29.993401,-90.264673,25.796011,-80.289751
MSY-ORD,2321,0.1894876325088339,17.867049469964666,0.017233950883239983,31.046620046620045,837.0,-0.6547420427450772,0.024166187295707298,-0.11394592925535284,0.23440892269171018,-0.12752821550325313,MSY,ORD,29.993401,-90.264673,41.9786,-87.9048
MSY-PHL,1155,0.21114106019766396,24.076370170709794,0.033766233766233764,58.1063829787234,1089.0,-0.2722322692686143,1.0388781878677038,1.1210690843466256,2.8519667096852457,1.1849204281577401,MSY,PHL,29.993401,-90.264673,39.871899,-75.241096
MSY-TPA,1089,0.21787709497206703,15.089385474860336,0.011937557392102846,41.833333333333336,487.0,-0.15323960110016366,-0.4297528684636275,-0.5096036569746627,1.2778343743687295,0.04630956195756891,MSY,TPA,29.993401,-90.264673,27.9755,-82.533203
MTJ-DEN,1394,0.2460202604920405,23.33791606367583,0.006456241032998565,37.92058823529412,197.0,0.3439119825961586,0.9182018239960293,-0.9190757211600326,0.8993448648489489,0.3105957375702761,MTJ,DEN,38.5098,-107.893997,39.860027,-104.673792
MYR-ATL,1483,0.13689253935660506,11.653661875427789,0.014834794335805798,37.085,317.0,-1.5838391564556464,-0.9912104151118886,-0.2931706846647005,0.8185163484461153,-0.51242597694653,MYR,ATL,33.679699,-78.928299,33.6367,-84.428101
MYR-BWI,1033,0.17305801376597837,12.125860373647985,0.015488867376573089,37.60795454545455,399.0,-0.9449727551267562,-0.9140448915565326,-0.24430931258094246,0.8691030348902233,-0.30855598109350196,MYR,BWI,33.679699,-78.928299,39.1754,-76.668297
MYR-CLT,2372,0.18299525248165732,17.6236512731981,0.022765598650927487,58.91981132075472,157.0,-0.769430527598655,-0.015609350654358865,0.29928605397422586,2.9306516448115345,0.6112244551331866,MYR,CLT,33.679699,-78.928299,35.2140007019043,-80.94309997558594
MYR-EWR,1078,0.25456389452332656,26.421906693711968,0.08441558441558442,23.689243027888445,550.0,0.4948360563703464,1.4221800291439344,4.904739429443678,-0.47728835106305406,1.5861167909737262,MYR,EWR,33.679699,-78.928299,40.6894,-74.170545
OAK-BUR,2913,0.16794425087108014,9.713937282229965,0.012358393408856848,28.062240663900415,325.0,-1.0353078427003926,-1.308195463458042,-0.47816584511080423,-0.05427747534442811,-0.7189866566534168,OAK,BUR,37.720085,-122.221184,34.202834,-118.35805
OAK-DEN,1671,0.25934861278648974,14.747285886610374,0.003590664272890485,16.06279069767442,957.0,0.5793585405373844,-0.4856579463808171,-1.1331435753341756,-1.2150139451185455,-0.5636142315740384,OAK,DEN,37.720085,-122.221184,39.860027,-104.673792
OAK-LAS,3620,0.18363939899833054,11.008347245409015,0.0060773480662983425,22.612121212121213,407.0,-0.7580516206782774,-1.0966661534740818,-0.9473802514983275,-0.58148100801561,-0.8458947584165741,OAK,LAS,37.720085,-122.221184,36.083361,-115.151817
OAK-LAX,2177,0.17587006960556845,10.219489559164733,0.010105649977032614,30.646437994722955,337.0,-0.8952975324478252,-1.2255793469703484,-0.6464530671349388,0.1956983231647816,-0.6429079058470827,OAK,LAX,37.720085,-122.221184,33.942501,-118.407997
OAK-LGB,1717,0.1302570093457944,7.235981308411215,0.0023296447291788003,27.659192825112108,353.0,-1.7010563988158833,-1.713136967481376,-1.2273458146710958,-0.09326528952441152,-1.1837011176231915,OAK,LGB,37.720085,-122.221184,33.816523,-118.149891
OAK-ONT,1558,0.14783731439638476,8.832149774047773,0.005134788189987163,32.81222707423581,362.0,-1.3904987079419646,-1.4522950211438892,-1.0177925234574878,0.40520045680464084,-0.8638464489346751,OAK,ONT,37.720085,-122.221184,34.056,-117.600998
OAK-PDX,1340,0.16879219804951237,10.115528882220556,0.004477611940298508,36.12,543.0,-1.0203287785169683,-1.2425683465029682,-1.0668857152866102,0.7251695120090516,-0.6511533320743739,OAK,PDX,37.720085,-122.221184,45.588699,-122.598
OAK-PHX,1978,0.2101522842639594,12.583248730964467,0.0020222446916076846,30.42512077294686,646.0,-0.2896990862481455,-0.8392996050012332,-1.250309591922492,0.1742897609867105,-0.5512546305462901,OAK,PHX,37.720085,-122.221184,33.435302,-112.005905
OAK-SAN,3182,0.27177368086459,15.344882390336936,0.010370835952231301,22.249122807017542,446.0,0.798848500477327,-0.38800018749610643,-0.6266428169060393,-0.6165947414333584,-0.20809731133954426,OAK,SAN,37.720085,-122.221184,32.733601,-117.190002
OAK-SEA,1964,0.22073921971252566,12.157084188911705,0.008146639511201629,24.911627906976744,672.0,-0.10267990672443392,-0.9089423720413241,-0.7927974863677744,-0.3590440387610904,-0.5408659509736556,OAK,SEA,37.720085,-122.221184,47.447943,-122.310276
OAK-SLC,1739,0.09803921568627451,6.870818915801615,0.0011500862564692352,24.323529411764707,588.0,-2.270186659932534,-1.7728109124741158,-1.315462648476079,-0.41593226056569266,-1.4435981203621053,OAK,SLC,37.720085,-122.221184,40.78886,-111.979866
OAK-SNA,2468,0.13545491636066911,6.927784577723378,0.005672609400324149,25.210843373493976,371.0,-1.609234897694512,-1.7635017233440382,-0.9776155391837053,-0.33010018672749075,-1.1701130867374365,OAK,SNA,37.720085,-122.221184,33.675063,-117.869281
OGG-HNL,10396,0.14043795620437957,7.429099756690998,0.01125432858791843,23.404712404712406,101.0,-1.5212090447333606,-1.6815780230419588,-0.5606430589051165,-0.5048117018847633,-1.0670604571412998,OGG,HNL,20.896263,-156.431837,21.318387,-157.92567
OGG-KOA,1460,0.17913520933424845,9.303363074811257,0.0013698630136986301,28.314176245210728,84.0,-0.8376185415769868,-1.3752904961470616,-1.2990446137291494,-0.029907123529660976,-0.8854651937457148,OGG,KOA,20.896263,-156.431837,19.738783,-156.045603
OGG-LAX,1958,0.19659442724458204,19.554179566563466,0.008171603677221655,38.981627296587924,2485.0,-0.5291998660708024,0.2998728608678353,-0.7909325824065374,1.0019817971887708,-0.004569447605183408,OGG,LAX,20.896263,-156.431837,33.942501,-118.407997
OGG-LIH,1460,0.2242798353909465,12.098079561042525,0.0,27.648318042813457,202.0,-0.04013460809632813,-0.9185847639991042,-1.4013778123847422,-0.09431723410940712,-0.6136036046473955,OGG,LIH,20.896263,-156.431837,21.974393,-159.337146
OGG-SEA,1809,0.2172686230248307,13.273702031602708,0.01658374792703151,22.15064935064935,2639.0,-0.16398831350028953,-0.7264674154981056,-0.1625181935027717,-0.6261203223919014,-0.41977356122326703,OGG,SEA,20.896263,-156.431837,47.447943,-122.310276
OGG-SFO,1538,0.09245901639344262,6.390819672131148,0.007152145643693108,17.75177304964539,2338.0,-2.368761388983664,-1.8512512147698976,-0.8670893954768027,-1.0516345053729281,-1.534684126150823,OGG,SFO,20.896263,-156.431837,37.619806,-122.374821
OKC-ATL,1822,0.15016872890888638,12.40607424071991,0.019209659714599342,38.445692883895134,761.0,-1.3493140581085914,-0.8682530268183418,0.03364591190197501,0.9501395360876024,-0.30844540923433894,OKC,ATL,35.393388,-97.598248,33.6367,-84.428101
OKC-DEN,3205,0.24512271869100064,17.98867212083071,0.006864274570982839,17.392811296534017,495.0,0.3280568248846375,0.044041463404468024,-0.8885942958765295,-1.0863577634608546,-0.40071344276206966,OKC,DEN,35.393388,-97.598248,39.860027,-104.673792
OKC-DFW,3154,0.2448241866579034,21.50443641143608,0.03329105897273304,41.55973154362416,175.0,0.3227832293136971,0.6185790640202099,1.0855719900728344,1.251368196635185,0.8195756200104816,OKC,DFW,35.393388,-97.598248,32.896801,-97.038002
OKC-HOU,1292,0.19043887147335423,12.165360501567399,0.009287925696594427,33.11522633744856,419.0,-0.637938319747062,-0.9075898772714517,-0.7075397162369143,0.4345103248498965,-0.45463939710138285,OKC,HOU,35.393388,-97.598248,29.645336,-95.276812
OKC-IAH,1501,0.18724559023066487,15.66078697421981,0.012658227848101266,16.384057971014492,395.0,-0.6943479239141583,-0.33637583311814867,-0.45576724252926354,-1.1839369672770357,-0.6676069917096517,OKC,IAH,35.393388,-97.598248,29.9844,-95.3414
OKC-LAS,1222,0.17627677100494235,11.797364085667216,0.0057283142389525366,32.16822429906542,986.0,-0.8881131151637514,-0.9677269514181599,-0.9734542075319765,0.3429044757488431,-0.6215974495912613,OKC,LAS,35.393388,-97.598248,36.083361,-115.151817
OKC-ORD,2535,0.2514147130153597,24.321746160064674,0.01893491124260355,14.911575562700964,693.0,0.439205478036088,1.0789769318447615,0.013121312227476884,-1.3263738320700884,0.051232472509559535,OKC,ORD,35.393388,-97.598248,41.9786,-87.9048
OKC-PHX,1901,0.204364023416711,17.88025545502927,0.009994739610731194,27.697916666666668,833.0,-0.39194924161942624,0.026324277072391135,-0.654738430294751,-0.08951943656709721,-0.27747070785222083,OKC,PHX,35.393388,-97.598248,33.435302,-112.005905
OMA-ATL,1779,0.1297884505431675,13.300743281875357,0.012928611579539067,31.308370044052865,821.0,-1.7093335327657044,-0.7220484005229513,-0.43556870309446405,0.25972864724897765,-0.6518054972835355,OMA,ATL,41.3032,-95.894096,33.6367,-84.428101
OMA-CLT,1004,0.18311291963377416,16.76500508646999,0.01693227091633466,41.52777777777778,913.0,-0.7673519266330883,-0.15592721019313913,-0.13648239872347942,1.2482772298434646,0.04712892357343945,OMA,CLT,41.3032,-95.894096,35.2140007019043,-80.94309997558594
OMA-DEN,3258,0.24426534407935524,19.141971481711096,0.007673419275629221,25.16751269035533,472.0,0.31291122423434753,0.23251082392516192,-0.828148568841289,-0.334291670863915,-0.15425454788642362,OMA,DEN,41.3032,-95.894096,39.860027,-104.673792
OMA-DFW,1615,0.24533161622665808,28.027044430135224,0.03343653250773994,62.23884514435696,583.0,0.33174701888959596,1.684487711774048,1.096439333747439,3.251709994511928,1.5910960147307527,OMA,DFW,41.3032,-95.894096,32.896801,-97.038002
OMA-DTW,1141,0.196113074204947,17.488515901060072,0.007011393514460999,0.26576576576576577,650.0,-0.5377030113833565,-0.0376928426205193,-0.8776040348661949,-2.7430992326948034,-1.0490247803912185,OMA,DTW,41.3032,-95.894096,42.21377,-83.353786
OMA-LAS,1124,0.1378692927484333,9.536257833482543,0.0035587188612099642,31.62987012987013,1099.0,-1.566584718774017,-1.3372314043585323,-1.135530000930711,0.29082814561714987,-0.9371294946115276,OMA,LAS,41.3032,-95.894096,36.083361,-115.151817
OMA-MDW,1398,0.17805232558139536,10.67732558139535,0.013590844062947067,30.6,423.0,-0.8567477817581546,-1.1507609041097946,-0.3860977942494965,0.19120626109445127,-0.5506000547557486,OMA,MDW,41.3032,-95.894096,41.785999,-87.752403
OMA-MSP,1358,0.20833333333333334,21.698660714285715,0.009572901325478646,0.0,282.0,-0.32183102020507226,0.6503187245084503,-0.686251114857808,-2.768807412453879,-0.7816427057520772,OMA,MSP,41.3032,-95.894096,44.880081,-93.221741
OMA-ORD,2862,0.25392857142857145,21.90714285714286,0.019916142557651992,34.351617440225034,416.0,0.48361301600226164,0.6843883663352482,0.08642246576313369,0.5541094938064932,0.4521333354767842,OMA,ORD,41.3032,-95.894096,41.9786,-87.9048
OMA-PHX,2000,0.16364551863041288,11.478851963746223,0.006,32.02461538461539,1037.0,-1.111245339490419,-1.019777423284124,-0.9531584022732453,0.32901283031042694,-0.6887920836843402,OMA,PHX,41.3032,-95.894096,33.435302,-112.005905
ONT-DEN,2748,0.23499079189686925,17.822467771639044,0.00727802037845706,24.255485893416928,819.0,0.14907541470806235,0.016880755204647685,-0.8576861455828294,-0.4225142783665345,-0.2785610635091635,ONT,DEN,34.056,-117.600998,39.860027,-104.673792
ONT-DFW,2379,0.22979467016164265,22.304499781564,0.029844472467423288,41.17680608365019,1188.0,0.05728545071437367,0.7493234629670148,0.828100828354804,1.21432686992039,0.7122591529891455,ONT,DFW,34.056,-117.600998,32.896801,-97.038002
ONT-LAS,2529,0.20798403193612774,16.241117764471056,0.009094503756425464,38.67946257197697,197.0,-0.32800146121977813,-0.24153959489667878,-0.7219889608911065,0.9727526561262743,-0.07969434022032229,ONT,LAS,34.056,-117.600998,36.083361,-115.151817
ONT-OAK,1557,0.12007746933505488,7.918657198192382,0.005138086062941554,40.31720430107527,362.0,-1.8808789008030016,-1.6015757434365319,-1.0175461616791144,1.1311754637037794,-0.842206335553717,ONT,OAK,34.056,-117.600998,37.720085,-122.221184
ONT-PHX,3172,0.1686746987951807,12.121116043119848,0.005674653215636823,30.5093984962406,325.0,-1.022404413552859,-0.9148201984465444,-0.977462859568068,0.1824421535790307,-0.6830613294971101,ONT,PHX,34.056,-117.600998,33.435302,-112.005905
ONT-SEA,2588,0.1401174168297456,10.160469667318983,0.011591962905718702,20.217877094972067,956.0,-1.526871401998154,-1.235224233329843,-0.5354206831121439,-0.8130821624134571,-1.0276496202133996,ONT,SEA,34.056,-117.600998,47.447943,-122.310276
ONT-SFO,1308,0.23035439137134053,16.7211093990755,0.00764525993883792,23.20066889632107,363.0,0.06717297689305586,-0.1631005360558538,-0.830252162395577,-0.5245493350493754,-0.3626822641519376,ONT,SFO,34.056,-117.600998,37.619806,-122.374821
ONT-SJC,1340,0.14115011202389843,9.236743838685586,0.0007462686567164179,47.523809523809526,333.0,-1.5086287472802868,-1.386177248760362,-1.3456291295350535,1.8282882087743089,-0.6030367292003485,ONT,SJC,34.056,-117.600998,37.362452,-121.929188
ONT-SLC,1229,0.08456486042692939,7.750410509031199,0.008950366151342554,34.262135922330096,558.0,-2.508212373554412,-1.6290702058384936,-0.7327565062786309,0.5454537252934579,-1.0811463400945196,ONT,SLC,34.056,-117.600998,40.78886,-111.979866
ONT-SMF,2103,0.12863268222963317,8.121962839447356,0.0014265335235378032,44.196296296296296,390.0,-1.7297502853535336,-1.5683520328395495,-1.2948111433140108,1.5064096253641097,-0.7716259590357462,ONT,SMF,34.056,-117.600998,38.6954,-121.591003
ORD-ABQ,1248,0.2794476035743298,18.735987002437042,0.013621794871794872,30.191860465116278,1118.0,0.9344090444965387,0.16616583338281168,-0.3837856687021237,0.15172591455943568,0.2171287809341656,ORD,ABQ,41.9786,-87.9048,35.039976,-106.608925
ORD-ALB,2038,0.25075225677031093,17.263289869608826,0.020608439646712464,31.382,723.0,0.42750312809532565,-0.07449872976488282,0.1381392979098989,0.26685105497401973,0.18949868780359036,ORD,ALB,41.9786,-87.9048,42.748299,-73.801697
ORD-ASE,1019,0.3890086206896552,40.803879310344826,0.02747791952894995,19.05540166204986,1013.0,2.8698143965208915,3.7724468150491863,0.6513116680081125,-0.925531285832207,1.592010398436496,ORD,ASE,41.9786,-87.9048,39.223202,-106.869003
ORD-ATL,6298,0.2573983739837398,20.98439024390244,0.020165131787869165,35.19267214150347,606.0,0.5449073943546627,0.5335943913837108,0.1050227667451432,0.6354667949825155,0.45474783686650805,ORD,ATL,41.9786,-87.9048,33.6367,-84.428101
ORD-ATW,2513,0.28594973217964564,22.170992995467657,0.03183446080382014,27.31556195965418,160.0,1.049269738871369,0.7275061105481742,0.9767593947328965,-0.126505552936461,0.6567574228039947,ORD,ATW,41.9786,-87.9048,44.258515,-88.519
ORD-AUS,3117,0.27739614000654234,21.115472685639517,0.017965992941931345,36.527122641509436,977.0,0.8981697536144587,0.5550155633774413,-0.05926001930144475,0.7645514919332037,0.5396191974059148,ORD,AUS,41.9786,-87.9048,30.197535,-97.662015
ORD-AVL,1203,0.24957698815566837,15.33502538071066,0.015793848711554447,16.240677966101696,536.0,0.40674190091128837,-0.38961099589843884,-0.22152622023754895,-1.1978064697298232,-0.35055044623863063,ORD,AVL,41.9786,-87.9048,35.435488,-82.541853
ORD-BDL,2310,0.23948649845064188,18.32846392208942,0.021645021645021644,31.64510166358595,783.0,0.22849248069005937,0.0995694084165225,0.2155753265456218,0.29230152954093874,0.2089846862982856,ORD,BDL,41.9786,-87.9048,41.938555,-72.688016
ORD-BHM,1066,0.22127255460588793,14.735042735042734,0.012195121951219513,25.742489270386265,584.0,-0.09325849722849847,-0.4876586922625712,-0.4903627511825127,-0.27867276436516913,-0.33748817625968786,ORD,BHM,41.9786,-87.9048,33.562877,-86.750712
ORD-BNA,4887,0.3101637967240655,25.209995800084,0.023122570083896052,29.343940419769805,409.0,1.477013395761699,1.224132515308699,0.32595297482619684,0.0697045116737729,0.7742008493925919,ORD,BNA,41.9786,-87.9048,36.1245,-86.6782
ORD-BOI,1043,0.3051506316812439,23.35957240038873,0.00862895493767977,24.519108280254777,1437.0,1.3884553784128335,0.921740849569047,-0.7567669637104898,-0.3970134329517149,0.28910395782991893,ORD,BOI,41.9786,-87.9048,43.5644,-116.223
ORD-BOS,7368,0.32365261100251325,26.22046914269757,0.025787187839305104,30.93097497842968,867.0,1.7152945292737254,1.3892615972846145,0.525008541243208,0.22322228925635373,0.9631967392644754,ORD,BOS,41.9786,-87.9048,42.36197,-71.0079
ORD-BTV,1145,0.297153024911032,28.28202846975089,0.01222707423580786,26.12574850299401,763.0,1.247176925966912,1.7261565798228982,-0.4879758121575287,-0.24159915099809182,0.5609396356585474,ORD,BTV,41.9786,-87.9048,44.471901,-73.153297
ORD-BUF,2208,0.26933830382106244,21.34902143522833,0.025362318840579712,32.80276816608997,474.0,0.7558273430589088,0.5931815287620146,0.493269452579315,0.4042854732278919,0.5616409494070326,ORD,BUF,41.9786,-87.9048,42.940498,-78.732201
ORD-BWI,2610,0.27344365642237983,19.48857368006304,0.024521072796934867,29.54178674351585,622.0,0.8283487708964508,0.289151707371583,0.43042565167246116,0.08884267584205928,0.40919220144563856,ORD,BWI,41.9786,-87.9048,39.1754,-76.668297
ORD-BZN,1201,0.3167649536647009,21.045492839090144,0.00749375520399667,28.393617021276597,1185.0,1.5936234347047509,0.5435796280289394,-0.8415700562088511,-0.02222262080442359,0.3183525964301039,ORD,BZN,41.9786,-87.9048,45.778853,-111.153711
ORD-CAK,1703,0.33436341161928307,35.19592088998764,0.046975924838520255,46.539741219963034,344.0,1.9045017982820227,2.856007967372604,2.107875741042519,1.7330968481504159,2.1503705887118905,ORD,CAK,41.9786,-87.9048,40.91609954833984,-81.44219970703125
ORD-CHO,1059,0.33696729435084244,30.137760158572846,0.03777148253068933,35.794117647058826,566.0,1.9504996240360415,2.0294157131872628,1.4202741241056382,0.6936461061046735,1.523458891858404,ORD,CHO,41.9786,-87.9048,38.13859939575195,-78.4529037475586
ORD-CHS,1963,0.23232848232848233,14.633056133056133,0.018848700967906265,24.52572706935123,760.0,0.10204547355684113,-0.504325093294321,0.006681125815748979,-0.39637318111420394,-0.1979929187589837,ORD,CHS,41.9786,-87.9048,32.896159,-80.038151
ORD-CID,2496,0.31262939958592134,27.09399585921325,0.030849358974358976,33.797350993377485,196.0,1.520568495015472,1.5320111966026762,0.9031691012494235,0.5004939297065653,1.1140606806435343,ORD,CID,41.9786,-87.9048,41.884701,-91.7108
ORD-CLE,4810,0.28928800513149455,22.49668590977122,0.026403326403326405,30.739837398373982,316.0,1.1082406347943747,0.7807300499406802,0.5710360851953034,0.20473307845590252,0.6661849620965653,ORD,CLE,41.9786,-87.9048,41.411701,-81.8498
ORD-CLT,4137,0.25772940885481077,22.51595349987633,0.021513173797437758,45.72552783109405,599.0,0.550755155520507,0.7838787123860601,0.2057258658008685,1.6543359735021046,0.798673926802385,ORD,CLT,41.9786,-87.9048,35.2140007019043,-80.94309997558594
ORD-CMH,4678,0.2718531468531469,20.653846153846153,0.021162890123984607,30.644694533762056,296.0,0.8002522744072007,0.4795776847159404,0.17955854221972525,0.19552967387446923,0.4137295438043339,ORD,CMH,41.9786,-87.9048,39.998001,-82.891899
ORD-CMI,1018,0.28223350253807106,17.539086294416244,0.03143418467583497,32.723021582733814,135.0,0.9836222035798321,-0.029428752636248477,0.9468574730716921,0.3965713890072063,0.5744055782556206,ORD,CMI,41.9786,-87.9048,40.039819,-88.276249
ORD-COU,1600,0.31245965138799225,23.798579728857327,0.029375,35.08471074380165,315.0,1.5175698776293025,0.9934823533510441,0.7930297162861281,0.6250234219951697,0.982276342315411,ORD,COU,41.9786,-87.9048,38.8181,-92.219597
ORD-CVG,4457,0.2824585635359116,21.049493554327807,0.024680278214045323,28.643031784841074,264.0,0.9875979266172881,0.5442334151271063,0.4423188113630951,0.0019038860758272755,0.49401350979582925,ORD,CVG,41.9786,-87.9048,39.048801,-84.667801
ORD-DAY,1742,0.3241461953265428,40.560215698022766,0.04190585533869116,70.50277264325324,240.0,1.7240137413397891,3.732627903538263,1.729125147636237,4.051100138104903,2.8092167326547983,ORD,DAY,41.9786,-87.9048,39.902401,-84.219398
ORD-DCA,6844,0.30882130428203963,26.522015433499774,0.028199883109292813,33.13179813816757,612.0,1.453298144427238,1.4385395545285125,0.7052446830253228,0.4361133561153729,1.0082989345241116,ORD,DCA,41.9786,-87.9048,38.8521,-77.037697
ORD-DEN,6166,0.2619556285949055,21.612818405916187,0.010379500486539085,33.764115432873275,888.0,0.6254117123795998,0.6362905844497624,-0.6259955481633183,0.49727897174772523,0.28324643010344225,ORD,DEN,41.9786,-87.9048,39.860027,-104.673792
ORD-DFW,6786,0.2956176515498549,26.55183997556879,0.029177718832891247,36.304752066115704,802.0,1.220054415617726,1.4434134082409422,0.7782921748948627,0.7430410362547639,1.0462002587520738,ORD,DFW,41.9786,-87.9048,32.896801,-97.038002
ORD-DLH,1131,0.34400731930466605,28.438243366880148,0.029177718832891247,27.91755319148936,397.0,2.074862306427654,1.7516848362014348,0.7782921748948627,-0.06827345236167862,1.1341414662905682,ORD,DLH,41.9786,-87.9048,46.841873,-92.198746
ORD-DSM,3200,0.2916666666666667,23.328488372093023,0.0303125,31.490586932447396,299.0,1.1502599075890103,0.9166611736982249,0.8630639991160496,0.27735493748424705,0.801835004471883,ORD,DSM,41.9786,-87.9048,41.534027,-93.656719
ORD-DTW,5859,0.2813867974085099,23.821747504815267,0.024918928144734596,27.61481020535159,235.0,0.968665080302908,0.9972683746284222,0.4601467332225443,-0.09755853009170017,0.5821304145155436,ORD,DTW,41.9786,-87.9048,42.21377,-83.353786
ORD-EWR,5916,0.3519887363604365,32.42889827525519,0.036680189317106156,27.3985,719.0,2.215854766092541,2.4038278999642344,1.33875099069715,-0.11848275118871825,1.4599877263913017,ORD,EWR,41.9786,-87.9048,40.6894,-74.170545
ORD-FAR,2135,0.2972195589645254,23.24784276126558,0.019672131147540985,26.89032258064516,557.0,1.2483522560853557,0.9034822652404535,0.06819402404639537,-0.16764000968149018,0.5130971339226785,ORD,FAR,41.9786,-87.9048,46.9207,-96.815804
ORD-FLL,3355,0.2550335570469799,21.00366076876144,0.019076005961251863,29.4366028708134,1182.0,0.5031326876526856,0.536743533419393,0.02366154415454258,0.07866797971669909,0.28555143623583,ORD,FLL,41.9786,-87.9048,26.072599,-80.152702
ORD-FNT,1848,0.33762597984322507,35.42553191489362,0.03300865800865801,26.640132669983416,223.0,1.962135363287314,2.893530439421402,1.064475724484063,-0.19184149845739223,1.4320750071838466,ORD,FNT,41.9786,-87.9048,42.969294,-83.743355
ORD-FSD,1785,0.3739884393063584,33.178612716763006,0.02969187675070028,20.25502318392581,462.0,2.604481523542818,2.526344400152221,0.816701434665616,-0.809488929366989,1.2845096072484163,ORD,FSD,41.9786,-87.9048,43.585463,-96.741152
ORD-FWA,2448,0.33234797297297297,28.2183277027027,0.03022875816993464,23.866581956797965,157.0,1.8688988909209185,1.7157467562875022,0.8568082135037909,-0.4601339179119235,0.9953299857000721,ORD,FWA,41.9786,-87.9048,40.978896,-85.194465
ORD-GRB,2698,0.2885725278953444,21.774143901500576,0.035211267605633804,27.754666666666665,173.0,1.0956016642138164,0.6626540023270289,1.229017786861132,-0.0840298687248142,0.7258108961692908,ORD,GRB,41.9786,-87.9048,44.483459,-88.130805
ORD-GRR,3827,0.2969794172681101,23.406843090082866,0.020904102430101906,32.246624662466246,137.0,1.2441101311332194,0.929465710052127,0.16022626430368875,0.3504883367840587,0.6710726105682735,ORD,GRR,41.9786,-87.9048,42.880798,-85.522797
ORD-GSO,1361,0.22021116138763197,15.041478129713424,0.024981631153563555,27.41780821917808,589.0,-0.11200810515749966,-0.4375817696235052,0.46483085082746634,-0.1166150193985551,-0.05034351083802341,ORD,GSO,41.9786,-87.9048,36.09937,-79.937262
ORD-GSP,1635,0.3030690537084399,22.56010230179028,0.04097859327217125,32.57172995780591,577.0,1.3516841138217042,0.7910934016044132,1.6598556715571837,0.38193657598498565,1.0461424407420716,ORD,GSP,41.9786,-87.9048,34.895699,-82.218903
ORD-HPN,1444,0.22750179985601152,14.457883369330453,0.031163434903047092,28.490506329113924,738.0,0.01678168780803722,-0.5329513978600491,0.9266315891638915,-0.012850278450857601,0.09940290016525552,ORD,HPN,41.9786,-87.9048,41.06700134277344,-73.70760345458984
ORD-HSV,1226,0.34709351305812974,36.208087615838245,0.02936378466557912,21.487864077669904,510.0,2.1293802003383178,3.0214137778950056,0.7921918945230731,-0.6902331809097321,1.3131881729616663,ORD,HSV,41.9786,-87.9048,34.636244,-86.774378
ORD-IAD,1990,0.27475876079228034,20.638395124428644,0.008040201005025126,24.97966728280961,588.0,0.8515802094408456,0.4770527152826084,-0.8007487871097044,-0.3524624216759603,0.04385542898444733,ORD,IAD,41.9786,-87.9048,38.9445,-77.455803
ORD-IAH,5936,0.24636192432802603,19.06522855675398,0.012803234501347708,29.714384989576093,925.0,0.349947505395874,0.21996968284613252,-0.44493477643253637,0.10553853101750957,0.057630235706744935,ORD,IAH,41.9786,-87.9048,29.9844,-95.3414
ORD-ICT,2165,0.33678756476683935,27.693829486575602,0.017090069284064664,26.274125874125875,588.0,1.9473246845552357,1.6300345407598187,-0.12469435017339622,-0.22724624095248805,0.8063546585472924,ORD,ICT,41.9786,-87.9048,37.650314,-97.428583
ORD-IND,4889,0.2459016393442623,19.33900798654897,0.02597668234812845,31.540170940170942,177.0,0.34181652921029254,0.26471004758351824,0.5391643940705693,0.28215132117218894,0.35696057300914225,ORD,IND,41.9786,-87.9048,39.7173,-86.294403
ORD-JAX,1924,0.2685624012638231,21.540284360189574,0.011954261954261955,43.51372549019608,864.0,0.7421209536745372,0.6244372481194292,-0.5083557721418083,1.4403828632980462,0.574646323237551,ORD,JAX,41.9786,-87.9048,30.492469,-81.687813
ORD-JFK,1937,0.2804289544235925,27.6514745308311,0.035622096024780586,39.44168260038241,740.0,0.9517446966827305,1.6231129974946292,1.2597079988089668,1.0464840844377936,1.2202624443560302,ORD,JFK,41.9786,-87.9048,40.639447,-73.779317
ORD-LAS,5282,0.2328661931272797,17.00326358226147,0.010980689132904203,30.882110469909314,1514.0,0.11154418382107963,-0.11699158960442703,-0.5810848114234012,0.21849550450565094,-0.09200917817527443,ORD,LAS,41.9786,-87.9048,36.083361,-115.151817
ORD-LAX,7014,0.2435563278308717,18.535186794092095,0.01454234388366125,29.07015457788347,1744.0,0.3003863875897329,0.13335155450355768,-0.3150176795225455,0.043220530117972646,0.04048519817217943,ORD,LAX,41.9786,-87.9048,33.942501,-118.407997
ORD-LEX,1732,0.28891509433962265,26.161556603773583,0.018475750577367205,21.86122448979592,323.0,1.101653131671281,1.379634254277003,-0.021179474858962655,-0.6541171049275541,0.4514977015404418,ORD,LEX,41.9786,-87.9048,38.035066,-84.606738
ORD-LGA,11620,0.31817770129517253,28.300787972103976,0.04414802065404475,31.634500426985483,733.0,1.6185797503457091,1.7292222118106533,1.8966221501396114,0.2912760457078045,1.3839250395009446,ORD,LGA,41.9786,-87.9048,40.777199,-73.872597
ORD-LIT,1404,0.2536443148688047,17.502186588921283,0.019943019943019943,28.436781609195403,552.0,0.4785915979686782,-0.03545881224950302,0.08843029339896073,-0.01804720346936656,0.1283789689121923,ORD,LIT,41.9786,-87.9048,34.729222,-92.223591
ORD-LNK,1470,0.3289198606271777,31.438327526132404,0.019727891156462583,38.29661016949152,466.0,1.8083409739164693,2.2419512511337323,0.07235947709750377,0.9357183964430145,1.26459252464768,ORD,LNK,41.9786,-87.9048,40.844882,-96.76178
ORD-LSE,1042,0.23928215353938184,14.672981056829512,0.036468330134357005,28.508333333333333,215.0,0.22488270920997794,-0.49780065990985944,1.3229244243773952,-0.011125828246679322,0.2597201613577086,ORD,LSE,41.9786,-87.9048,43.879002,-91.256699
ORD-MBS,1066,0.2971926427879961,25.87221684414327,0.027204502814258912,31.8371335504886,222.0,1.247876779374,1.3323510584993614,0.6308865549125391,0.3108772488543088,0.8804979104100524,ORD,MBS,41.9786,-87.9048,43.533181,-84.083104
ORD-MCI,3988,0.2842132239876986,21.757303946694,0.020060180541624874,29.6429215509468,403.0,1.0185941634065048,0.6599020581040045,0.09718256913146275,0.09862569587040196,0.4685761216280935,ORD,MCI,41.9786,-87.9048,39.301699,-94.713893
ORD-MCO,6290,0.25616083009079116,19.943741893644617,0.014308426073131956,32.006962025316454,1005.0,0.5230460687039823,0.36353418346831906,-0.33249209669754765,0.3273051772088288,0.22034833317089564,ORD,MCO,41.9786,-87.9048,28.429399490356445,-81.30899810791016
ORD-MDT,1851,0.26274944567627495,18.905764966740577,0.02485143165856294,31.620253164556964,594.0,0.639434563465343,0.19391053302295225,0.4551045273531346,0.28989787277973106,0.3945868741552902,ORD,MDT,41.9786,-87.9048,40.192838,-76.762333
ORD-MEM,2372,0.2668977469670711,17.80199306759099,0.025716694772344013,24.092532467532468,491.0,0.7127146838165925,0.013534829151379275,0.5197424810948329,-0.4382771662348203,0.20192870695699605,ORD,MEM,41.9786,-87.9048,35.043845,-89.97634
ORD-MIA,4453,0.2431687715269805,17.969001148105626,0.018639119694587918,25.413597733711047,1197.0,0.29354017016212114,0.040826881158028086,-0.008975273300445374,-0.31048725605382826,0.0037261304914688875,ORD,MIA,41.9786,-87.9048,25.796011,-80.289751
ORD-MKE,4863,0.3469606164383562,32.85124143835616,0.03783672630063747,21.909315237507712,67.0,2.12703256943868,2.4728461866033284,1.4251480447855724,-0.6494651679733688,1.343890408213553,ORD,MKE,41.9786,-87.9048,42.947201,-87.896599
ORD-MLI,2058,0.30465587044534415,22.972672064777328,0.038386783284742466,22.146179401993354,139.0,1.3797153760913268,0.8585145431031708,1.466239080942781,-0.6265527115795421,0.769479072139434,ORD,MLI,41.9786,-87.9048,41.448502,-90.5075
ORD-MSN,3602,0.28555012927319734,23.419132433208848,0.03331482509716824,30.93460764587525,108.0,1.0422107171117365,0.9314740044453582,1.087347396451998,0.22357368616192033,0.8211514510427532,ORD,MSN,41.9786,-87.9048,43.1399,-89.337502
ORD-MSP,6252,0.3165878323275159,25.851084651769696,0.018074216250799743,30.976300875837197,334.0,1.5904945701416853,1.3288976873121898,-0.051175388024560196,0.22760677540315422,0.7739559112081174,ORD,MSP,41.9786,-87.9048,44.880081,-93.221741
ORD-MSY,2324,0.2361963190184049,17.62883435582822,0.015920826161790018,34.45083487940631,837.0,0.17037116117393056,-0.014762343969052702,-0.21204059393054064,0.5637070420624088,0.1268188163341865,ORD,MSY,41.9786,-87.9048,29.993401,-90.264673
ORD-OKC,2535,0.3110571081409477,27.641555285540704,0.021696252465483234,20.055989583333332,693.0,1.4927938233515452,1.6214920186922988,0.2194024345667588,-0.8287419417607568,0.6262365837124615,ORD,OKC,41.9786,-87.9048,35.393388,-97.598248
ORD-OMA,2860,0.29985754985754987,20.639245014245013,0.015384615384615385,28.256532066508314,416.0,1.2949526056200524,0.4771916021975216,-0.25209727363731416,-0.03548318748912536,0.37114093667278364,ORD,OMA,41.9786,-87.9048,41.3032,-95.894096
ORD-ORF,1622,0.2883280757097792,21.094637223974765,0.02096177558569667,34.733041575492344,717.0,1.091283394078017,0.5516106831968854,0.1645346356003477,0.5910055936696494,0.5996085766362249,ORD,ORF,41.9786,-87.9048,36.895341,-76.201
ORD-PBI,1215,0.2920502092050209,22.923849372384936,0.014814814814814815,36.79369627507163,1144.0,1.1570352214826225,0.850536058135427,-0.2946632195168486,0.7903378187420782,0.6258114697108198,ORD,PBI,41.9786,-87.9048,26.683201,-80.095596
ORD-PDX,2661,0.2617424242424242,16.748863636363637,0.007140172867343104,26.678726483357455,1739.0,0.6216454380629528,-0.15856500648663469,-0.8679838006023021,-0.1881082234475384,-0.14825289811838058,ORD,PDX,41.9786,-87.9048,45.588699,-122.598
ORD-PHL,4661,0.29587105321262974,28.083020534334292,0.026818279339197598,40.702985074626866,678.0,1.224530779084031,1.6936351898015956,0.6020344118853399,1.1684929919621054,1.172173343183268,ORD,PHL,41.9786,-87.9048,39.871899,-75.241096
ORD-PHX,5641,0.24178996752075063,18.24864669794298,0.014181882644921113,31.159701492537312,1440.0,0.2691834717367958,0.08652587288388089,-0.34194530015523944,0.24534757060477314,0.0647779037675526,ORD,PHX,41.9786,-87.9048,33.435302,-112.005905
ORD-PIA,2276,0.296094459582198,21.21798365122616,0.031195079086115993,24.9079754601227,130.0,1.2284772729622648,0.5717676546260873,0.9289955120086587,-0.35939734897775316,0.5924607726548143,ORD,PIA,41.9786,-87.9048,40.663841,-89.692631
ORD-PIT,3766,0.24939205620102675,20.510132396649553,0.015932023366967606,39.37703141928494,413.0,0.4034750610790426,0.45609233404671484,-0.21120412648060802,1.0402302158083965,0.42214837111338643,ORD,PIT,41.9786,-87.9048,40.491501,-80.232903
ORD-PVD,1578,0.2974559686888454,22.709719504240052,0.025982256020278833,21.914473684210527,849.0,1.2525284554103209,0.8155434788567566,0.5395807654111359,-0.6489661786670093,0.489671630252801,ORD,PVD,41.9786,-87.9048,41.725038,-71.425668
ORD-PWM,1341,0.24581430745814306,17.12937595129376,0.018642803877703208,26.3312693498452,900.0,0.3402738034831334,-0.09638261473503901,-0.008700052903332324,-0.22171861123081224,0.0033681311534874622,ORD,PWM,41.9786,-87.9048,43.646198,-70.309303
ORD-RDU,3361,0.26419678105071365,20.177042210750077,0.019041951800059506,33.44597701149425,646.0,0.6650018747555828,0.40165955062414244,0.021117588147629256,0.4665046554940326,0.3885709172553468,ORD,RDU,41.9786,-87.9048,35.878659,-78.7873
ORD-RIC,2021,0.31109979633401225,25.559063136456214,0.025729836714497772,22.85924713584288,642.0,1.4935479141723556,1.281176245580528,0.5207242266881458,-0.5575759062736361,0.6844681200418484,ORD,RIC,41.9786,-87.9048,37.505199,-77.319702
ORD-ROC,2172,0.24329411764705883,16.55764705882353,0.018876611418047883,28.061895551257255,528.0,0.2957544207965392,-0.1898131518618556,0.008766126732152667,-0.0543108589438617,0.015099134180743639,ORD,ROC,41.9786,-87.9048,43.1189,-77.672401
ORD-RST,1101,0.3527751646284102,32.762935089369705,0.0326975476839237,16.994666666666667,268.0,2.2297470931162797,2.4584153790542027,1.0412347767787287,-1.1248712781163184,1.1511314927082232,ORD,RST,41.9786,-87.9048,43.908298,-92.5
ORD-RSW,3162,0.23017408123791103,16.705996131528046,0.01549652118912081,28.198879551820728,1120.0,0.06398778195372486,-0.16557030927056607,-0.24373754802340183,-0.041060057809050206,-0.09659503328732331,ORD,RSW,41.9786,-87.9048,26.534685,-81.752816
ORD-SAN,3584,0.26523094361008787,19.70444885236611,0.01171875,28.457264957264957,1723.0,0.683270450613812,0.32442949998667286,-0.5259492770107248,-0.016065798555447285,0.11642121875857821,ORD,SAN,41.9786,-87.9048,32.733601,-117.190002
ORD-SAT,1945,0.24763903462749212,19.070828961175238,0.017480719794344474,36.940677966101696,1041.0,0.3725077752235109,0.2208848872377539,-0.09551149329383421,0.8045557211999294,0.32560922259184,ORD,SAT,41.9786,-87.9048,29.533701,-98.469803
ORD-SAV,1365,0.22595078299776286,16.636092468307233,0.015384615384615385,34.897689768976896,773.0,-0.010617166342565085,-0.1769937949258634,-0.25209727363731416,0.6069324205990386,0.041806046423324,ORD,SAV,41.9786,-87.9048,32.126591,-81.19998
ORD-SBN,2551,0.3451507742461288,32.85900570497147,0.03488827910623285,33.79220779220779,84.0,2.095061542175677,2.4741150040617748,1.204889501082083,0.4999964151383265,1.5685156156144655,ORD,SBN,41.9786,-87.9048,41.708304,-86.316922
ORD-SDF,2613,0.2333071484681854,17.8114689709348,0.024110218140068886,36.82828282828283,286.0,0.11933370010399491,0.015083358097238493,0.3997334796821226,0.7936834615664591,0.33195849986245374,ORD,SDF,41.9786,-87.9048,38.1706,-85.735076
ORD-SEA,5496,0.30025868440502584,21.308943089430894,0.01291848617176128,26.256,1721.0,1.3020386839580227,0.5866320235256604,-0.43632510381134704,-0.2289996015818216,0.30583650052262856,ORD,SEA,41.9786,-87.9048,47.447943,-122.310276
ORD-SFO,5464,0.2622007793653739,19.776767489330116,0.013177159590043924,30.59447983014862,1846.0,0.6297423230813787,0.3362476347439226,-0.4170013626523185,0.19067228141339265,0.18491521914659384,ORD,SFO,41.9786,-87.9048,37.619806,-122.374821
ORD-SGF,1470,0.25312934631432543,17.33866481223922,0.0163265306122449,27.225274725274726,438.0,0.46949463152290066,-0.06218114101152568,-0.18173315902012466,-0.13523926039757353,0.022585267773419203,ORD,SGF,41.9786,-87.9048,37.245047,-93.388596
ORD-SJU,1428,0.2412562455389008,14.612419700214133,0.01750700280112045,15.035502958579881,2072.0,0.2597552242874507,-0.5076974486714982,-0.09354806766165362,-1.31438602859529,-0.4139690801602478,ORD,SJU,41.9786,-87.9048,18.4394,-66.001801
ORD-SLC,3158,0.3025936599423631,24.81780339417227,0.009499683343888538,27.572486772486773,1250.0,1.3432862396196459,1.1600413916590415,-0.6917207349441201,-0.10165258041821518,0.4274885789790881,ORD,SLC,41.9786,-87.9048,40.78886,-111.979866
ORD-SMF,1247,0.29136400322841,19.709443099273606,0.0056134723336006415,28.393351800554015,1781.0,1.1449133303694188,0.32524564760009034,-0.982033269377461,-0.022248276260807626,0.11646935808281009,ORD,SMF,41.9786,-87.9048,38.6954,-121.591003
ORD-SNA,2286,0.2253458277554663,13.228915662650602,0.010061242344706912,21.562376237623763,1726.0,-0.021303755829439965,-0.7337862943623095,-0.6497704609291846,-0.6830254354094366,-0.5219714866325926,ORD,SNA,41.9786,-87.9048,33.675063,-117.869281
ORD-STL,2992,0.28317373461012313,21.18091655266758,0.021724598930481284,26.882850241545892,258.0,1.0002314888192987,0.5657102400478287,0.2215200072034541,-0.16836282752159565,0.40477472713724644,ORD,STL,41.9786,-87.9048,38.748697,-90.370003
ORD-SYR,2119,0.25967117988394584,19.512088974854933,0.022652194431335537,31.787709497206706,607.0,0.5850567177106243,0.2929945193267551,0.2908143919059495,0.306096337955074,0.3687404917246007,ORD,SYR,41.9786,-87.9048,43.11119842529297,-76.1063003540039
ORD-TPA,3257,0.2468789013732834,20.497503121098628,0.01381639545594105,36.50442477876106,1012.0,0.3590799520142877,0.45402848872809315,-0.3692483755298983,0.7623558715379256,0.30155398418760204,ORD,TPA,41.9786,-87.9048,27.9755,-82.533203
ORD-TUL,2017,0.2653787493645145,20.759532282663955,0.022806147744174516,30.735632183908045,585.0,0.6858814527358185,0.49684865337319656,0.3023152024168491,0.20432629766115162,0.4223429015467539,ORD,TUL,41.9786,-87.9048,36.197084,-95.886225
ORD-TUS,1026,0.2744323790720632,22.061204343534058,0.010721247563352826,28.35611510791367,1437.0,0.8458146466088916,0.7095647175983341,-0.6004659359671877,-0.025850273625942857,0.23226578865352376,ORD,TUS,41.9786,-87.9048,32.115004,-110.938053
ORD-TVC,2356,0.35815602836879434,35.26906028368794,0.04159592529711375,30.39727722772277,224.0,2.3248005414672677,2.8679602281880827,1.7059723709009607,0.17159638600032623,1.7675823816391594,ORD,TVC,41.9786,-87.9048,44.741402,-85.582199
ORD-TYS,2009,0.347128815312985,37.16606311433006,0.035838725734196115,57.67809239940387,475.0,2.130003817887555,3.1779637905971896,1.2758909389034425,2.8105371027885875,2.348598912544194,ORD,TYS,41.9786,-87.9048,35.811001,-83.994003
ORD-XNA,1659,0.25092250922509224,17.365313653136532,0.016877637130801686,27.997549019607842,522.0,0.4305106532247444,-0.05782625261663382,-0.14056371924410402,-0.060535258078752964,0.0428963558213134,ORD,XNA,41.9786,-87.9048,36.281898,-94.306801
ORF-ATL,2873,0.16826071555083244,14.823946156571024,0.015663069961712496,29.13684210526316,516.0,-1.0297174652920251,-0.4731303125791316,-0.23129581592242862,0.04967137955911663,-0.42111805355861714,ORF,ATL,36.895341,-76.201,33.6367,-84.428101
ORF-BWI,1523,0.18449197860962566,11.00066844919786,0.017071569271175313,27.242753623188406,159.0,-0.7429907241461604,-1.097921003568146,-0.12607636098411618,-0.1335484833772125,-0.5251341430189088,ORF,BWI,36.895341,-76.201,39.1754,-76.668297
ORF-CLT,2490,0.18312167144612865,19.96394920114707,0.01887550200803213,54.09395973154363,290.0,-0.7671973250702627,0.3668364122321719,0.008683250215013892,2.4638350862958562,0.5180393559181948,ORF,CLT,36.895341,-76.201,35.2140007019043,-80.94309997558594
ORF-DCA,1059,0.351431391905232,34.31194471865745,0.04343720491029273,36.688202247191015,142.0,2.2060092254985864,2.711550743708703,1.8435219145791955,0.7801331205393228,1.8853037510814519,ORF,DCA,36.895341,-76.201,38.8521,-77.037697
ORF-DFW,1022,0.3033367037411527,34.27098078867543,0.025440313111545987,40.876666666666665,1212.0,1.3564121760414676,2.704856518471092,0.4990958769334117,1.1852936418732638,1.4364145533298087,ORF,DFW,36.895341,-76.201,32.896801,-97.038002
ORF-LGA,1540,0.23858921161825727,20.55739972337483,0.05974025974025974,19.744927536231884,296.0,0.2126418270230698,0.4638166449616494,3.0614128510630625,-0.858831742830764,0.7197598950542544,ORF,LGA,36.895341,-76.201,40.777199,-73.872597
ORF-ORD,1626,0.2569444444444444,17.690025252525253,0.02152521525215252,16.49140049140049,717.0,0.5368886876748086,-0.004762677307160392,0.20662540142239108,-1.1735534598229278,-0.10870051200822214,ORF,ORD,36.895341,-76.201,41.9786,-87.9048
PBI-ATL,3861,0.18603425559947298,13.22292490118577,0.014504014504014505,31.900849858356942,545.0,-0.7157462605673627,-0.7347652899471565,-0.31788100817841275,0.31704068488431897,-0.3628379684521532,PBI,ATL,26.683201,-80.095596,33.6367,-84.428101
PBI-BOS,2200,0.3322352941176471,28.864,0.03272727272727273,38.92917847025496,1197.0,1.8669084086727648,1.8212609437614777,1.0434553336779686,0.996908292512067,1.4321332446560695,PBI,BOS,26.683201,-80.095596,42.36197,-71.0079
PBI-BWI,1236,0.1903199343724364,14.305988515176374,0.012135922330097087,36.80603448275862,883.0,-0.640039354473933,-0.5577736833826477,-0.4947851543922323,0.7915313240839267,-0.22526671704122156,PBI,BWI,26.683201,-80.095596,39.1754,-76.668297
PBI-CLT,1862,0.15789473684210525,14.307017543859649,0.018796992481203006,44.30555555555556,590.0,-1.2128334238699119,-0.5576055220322882,0.00281833458110019,1.5169785437095076,-0.06266051690289809,PBI,CLT,26.683201,-80.095596,35.2140007019043,-80.94309997558594
PBI-DCA,1796,0.31584948688711517,27.771379703534777,0.017817371937639197,45.037906137184116,857.0,1.5774516306489805,1.6427076075231433,-0.07036248911377889,1.5878206265674033,1.184404343906437,PBI,DCA,26.683201,-80.095596,38.8521,-77.037697
PBI-DFW,1135,0.3004566210045662,26.168949771689498,0.030837004405286344,44.07294832826748,1102.0,1.305535252027564,1.380842427693722,0.9022461749724373,1.494477871378172,1.2707754315179738,PBI,DFW,26.683201,-80.095596,32.896801,-97.038002
PBI-EWR,3523,0.30889281507656063,32.03739693757362,0.03150723814930457,26.282173498570067,1024.0,1.4545613891294826,2.339849708994357,0.9523148038692155,-0.2264677743382923,1.1300645319136908,PBI,EWR,26.683201,-80.095596,40.6894,-74.170545
PBI-HPN,1654,0.2537688442211055,20.10113065326633,0.02599758162031439,43.01980198019802,1056.0,0.48079142032587185,0.3892542695840402,0.5407256373123928,1.3926044207071557,0.7008439369823651,PBI,HPN,26.683201,-80.095596,41.06700134277344,-73.70760345458984
PBI-ISP,1291,0.2725118483412322,18.45734597156398,0.015491866769945779,40.45217391304348,1052.0,0.8118882962240193,0.12063099768899452,-0.2440852481929092,1.1442314080482048,0.45816636344207734,PBI,ISP,26.683201,-80.095596,40.796324,-73.101703
PBI-JFK,2184,0.2872796569795141,25.883754168651738,0.03708791208791209,38.13598673300166,1028.0,1.072762981661785,1.3342364598495977,1.3692092006670933,0.9201808942109124,1.1740973840973472,PBI,JFK,26.683201,-80.095596,40.639447,-73.779317
PBI-LGA,3085,0.31277683134582623,25.871209540034073,0.044408427876823336,36.05119825708061,1035.0,1.5231728904901687,1.3321864473257583,1.9160754121033765,0.7185141492703145,1.3724872247974045,PBI,LGA,26.683201,-80.095596,40.777199,-73.872597
PBI-ORD,1213,0.32656514382402707,31.502538071065988,0.015663643858202802,36.924870466321245,1144.0,1.7667446869951613,2.2524443813242145,-0.23125294399803697,0.8030266226543494,1.147740686743922,PBI,ORD,26.683201,-80.095596,41.9786,-87.9048
PBI-PHL,1553,0.2410596026490066,31.02317880794702,0.02446877012234385,65.52472527472527,951.0,0.25628150971670943,2.17410866308473,0.42651847268038806,3.569561305476993,1.606617487739705,PBI,PHL,26.683201,-80.095596,39.871899,-75.241096
PDX-ANC,1035,0.2253384912959381,11.55899419729207,0.0,16.82832618025751,1542.0,-0.021433355055602888,-1.0066807755104221,-1.4013778123847422,-1.140961804725331,-0.8926134369190246,PDX,ANC,45.588699,-122.598,61.179004,-149.992561
PDX-ATL,1612,0.14168765743073047,7.9792191435768265,0.008684863523573201,11.586666666666666,2172.0,-1.499132958680189,-1.5916788584596924,-0.7525904114789361,-1.6480004920558402,-1.3728506801686644,PDX,ATL,45.588699,-122.598,33.6367,-84.428101
PDX-DEN,4374,0.21443442054129078,13.53620171177423,0.005715592135345221,17.128371089536138,991.0,-0.21405475866289625,-0.6835703598532922,-0.9744045898276846,-1.1119377186422164,-0.7459918567465224,PDX,DEN,45.588699,-122.598,39.860027,-104.673792
PDX-DFW,2427,0.21304531977975436,18.882253282507413,0.021837659662134322,31.12524850894632,1616.0,-0.23859335020909164,0.19006831109645592,0.22996600961150396,0.24201484830007144,0.10586395469973492,PDX,DFW,45.588699,-122.598,32.896801,-97.038002
PDX-IAH,1175,0.15775862068965518,11.809482758620689,0.009361702127659575,21.442622950819672,1825.0,-1.215237928107688,-0.9657465475270512,-0.7020283781682222,-0.6946094669908897,-0.8944055801984628,PDX,IAH,45.588699,-122.598,29.9844,-95.3414
PDX-LAS,3187,0.17975402081362346,11.342163355408388,0.004079071226859115,23.268421052631577,763.0,-0.8266871803993534,-1.0421147413107548,-1.096657995867147,-0.5179955014189346,-0.8708638547490475,PDX,LAS,45.588699,-122.598,36.083361,-115.151817
PDX-LAX,4491,0.1246063877642825,9.786324786324787,0.009797372522823424,29.366425992779785,833.0,-1.8008751440143766,-1.2963660746027272,-0.6694823902476583,0.07187959675766542,-0.9237110030267741,PDX,LAX,45.588699,-122.598,33.942501,-118.407997
PDX-MSP,1429,0.09359605911330049,6.933849401829697,0.004198740377886634,29.1203007518797,1426.0,-2.348675425714659,-1.7625106246234807,-1.0877183231534637,0.04807129353970372,-1.287708269987975,PDX,MSP,45.588699,-122.598,44.880081,-93.221741
PDX-OAK,1320,0.21908396946564884,12.406106870229008,0.006818181818181818,35.45296167247387,543.0,-0.13192005318430933,-0.8682476945837786,-0.8920375736216777,0.6606452450071513,-0.3078900190956536,PDX,OAK,45.588699,-122.598,37.720085,-122.221184
PDX-ORD,2663,0.22704761904761905,16.544761904761906,0.008261359369132557,19.90771812080537,1739.0,0.0087585424366845,-0.19191881222080284,-0.7842275418594618,-0.8430846070051939,-0.45261810466219354,PDX,ORD,45.588699,-122.598,41.9786,-87.9048
PDX-PHX,3816,0.20031712473572938,14.601744186046512,0.005765199161425576,27.763852242744065,1010.0,-0.4634380756271249,-0.5094420150838694,-0.9706987844998308,-0.08314132523499325,-0.5066800501114546,PDX,PHX,45.588699,-122.598,33.435302,-112.005905
PDX-SAN,1763,0.19657142857142856,10.061142857142856,0.006239364719228588,14.087209302325581,933.0,-0.5296061397280087,-1.2514559776899237,-0.9352770833975551,-1.4061168190871811,-1.0306140049756671,PDX,SAN,45.588699,-122.598,32.733601,-117.190002
PDX-SEA,4980,0.16275778406793368,9.672866963202589,0.006827309236947791,14.524223602484472,129.0,-1.1269272514389976,-1.3149070745332114,-0.8913557259124901,-1.3638433451000416,-1.1742583492461853,PDX,SEA,45.588699,-122.598,47.447943,-122.310276
PDX-SFO,3494,0.19896492236917768,12.386141460609545,0.004293073840870063,17.569364161849713,550.0,-0.4873248536632343,-0.8715103929872889,-1.080671308298096,-1.0692793681850834,-0.8771964807834256,PDX,SFO,45.588699,-122.598,37.619806,-122.374821
PDX-SJC,1638,0.18115055079559364,10.827417380660954,0.0018315018315018315,32.7804054054054,569.0,-0.8020173509971446,-1.126233269406698,-1.2645587006290961,0.40212226808395063,-0.6976717632372471,PDX,SJC,45.588699,-122.598,37.362452,-121.929188
PDX-SLC,2448,0.11476758535582066,7.364047716988893,0.006127450980392157,31.268817204301076,630.0,-1.9746784852046397,-1.69220866824917,-0.9436374017316613,0.2559026032459397,-1.0886554879848829,PDX,SLC,45.588699,-122.598,40.78886,-111.979866
PDX-SMF,1999,0.17806841046277666,10.486921529175051,0.00400200100050025,34.186440677966104,479.0,-0.8564636408626819,-1.1818762685847344,-1.1024153910997685,0.5381315371124122,-0.6506559408586932,PDX,SMF,45.588699,-122.598,38.6954,-121.591003
PDX-SNA,1543,0.10965200262639527,5.455022980958634,0.011665586519766688,8.730538922155688,859.0,-2.065045720321046,-2.0041768210305575,-0.5299207609689996,-1.924280791962809,-1.630856023570853,PDX,SNA,45.588699,-122.598,33.675063,-117.869281
PHL-ATL,5631,0.23448654585392642,17.84129599121362,0.026993429231042445,33.940671350507415,666.0,0.14016786240575588,0.019957616792652722,0.615118675419305,0.5143576622818078,0.32240045422488034,PHL,ATL,39.871899,-75.241096,33.6367,-84.428101
PHL-AUS,1200,0.23564695801199656,21.516709511568124,0.025,42.10545454545454,1431.0,0.16066664893051996,0.6205847040231027,0.46620306307982845,1.3041573321707332,0.6379029370510461,PHL,AUS,39.871899,-75.241096,30.197535,-97.662015
PHL-BNA,2738,0.25383177570093457,20.27140186915888,0.02008765522279036,34.642120765832104,675.0,0.4819031106522199,0.41707957519233646,0.09923501669562858,0.5822105989048,0.39510707536124623,PHL,BNA,39.871899,-75.241096,36.1245,-86.6782
PHL-BOS,4959,0.2628405073819921,21.329174464545645,0.030046380318612623,31.5625,280.0,0.6410431767956111,0.5899381853598442,0.843183998014298,0.28431126634903503,0.5896191566296971,PHL,BOS,39.871899,-75.241096,42.36197,-71.0079
PHL-BTV,1072,0.2490118577075099,25.66205533596838,0.04757462686567164,62.17063492063492,335.0,0.3967588200422367,1.298006978900158,2.1526007192829106,3.245111850887972,1.7731195922783194,PHL,BTV,39.871899,-75.241096,44.471901,-73.153297
PHL-CHS,1243,0.23684210526315788,19.70970394736842,0.02011263073209976,46.80555555555556,550.0,0.18177903404027138,0.325288274757696,0.10110076803727751,1.7588097261889464,0.5917444507560479,PHL,CHS,39.871899,-75.241096,32.896159,-80.038151
PHL-CLE,1102,0.28846153846153844,25.892307692307693,0.05353901996370236,50.986666666666665,363.0,1.0936410257507756,1.3356342557630594,2.598160178628313,2.163258943820114,1.7976736009905654,PHL,CLE,39.871899,-75.241096,41.411701,-81.8498
PHL-CLT,3556,0.22003474232773595,19.510133178922988,0.02699662542182227,36.12894736842105,449.0,-0.11512456392825429,0.29267490793954226,0.6153574412102946,0.7260350130831887,0.3797356995761928,PHL,CLT,39.871899,-75.241096,35.2140007019043,-80.94309997558594
PHL-CMH,1292,0.24534412955465587,20.841295546558705,0.04179566563467492,36.96699669966997,407.0,0.3319680679690606,0.5102102059613858,1.7208936202804839,0.8071015973840002,0.8425433728987326,PHL,CMH,39.871899,-75.241096,39.998001,-82.891899
PHL-CVG,1083,0.2966507177033493,28.181818181818183,0.032317636195752536,44.39354838709677,507.0,1.238303623366168,1.7097804596888728,1.0128541595916183,1.525490307910038,1.3716071376391743,PHL,CVG,39.871899,-75.241096,39.048801,-84.667801
PHL-DEN,2969,0.25378266850068776,21.42022008253095,0.01380936342202762,27.317073170731707,1558.0,0.48103562748454753,0.6048166375483576,-0.36977369121199194,-0.1263593697517192,0.14742980101729844,PHL,DEN,39.871899,-75.241096,39.860027,-104.673792
PHL-DFW,3366,0.25357809583074054,23.28033602986932,0.03891859774212715,30.806134969325154,1303.0,0.4774218326265005,0.9087922357153346,1.505967341339069,0.21114620644735702,0.7758319040320653,PHL,DFW,39.871899,-75.241096,32.896801,-97.038002
PHL-DTW,2929,0.21172752808988765,20.6123595505618,0.026630249231819735,41.48756218905473,453.0,-0.26187226050559415,0.4727980454857501,0.5879879545833221,1.2443870764934637,0.5108252040142354,PHL,DTW,39.871899,-75.241096,42.21377,-83.353786
PHL-FLL,3192,0.27570548167369446,22.81641258514434,0.02976190476190476,31.05294117647059,993.0,0.8683041200890409,0.8329790011609258,0.8219327536445084,0.23502038121425547,0.6895590640271826,PHL,FLL,39.871899,-75.241096,26.072599,-80.152702
PHL-IAH,1757,0.21157218001168906,16.781414377556985,0.0221969265793967,29.058011049723756,1325.0,-0.2646164984643908,-0.15324564398174118,0.2568044105661571,0.04204585660823814,-0.029752968817934176,PHL,IAH,39.871899,-75.241096,29.9844,-95.3414
PHL-IND,1541,0.2574324324324324,19.116891891891893,0.038286826735885786,36.37007874015748,588.0,0.5455090399546839,0.22841237870297929,1.4587720033818938,0.7493602469871526,0.7455134172566774,PHL,IND,39.871899,-75.241096,39.7173,-86.294403
PHL-JAX,1565,0.26187335092348285,22.17414248021108,0.02939297124600639,42.727959697733,742.0,0.6239582698156639,0.7280207916411298,0.7943722265001203,1.3643737950007502,0.877681270739416,PHL,JAX,39.871899,-75.241096,30.492469,-81.687813
PHL-LAS,1595,0.24919510624597555,20.4211204121056,0.0219435736677116,27.002583979328165,2177.0,0.39999592217431856,0.441546213260807,0.23787812846190276,-0.15678068696536765,0.23065989423291516,PHL,LAS,39.871899,-75.241096,36.083361,-115.151817
PHL-LAX,2449,0.23275145469659186,16.07689110556941,0.014291547570436913,21.6625,2402.0,0.10951731898646067,-0.26837711378684465,-0.33375297545113725,-0.6733402162695422,-0.29148824663026585,PHL,LAX,39.871899,-75.241096,33.942501,-118.407997
PHL-MCO,5439,0.2975739196360879,25.070887035633056,0.024820739106453393,35.507006369426755,862.0,1.2546120696426464,1.2013997012899007,0.452811694419575,0.665873122195495,0.8936741468869043,PHL,MCO,39.871899,-75.241096,28.429399490356445,-81.30899810791016
PHL-MDW,1550,0.27828947368421053,20.31776315789474,0.015483870967741935,32.808510638297875,668.0,0.913950574443118,0.42465582359525994,-0.24468256048410503,0.4048409567656492,0.37469119857998057,PHL,MDW,39.871899,-75.241096,41.785999,-87.752403
PHL-MIA,3154,0.24349804941482445,21.329973992197658,0.02155992390615092,28.654205607476637,1013.0,0.29935689405914057,0.5900688422130471,0.2092182501592121,0.00298475757213673,0.2754071860008841,PHL,MIA,39.871899,-75.241096,25.796011,-80.289751
PHL-MSP,1936,0.24371993586317478,26.406199893105292,0.03305785123966942,34.35745614035088,981.0,0.30327653839054425,1.4196132622084991,1.0681506179816322,0.5546742857087233,0.8364286760723497,PHL,MSP,39.871899,-75.241096,44.880081,-93.221741
PHL-MSY,1155,0.2448244824482448,19.895589558955894,0.03116883116883117,40.158088235294116,1089.0,0.3227884544770346,0.35566524671677663,0.9270347076749821,1.1157837731680462,0.6803180455092099,PHL,MSY,39.871899,-75.241096,29.993401,-90.264673
PHL-ORD,4655,0.2876194709935541,28.619470993554124,0.03007518796992481,37.45672333848532,678.0,1.0787658271882528,1.7813006116596422,0.8453360227606057,0.8544740662465589,1.1399691319637648,PHL,ORD,39.871899,-75.241096,41.9786,-87.9048
PHL-PBI,1554,0.2922465208747515,24.81842279655401,0.026383526383526385,43.93877551020408,951.0,1.160503085018989,1.160142612881173,0.5695569596628098,1.4814990028786237,1.0929254151103989,PHL,PBI,39.871899,-75.241096,26.683201,-80.095596
PHL-PHX,2310,0.2198581560283688,16.513297872340427,0.018614718614718615,25.840725806451612,2076.0,-0.1182439769995076,-0.19706058743634766,-0.010798112904629084,-0.2691701012934224,-0.14881819465847668,PHL,PHX,39.871899,-75.241096,33.435302,-112.005905
PHL-PIT,1398,0.2692589875275128,21.56859867938371,0.024320457796852647,42.950953678474114,268.0,0.7544262135049808,0.6290643049037358,0.41543906217306603,1.3859445542201185,0.7962185337004752,PHL,PIT,39.871899,-75.241096,40.491501,-80.232903
PHL-RDU,2490,0.2775257731958763,23.10185567010309,0.02530120481927711,46.713224368499255,337.0,0.900459735717973,0.8796254118952238,0.48870403748301594,1.749878302130724,1.0046668718067342,PHL,RDU,39.871899,-75.241096,35.878659,-78.7873
PHL-RSW,1416,0.27956204379562044,22.687591240875914,0.029661016949152543,38.35770234986945,993.0,0.9364306414349792,0.8119273321847521,0.8143961076579687,0.9416279941314308,0.8760955188522828,PHL,RSW,39.871899,-75.241096,26.534685,-81.752816
PHL-SAN,1048,0.24387855044074436,19.876591576885406,0.01812977099236641,18.759036144578314,2370.0,0.30607847935841703,0.3525606429569383,-0.047025269108908724,-0.9541994552467169,-0.08564640051006756,PHL,SAN,39.871899,-75.241096,32.733601,-117.190002
PHL-SAV,1029,0.28830645161290325,30.121975806451612,0.031098153547133137,55.30419580419581,630.0,1.0909014024360233,2.026836272973014,0.9217548606907195,2.5809042145073553,1.655099187651778,PHL,SAV,39.871899,-75.241096,32.126591,-81.19998
PHL-SEA,1172,0.3489583333333333,19.48611111111111,0.016211604095563138,16.94776119402985,2379.0,2.1623224204474414,0.2887492803770392,-0.19031854160566933,-1.1294085604813255,0.28283614968437143,PHL,SEA,39.871899,-75.241096,47.447943,-122.310276
PHL-SFO,1835,0.23149171270718233,18.595580110497238,0.013079019073569483,21.470167064439142,2522.0,0.08726386193880811,0.14322088254507545,-0.4243327767193538,-0.6919450567641119,-0.22144827224989555,PHL,SFO,39.871899,-75.241096,37.619806,-122.374821
PHL-SJU,1740,0.40654761904761905,31.325,0.03103448275862069,21.013177159590043,1576.0,3.1796424009051383,2.2234315440186063,0.9169984468126557,-0.7361508203924414,1.3959803928359897,PHL,SJU,39.871899,-75.241096,18.4394,-66.001801
PHL-STL,1536,0.2504970178926441,19.279655400927766,0.016276041666666668,34.21164021164021,814.0,0.4229943100605216,0.25501079322102627,-0.18550484658749572,0.5405691503229479,0.25826735175425003,PHL,STL,39.871899,-75.241096,38.748697,-90.370003
PHL-TPA,2653,0.283507145616068,23.738122827346466,0.020731247644176404,39.14032697547684,920.0,1.0061212246242364,0.9836026343870826,0.14731345260660916,1.0173332095906962,0.7885926303021561,PHL,TPA,39.871899,-75.241096,27.9755,-82.533203
PHX-ABQ,3378,0.18952692650996728,12.246057720916394,0.004440497335701598,29.49293563579278,328.0,-0.6540479106340553,-0.8944025350753255,-1.069658296316435,0.08411718738361906,-0.6334978886605491,PHX,ABQ,33.435302,-112.005905,35.039976,-106.608925
PHX-ATL,3774,0.17342281879194632,14.430335570469799,0.008479067302596715,31.275541795665635,1587.0,-0.938528441097063,-0.5374531917664092,-0.7679640549404788,0.2565530895984927,-0.49684814955136464,PHX,ATL,33.435302,-112.005905,33.6367,-84.428101
PHX-AUS,3398,0.24064171122994651,15.080808080808081,0.00824014125956445,27.606172839506172,872.0,0.24889941971509308,-0.431154565218864,-0.7858126032851782,-0.098394043850062,-0.2666154481597528,PHX,AUS,33.435302,-112.005905,30.197535,-97.662015
PHX-BFL,1276,0.20352564102564102,16.552083333333332,0.017241379310344827,27.85433070866142,425.0,-0.4067593429624234,-0.1907223622722818,-0.11339100171952121,-0.07438911947430557,-0.196315456607133,PHX,BFL,33.435302,-112.005905,35.433601,-119.056999
PHX-BNA,2397,0.22869198312236286,13.50548523206751,0.007509386733416771,25.874538745387454,1449.0,0.03780638367373487,-0.6885899718327468,-0.8404023303928813,-0.26589929209103846,-0.4392713026607329,PHX,BNA,33.435302,-112.005905,36.1245,-86.6782
PHX-BOI,2054,0.1821743388834476,10.37952987267385,0.0038948393378773127,18.037634408602152,735.0,-0.7839320411237828,-1.1994259504041964,-1.1104207139676718,-1.0239824291882509,-1.0294402836709753,PHX,BOI,33.435302,-112.005905,43.5644,-116.223
PHX-BOS,2012,0.23947234906139014,18.04566210045662,0.019383697813121274,28.516949152542374,2300.0,0.2282425304394437,0.05335462647427464,0.046647120878046136,-0.010292398747738756,0.07948796976100643,PHX,BOS,33.435302,-112.005905,42.36197,-71.0079
PHX-BUR,3112,0.20814332247557002,13.428338762214985,0.008997429305912597,29.120500782472615,369.0,-0.32518757932382136,-0.7011970592314907,-0.7292407363820691,0.04809064299363034,-0.42688368298593765,PHX,BUR,33.435302,-112.005905,34.202834,-118.35805
PHX-BWI,1290,0.18346456692913385,9.468503937007874,0.010852713178294573,18.63948497854077,1999.0,-0.7611400451137004,-1.3483035803906236,-0.5906450292373319,-0.9657639351865788,-0.9164631474820587,PHX,BWI,33.435302,-112.005905,39.1754,-76.668297
PHX-CLT,2898,0.1418588399720475,10.606568832983926,0.012077294685990338,19.514778325123153,1773.0,-1.4961090034873543,-1.1623237988602475,-0.49916482906852466,-0.8810946451784177,-1.009673069148636,PHX,CLT,33.435302,-112.005905,35.2140007019043,-80.94309997558594
PHX-CMH,1180,0.2747631352282515,18.56675279931094,0.009322033898305085,33.01253918495298,1670.0,0.8516574842509341,0.13850999386421708,-0.7049917232284617,0.4245771426445151,0.17743822438280116,PHX,CMH,33.435302,-112.005905,39.998001,-82.891899
PHX-DAL,2931,0.2188705717292178,12.596632760434936,0.02183555100648243,24.315705128205128,879.0,-0.1356897436460523,-0.8371124196432497,0.22980848621276748,-0.41668912286379955,-0.2899206999850835,PHX,DAL,33.435302,-112.005905,32.844776,-96.847653
PHX-DCA,1088,0.16886792452830188,10.986792452830189,0.014705882352941176,23.217877094972067,1979.0,-1.0189910633679304,-1.100188584953092,-0.3028008268173478,-0.5228847434381306,-0.7362163046441252,PHX,DCA,33.435302,-112.005905,38.8521,-77.037697
PHX-DEN,8924,0.25456815344455797,18.0200885257065,0.009748991483639623,26.823896567097638,602.0,0.49491129060202965,0.04917545544299631,-0.6730966103882491,-0.17406556224292735,-0.07576885664653762,PHX,DEN,33.435302,-112.005905,39.860027,-104.673792
PHX-DFW,5106,0.20918059190658345,16.429232937386754,0.023305914610262435,27.379210779595766,868.0,-0.3068641202949454,-0.21079827347897068,0.3396494040687155,-0.12034864518050306,-0.07459040872142592,PHX,DFW,33.435302,-112.005905,32.896801,-97.038002
PHX-DSM,1107,0.21467889908256882,11.78256880733945,0.013550135501355014,19.32905982905983,1149.0,-0.2097360229510274,-0.9701447596124096,-0.38913885549337607,-0.8990596545829364,-0.6170198231599373,PHX,DSM,33.435302,-112.005905,41.534027,-93.656719
PHX-DTW,2434,0.19293139293139294,16.013721413721413,0.0078060805258833195,36.72844827586207,1671.0,-0.5939077010385315,-0.2787001503120647,-0.8182383442856981,0.784026218420772,-0.22670499430388058,PHX,DTW,33.435302,-112.005905,42.21377,-83.353786
PHX-ELP,2560,0.1889763779527559,12.838976377952756,0.006640625,27.310416666666665,347.0,-0.6637734010706271,-0.7975092184544542,-0.9053016423394658,-0.1270032698514105,-0.6233968829289893,PHX,ELP,33.435302,-112.005905,31.809908,-106.375607
PHX-EWR,2479,0.24208333333333334,20.86375,0.02379991932230738,18.822719449225474,2133.0,0.27436580555153117,0.5138796578179202,0.3765531541728965,-0.9480392116999085,0.05418985146060981,PHX,EWR,33.435302,-112.005905,40.6894,-74.170545
PHX-FAT,1468,0.20644718792866942,17.844993141289436,0.005449591280653951,32.96013289036545,493.0,-0.3551499506695473,0.0205617960146078,-0.9942757141908304,0.4195077521687281,-0.22733902916926046,PHX,FAT,33.435302,-112.005905,36.775767,-119.718018
PHX-FLG,1230,0.23377703826955074,27.338602329450914,0.01869918699186992,25.249110320284696,119.0,0.1276343462678294,1.5719841876478848,-0.004488051874656931,-0.3263985303305797,0.3421829879276194,PHX,FLG,33.435302,-112.005905,35.139757,-111.669826
PHX-GEG,1193,0.21951219512195122,14.365853658536585,0.0016764459346186086,29.68199233716475,1020.0,-0.12435540794001256,-0.5479906680881921,-1.276141877734981,0.10240510964299741,-0.461520711030047,PHX,GEG,33.435302,-112.005905,47.6199,-117.533997
PHX-HNL,1324,0.15484363081617086,12.998474446987032,0.0007552870090634441,13.45320197044335,2917.0,-1.2667314898761024,-0.7714444341540203,-1.3449554294401933,-1.4674459161950666,-1.2126443174163457,PHX,HNL,33.435302,-112.005905,21.318387,-157.92567
PHX-HOU,2137,0.264373232799246,14.507068803016022,0.005147402901263453,23.998217468805706,1020.0,0.6681189109740777,-0.5249136345974598,-1.0168501637163234,-0.4474004893018762,-0.33026134416039543,PHX,HOU,33.435302,-112.005905,29.645336,-95.276812
PHX-IAD,1201,0.16088060965283657,11.14987298899238,0.005828476269775187,16.33684210526316,1956.0,-1.160087708555217,-1.073538362637528,-0.9659717798034936,-1.1885042747356098,-1.097025531432962,PHX,IAD,33.435302,-112.005905,38.9445,-77.455803
PHX-IAH,3030,0.17925478348439072,15.438402148371937,0.01089108910891089,30.350187265917604,1009.0,-0.8355062533175093,-0.372717417392556,-0.5877782230734443,0.1670412575418242,-0.4072401590604213,PHX,IAH,33.435302,-112.005905,29.9844,-95.3414
PHX-IND,1523,0.24304635761589405,15.07019867549669,0.007222586999343401,32.72207084468665,1489.0,0.2913777172667674,-0.43288832828365625,-0.8618271983306314,0.39647942176473655,-0.15171459689569594,PHX,IND,33.435302,-112.005905,39.7173,-86.294403
PHX-JFK,2850,0.22556118754525706,17.57204923968139,0.027719298245614036,25.298555377207062,2153.0,-0.017499405516288563,-0.024042028750215473,0.6693434390075537,-0.3216155876972601,0.07654660426094738,PHX,JFK,33.435302,-112.005905,40.639447,-73.779317
PHX-LAS,6172,0.21012119226989845,14.132165083524402,0.009883344134802333,32.25487139516758,255.0,-0.2902483291567554,-0.5861794834014317,-0.6630600327130715,0.35128606363236053,-0.29705044540972453,PHX,LAS,33.435302,-112.005905,36.083361,-115.151817
PHX-LAX,7674,0.16314754098360656,10.711868852459016,0.005994266353922335,25.0008038585209,370.0,-1.120042160003713,-1.1451159272473324,-0.9535867241836986,-0.35041782843682945,-0.8922906599678933,PHX,LAX,33.435302,-112.005905,33.942501,-118.407997
PHX-LGB,1557,0.18516129032258064,9.761935483870968,0.00449582530507386,26.310104529616726,355.0,-0.7311672717400723,-1.3003517147521402,-1.065525118017318,-0.22376593663193892,-0.8302025102853673,PHX,LGB,33.435302,-112.005905,33.816523,-118.149891
PHX-MCI,2481,0.2257142857142857,13.74326530612245,0.008061265618702136,27.772151898734176,1044.0,-0.014794912408021168,-0.6497325337539742,-0.7991751923236151,-0.0823384789860888,-0.38651027936792487,PHX,MCI,33.435302,-112.005905,39.301699,-94.713893
PHX-MCO,1854,0.23796498905908095,13.421772428884026,0.006472491909385114,18.239080459770115,1849.0,0.20161487862761535,-0.7022701133628194,-0.9178617281220703,-1.0044960544843462,-0.6057532543354052,PHX,MCO,33.435302,-112.005905,28.429399490356445,-81.30899810791016
PHX-MDW,2842,0.23687031082529475,13.644515898535191,0.01020408163265306,22.90950226244344,1444.0,0.18227728786589156,-0.6658699203953409,-0.6390999040318565,-0.5527146035970494,-0.4188517850395888,PHX,MDW,33.435302,-112.005905,41.785999,-87.752403
PHX-MIA,1819,0.181058495821727,12.428412256267409,0.008796041781198461,19.664615384615384,1972.0,-0.8036435104997932,-0.8646026029575979,-0.7442850359705998,-0.8666005358679184,-0.8197829213239773,PHX,MIA,33.435302,-112.005905,25.796011,-80.289751
PHX-MKE,1487,0.2547554347826087,14.628396739130435,0.008069939475453935,26.637333333333334,1460.0,0.4982196325063052,-0.5050865200525219,-0.798527227164168,-0.19211228521429113,-0.24937659998116896,PHX,MKE,33.435302,-112.005905,42.947201,-87.896599
PHX-MRY,1391,0.22279035792549307,16.73265157048941,0.010783608914450037,19.042622950819673,598.0,-0.06644636326490097,-0.16121434263618628,-0.5958073413000964,-0.9267674021711507,-0.4375588623430836,PHX,MRY,33.435302,-112.005905,36.586777,-121.844183
PHX-MSP,3223,0.1725760903671164,13.532475682459994,0.007756748371082842,34.14363636363636,1276.0,-0.9534859758870329,-0.6841792584497499,-0.8219236158397313,0.5339909699325789,-0.4813994700609838,PHX,MSP,33.435302,-112.005905,44.880081,-93.221741
PHX-OAK,1975,0.2277580071174377,13.222674123029995,0.004050632911392405,30.165178571428573,646.0,0.021307612430202835,-0.734806271499956,-1.0987824300309892,0.14914490899892033,-0.4157840450254555,PHX,OAK,33.435302,-112.005905,37.720085,-122.221184
PHX-OKC,1903,0.22929936305732485,15.135350318471337,0.009458749343142408,27.71759259259259,833.0,0.0485358055775153,-0.4222414061532815,-0.6947786372221091,-0.08761613559387961,-0.28902509334793874,PHX,OKC,33.435302,-112.005905,35.393388,-97.598248
PHX-OMA,1999,0.21802618328298087,13.162638469284994,0.0050025012506253125,26.63972286374134,1037.0,-0.15060594250092674,-0.744617151184416,-1.0276747857785251,-0.19188114002863563,-0.5286947548731259,PHX,OMA,33.435302,-112.005905,41.3032,-95.894096
PHX-ONT,3172,0.21159328476401648,13.159328476401647,0.004413619167717529,34.00898203592814,325.0,-0.2642436810911764,-0.7451580621249859,-1.071666182416218,0.5209655238143179,-0.3900256004545156,PHX,ONT,33.435302,-112.005905,34.056,-117.600998
PHX-ORD,5643,0.2161039898898718,17.570861166275503,0.013822434875066455,26.12364243943191,1440.0,-0.18456166396646564,-0.024236180800112136,-0.3687972113835974,-0.24180287573473153,-0.20484948297122668,PHX,ORD,33.435302,-112.005905,41.9786,-87.9048
PHX-PDX,3815,0.20321137141352988,12.455119768360095,0.003669724770642202,31.931347150259068,1010.0,-0.41231094430086557,-0.8602381266594711,-1.1272375003899429,0.31999076334956367,-0.519948952000179,PHX,PDX,33.435302,-112.005905,45.588699,-122.598
PHX-PHL,2315,0.1646072374227714,12.594880847308032,0.01814254859611231,24.656836461126005,2076.0,-1.0942564893785784,-0.8373987130011714,-0.04607074077330451,-0.38369064541538245,-0.5903541471421092,PHX,PHL,33.435302,-112.005905,39.871899,-75.241096
PHX-PSP,1582,0.21099744245524296,15.293478260869565,0.010113780025284451,31.90909090909091,261.0,-0.2747692897768729,-0.39640052459630476,-0.6458457262296694,0.31783786210186643,-0.24979441962524512,PHX,PSP,33.435302,-112.005905,33.8297,-116.507004
PHX-RNO,2429,0.18140307181403073,11.463262764632628,0.004940304652120214,30.4279176201373,601.0,-0.7975565441933218,-1.0223249720712195,-1.0323210728940078,0.1745603069320221,-0.6694105705566318,PHX,RNO,33.435302,-112.005905,39.4991,-119.767998
PHX-SAN,5714,0.24644381223328593,15.457681365576102,0.013300665033251663,26.77777777777778,304.0,0.3513940627050239,-0.3695668548750889,-0.4077751065022966,-0.178526746785224,-0.1511186613643964,PHX,SAN,33.435302,-112.005905,32.733601,-117.190002
PHX-SAT,2507,0.2260136491368928,14.8627057406664,0.004786597526924611,36.714031971580816,843.0,-0.009506630265621365,-0.4667963161543637,-1.0438034923915258,0.7826316936562443,-0.18436868628881664,PHX,SAT,33.435302,-112.005905,29.533701,-98.469803
PHX-SBA,1454,0.1970649895178197,16.89308176100629,0.012379642365887207,28.602836879432623,455.0,-0.5208873406300586,-0.1349972333230862,-0.4765784792798656,-0.001984266526002762,-0.2836118299397533,PHX,SBA,33.435302,-112.005905,34.426201,-119.839996
PHX-SBP,1243,0.17647058823529413,13.084150326797385,0.008045052292839904,32.25925925925926,509.0,-0.884689316126339,-0.7574434914433794,-0.8003863802159343,0.35171051257710084,-0.5227021688021379,PHX,SBP,33.435302,-112.005905,35.236801147499996,-120.641998291
PHX-SEA,7345,0.179198682766191,10.970225027442371,0.0062627637848876785,25.17228177641654,1107.0,-0.8364972776171639,-1.1028959930851252,-0.9335290974964088,-0.3338303453753036,-0.8016881783935004,PHX,SEA,33.435302,-112.005905,47.447943,-122.310276
PHX-SFO,4731,0.24186343331206125,16.818123803446074,0.0063411540900443885,26.671943711521546,651.0,0.27048125163549475,-0.14724667939624356,-0.9276730881071087,-0.18876433774096477,-0.24830071340220558,PHX,SFO,33.435302,-112.005905,37.619806,-122.374821
PHX-SJC,3046,0.19352708058124174,12.159511228533686,0.004924491135915955,32.35324232081911,621.0,-0.5833848244168348,-0.9085457511629739,-1.033502393711485,0.3608017265411238,-0.5411578106875425,PHX,SJC,33.435302,-112.005905,37.362452,-121.929188
PHX-SLC,5733,0.1604071604071604,10.7000702000702,0.005407291121576836,31.424507658643325,507.0,-1.168451232627187,-1.1470440341605526,-0.9974356729156916,0.2709629259156786,-0.7604920034469381,PHX,SLC,33.435302,-112.005905,40.78886,-111.979866
PHX-SMF,3739,0.19402583423035522,11.55113024757804,0.004546670232682536,29.39528432732316,647.0,-0.5745742957520652,-1.0079658829370304,-1.0617268374406643,0.07467113482447013,-0.6423989703263224,PHX,SMF,33.435302,-112.005905,38.6954,-121.591003
PHX-SNA,4522,0.19675050077898953,11.314934342310261,0.0050862450243255196,25.070135746606336,338.0,-0.526442812861962,-1.0465644400275702,-1.0214188549704555,-0.3437111834451362,-0.7345343228262811,PHX,SNA,33.435302,-112.005905,33.675063,-117.869281
PHX-STL,2298,0.2000875656742557,12.375656742556918,0.0034812880765883376,26.7417943107221,1262.0,-0.46749325736858477,-0.8732237799652457,-1.1413143310319736,-0.18200751654033795,-0.6660097212265355,PHX,STL,33.435302,-112.005905,38.748697,-90.370003
PHX-TPA,1232,0.2837285363859362,18.121831561733444,0.00487012987012987,29.363112391930837,1788.0,1.0100321127500804,0.06580205352139454,-1.0375633561254105,0.07155906395303904,0.02745746852477588,PHX,TPA,33.435302,-112.005905,27.9755,-82.533203
PHX-TUL,1267,0.23193010325655283,16.618745035742652,0.0031570639305445935,33.03767123287671,935.0,0.09500807094551592,-0.1798286699227823,-1.1655349236125787,0.42700822779152564,-0.20583682369957984,PHX,TUL,33.435302,-112.005905,36.197084,-95.886225
PHX-TUS,3262,0.16733559740660697,13.461870947823403,0.00674432863274065,24.981549815498155,109.0,-1.0460597616190492,-0.6957173114809538,-0.8975546454905603,-0.3522803196335096,-0.7479030095560182,PHX,TUS,33.435302,-112.005905,32.115004,-110.938053
PHX-YUM,1321,0.1496546431312356,12.264006139677667,0.012869038607115822,20.871794871794872,160.0,-1.3583954302212433,-0.8914694483841888,-0.4400189968541533,-0.7498270787281033,-0.8599277385469222,PHX,YUM,33.435302,-112.005905,32.650938,-114.609375
PIA-DFW,1053,0.2334975369458128,23.123152709359605,0.03133903133903134,30.72573839662447,672.0,0.12269692991205669,0.8831057219567807,0.9397492109896484,0.203369247149957,0.5372302775021107,PIA,DFW,40.663841,-89.692631,32.896801,-97.038002
PIA-ORD,2275,0.2859090909090909,26.459545454545456,0.03120879120879121,29.513513513513512,130.0,1.0485518071232367,1.4283308633728407,0.9300198519314691,0.0861077363844679,0.8732525647030035,PIA,ORD,40.663841,-89.692631,41.9786,-87.9048
PIT-ATL,2819,0.1045156591405681,7.79278951201748,0.02092940759134445,26.73170731707317,526.0,-2.155779696091291,-1.6221447328318737,0.1621166417111736,-0.18298325638105126,-0.9496977608982606,PIT,ATL,40.491501,-80.232903,33.6367,-84.428101
PIT-BNA,1097,0.17095588235294118,11.803308823529411,0.007292616226071103,32.543010752688176,462.0,-0.9821070981127124,-0.9667554768978792,-0.8565957885482222,0.3791584962515894,-0.6065749668268061,PIT,BNA,40.491501,-80.232903,36.1245,-86.6782
PIT-BOS,2138,0.22216890595009597,17.711132437619963,0.02478952291861553,25.606911447084233,496.0,-0.0774243690454022,-0.001313392748331526,0.4504797442031388,-0.2917875424960167,0.01998860997834709,PIT,BOS,40.491501,-80.232903,42.36197,-71.0079
PIT-BWI,1074,0.14555765595463138,10.374291115311909,0.013966480446927373,33.564935064935064,210.0,-1.4307690820688566,-1.2002820553179927,-0.35803654117548506,0.4780117621856503,-0.6277689790941711,PIT,BWI,40.491501,-80.232903,39.1754,-76.668297
PIT-CLT,1872,0.16721311475409836,14.27431693989071,0.021367521367521368,32.689542483660134,366.0,-1.0482234288378902,-0.5629493747453963,0.19484515809779673,0.3933328729602725,-0.25574869313130427,PIT,CLT,40.491501,-80.232903,35.2140007019043,-80.94309997558594
PIT-DCA,1474,0.2792982456140351,19.323508771929824,0.03188602442333786,27.42462311557789,204.0,0.931770622516415,0.2621772038423981,0.9806113639201375,-0.11595579761661876,0.5146508481655829,PIT,DCA,40.491501,-80.232903,38.8521,-77.037697
PIT-DEN,1755,0.1956271576524741,13.628308400460298,0.0062678062678062675,19.93235294117647,1290.0,-0.5462867715660805,-0.6685185100862983,-0.9331524077098643,-0.8407016199089891,-0.7471648273178081,PIT,DEN,40.491501,-80.232903,39.860027,-104.673792
PIT-DFW,1490,0.22596153846153846,24.342032967032967,0.018120805369127517,44.58054711246201,1067.0,-0.010427170094785698,1.0822921522168618,-0.04769503016881191,1.543579157060927,0.6419372772535478,PIT,DFW,40.491501,-80.232903,32.896801,-97.038002
PIT-DTW,1074,0.2041392285983067,20.587958607714018,0.010242085661080074,8.465437788018432,201.0,-0.3959202625728836,0.46881050309162914,-0.6362608801646203,-1.9499246802608303,-0.6283238299766762,PIT,DTW,40.491501,-80.232903,42.21377,-83.353786
PIT-EWR,1888,0.1523545706371191,11.955124653739611,0.04343220338983051,10.072727272727272,319.0,-1.3107009647758898,-0.9419461052748924,1.843148284820656,-1.7944475935912674,-0.5509865947053484,PIT,EWR,40.491501,-80.232903,40.6894,-74.170545
PIT-FLL,1064,0.19922630560928434,16.140232108317214,0.02725563909774436,25.650485436893202,994.0,-0.48270749490597303,-0.2580260820534139,0.6347066007157294,-0.28757252270367667,-0.09839987473683355,PIT,FLL,40.491501,-80.232903,26.072599,-80.152702
PIT-IAD,1334,0.12291350531107739,8.254172989377846,0.01199400299850075,26.493827160493826,182.0,-1.830780066828597,-1.5467465735312886,-0.5053869875741538,-0.20599399220264195,-1.0222269050341704,PIT,IAD,40.491501,-80.232903,38.9445,-77.455803
PIT-JFK,1768,0.142018779342723,11.85856807511737,0.03506787330316742,23.136363636363637,340.0,-1.4932836599285326,-0.9577251451705777,1.21830576858366,-0.5307697418714369,-0.4408681945967218,PIT,JFK,40.491501,-80.232903,40.639447,-73.779317
PIT-LGA,3007,0.2111735769501054,16.894940267041463,0.0525440638510143,16.231281198003327,335.0,-0.27165785787336966,-0.13469352081282732,2.5238337383090017,-1.1987154423461088,0.22969172931917398,PIT,LGA,40.491501,-80.232903,40.777199,-73.872597
PIT-MCO,2194,0.221861973135711,15.213524779990736,0.013217866909753875,29.121085594989562,834.0,-0.08284636518338352,-0.4094663268708619,-0.4139603941810495,0.04814721335463125,-0.21453146822016592,PIT,MCO,40.491501,-80.232903,28.429399490356445,-81.30899810791016
PIT-MDW,1149,0.2,13.075770925110133,0.008703220191470844,25.29955947136564,402.0,-0.46904011298448045,-0.7588128327706276,-0.7512191090028205,-0.32151845918618427,-0.5751476284860282,PIT,MDW,40.491501,-80.232903,41.785999,-87.752403
PIT-ORD,3767,0.20816436874831035,18.951067856177346,0.016724183700557473,26.544155844155846,413.0,-0.3248157949978424,0.20131382040132192,-0.15202718690804518,-0.201125574169594,-0.1191636839185399,PIT,ORD,40.491501,-80.232903,41.9786,-87.9048
PIT-PHL,1398,0.2812041116005874,24.726872246696036,0.02503576537911302,36.4934725848564,268.0,0.9654379188571542,1.1451816459611193,0.468874852601237,0.761296438736842,0.8351977140390883,PIT,PHL,40.491501,-80.232903,39.871899,-75.241096
PNS-ATL,2779,0.10972477064220183,10.335045871559633,0.01835192515293271,34.02341137123746,272.0,-2.0637602666902173,-1.206695417055941,-0.03042963464176854,0.5223613091024156,-0.6946310023213779,PNS,ATL,30.472718,-87.186639,33.6367,-84.428101
PNS-CLT,2006,0.1901588928754485,24.875448487954895,0.025423728813559324,54.80592991913747,488.0,-0.6428841671945046,1.1694616118818926,0.4978569762232958,2.5327057232382266,0.8892850360372275,PNS,CLT,30.472718,-87.186639,35.2140007019043,-80.94309997558594
PNS-DCA,1009,0.2852664576802508,44.98537095088819,0.049554013875123884,49.96336996336996,816.0,1.037199632570342,4.455775950785672,2.3004673322427514,2.064272923105893,2.4644289596761646,PNS,DCA,30.472718,-87.186639,38.8521,-77.037697
PNS-DFW,1767,0.3196239717978848,35.226792009400704,0.03338992642897567,55.26654411764706,604.0,1.6441282505798565,2.861052850194612,1.092957708892217,2.577262073755184,2.043850220855467,PNS,DFW,30.472718,-87.186639,32.896801,-97.038002
PNS-MIA,1286,0.18325434439178515,12.581358609794629,0.014774494556765163,30.54310344827586,530.0,-0.7648536453942869,-0.8396084839794667,-0.2976752732299417,0.18570251694147072,-0.42910872141555617,PNS,MIA,30.472718,-87.186639,25.796011,-80.289751
PSC-SEA,2057,0.11715686274509804,9.561274509803921,0.008264462809917356,19.774058577405857,172.0,-1.9324716823797745,-1.3331432403062744,-0.7839957047931487,-0.8560138251771804,-1.2264061131640944,PSC,SEA,46.264702,-119.119003,47.447943,-122.310276
PSC-SLC,1183,0.06610169491525424,8.592372881355931,0.0016906170752324597,0.0,521.0,-2.834365874931583,-1.4914787744399751,-1.2750832476872227,-2.768807412453879,-2.092433827378165,PSC,SLC,46.264702,-119.119003,40.78886,-111.979866
PSP-DEN,2048,0.21864154685176004,18.943976202280616,0.0107421875,20.793650793650794,776.0,-0.13973548897818908,0.2001549196680982,-0.5989016549585596,-0.7573861486566424,-0.3239670932313232,PSP,DEN,33.8297,-116.507004,39.860027,-104.673792
PSP-DFW,1015,0.23210633946830267,27.869120654396728,0.029556650246305417,41.202643171806166,1126.0,0.09812129968710469,1.6586801946332015,0.8065995773270652,1.2168261553526238,0.9450568067499988,PSP,DFW,33.8297,-116.507004,32.896801,-97.038002
PSP-PHX,1582,0.20434227330779056,20.85823754789272,0.009481668773704172,36.3375,261.0,-0.39233345927567004,0.5129788263783132,-0.6930664816143616,0.7462088248847629,0.04344692759326113,PSP,PHX,33.8297,-116.507004,33.435302,-112.005905
PSP-SEA,1637,0.14780457637600494,10.343846629560915,0.010995723885155772,24.00836820083682,987.0,-1.3910770280555054,-1.2052572187105148,-0.579961666792506,-0.4464185838898297,-0.905678624362089,PSP,SEA,33.8297,-116.507004,47.447943,-122.310276
PSP-SFO,2501,0.25909458367016974,18.680274858528698,0.008396641343462616,13.792511700468019,421.0,0.5748710930470219,0.1570614911003125,-0.7741215407373055,-1.4346236468996088,-0.36920315087239497,PSP,SFO,33.8297,-116.507004,37.619806,-122.374821
PSP-SLC,1078,0.06424581005586592,6.931098696461825,0.0037105751391465678,7.434782608695652,541.0,-2.867150250106014,-1.7629601381663202,-1.1241858457109657,-2.0496225045585046,-1.9509796846354512,PSP,SLC,33.8297,-116.507004,40.78886,-111.979866
PVD-ATL,1028,0.17237903225806453,11.682459677419354,0.029182879377431907,21.86549707602339,903.0,-0.9569670253420351,-0.9865043487514522,0.7786776842665075,-0.6537038070957002,-0.45462437423067004,PVD,ATL,41.725038,-71.425668,33.6367,-84.428101
PVD-BWI,1878,0.1668484187568157,10.791712104689203,0.022364217252396165,27.666666666666668,327.0,-1.0546658168659218,-1.1320681382689106,0.26930156502765307,-0.0925423263480902,-0.5024936791138174,PVD,BWI,41.725038,-71.425668,39.1754,-76.668297
PVD-CLT,1527,0.1810228802153432,17.22543741588156,0.026850032743942372,36.185873605947954,684.0,-0.8042726634323388,-0.08068448516378539,0.604406493942629,0.7315416288172831,0.11274774354094699,PVD,CLT,41.725038,-71.425668,35.2140007019043,-80.94309997558594
PVD-DCA,2506,0.2752216124947235,20.946390882228787,0.052673583399840386,36.44478527607362,356.0,0.8597565269458127,0.5273846286475545,2.533509267604457,0.7565867949549694,1.1693093045381984,PVD,DCA,41.725038,-71.425668,38.8521,-77.037697
PVD-MCO,1622,0.23884349465744814,17.223130106851038,0.012946979038224414,30.026315789473685,1072.0,0.2171337600840872,-0.08106153996174739,-0.4341965945115985,0.13571236869390632,-0.04060300142383808,PVD,MCO,41.725038,-71.425668,28.429399490356445,-81.30899810791016
PVD-ORD,1577,0.27391874180865006,24.58453473132372,0.03170577045022194,19.75598086124402,849.0,0.8367411975411221,1.1219211973644545,0.9671458090034257,-0.8577625273675583,0.5170114191353611,PVD,ORD,41.725038,-71.425668,41.9786,-87.9048
PWM-BWI,1356,0.18670649738610903,13.132188200149365,0.008849557522123894,24.54,452.0,-0.7038710481426704,-0.7495932596835088,-0.7402872369990536,-0.39499252523570844,-0.6471860175152353,PWM,BWI,43.646198,-70.309303,39.1754,-76.668297
PWM-DCA,1204,0.26949740034662045,28.75216637781629,0.036544850498338874,41.29260450160772,482.0,0.7586377976819189,1.8029853667754756,1.3286407431116403,1.2255283372579568,1.2789480612067479,PWM,DCA,43.646198,-70.309303,38.8521,-77.037697
PWM-EWR,1020,0.18106995884773663,16.487654320987655,0.04607843137254902,17.568181818181817,284.0,-0.8034410151006671,-0.20125119387286483,2.0408300757264275,-1.0693937392120052,-0.008313968114777415,PWM,EWR,43.646198,-70.309303,40.6894,-74.170545
PWM-LGA,1073,0.19471624266144813,15.987279843444227,0.046598322460391424,20.78894472361809,269.0,-0.5623781678974521,-0.2830211670492109,2.079667621845585,-0.7578413784489784,0.11910672711248593,PWM,LGA,43.646198,-70.309303,40.777199,-73.872597
PWM-ORD,1340,0.24328472755180353,22.300076745970838,0.024626865671641792,15.17981072555205,900.0,0.2955885439081018,0.7486006613093711,0.43832872165498404,-1.3004267814241512,0.045522786362076406,PWM,ORD,43.646198,-70.309303,41.9786,-87.9048
RAP-DEN,2918,0.2366305487591751,20.616917161831527,0.015421521590130226,18.73264401772526,301.0,0.17804186911752487,0.4735428391712785,-0.2493402606930949,-0.9567524309447255,-0.13862699583725427,RAP,DEN,44.0452995300293,-103.05699920654295,39.860027,-104.673792
RDM-SEA,1932,0.1484992101105845,10.197998946814113,0.016563146997929608,14.113475177304965,228.0,-1.3788062598297337,-1.2290912902734537,-0.16405714955107226,-1.4035760560451327,-1.043882688924848,RDM,SEA,44.254101,-121.150002,47.447943,-122.310276
RDM-SFO,1203,0.26426174496644295,20.29781879194631,0.00831255195344971,18.952380952380953,462.0,0.6661494682473318,0.4213965640969959,-0.7804032902020089,-0.9354967338478481,-0.15708849792638233,RDM,SFO,44.254101,-121.150002,37.619806,-122.374821
RDU-ATL,4600,0.1411192214111922,12.099535500995355,0.01608695652173913,31.377742946708462,356.0,-1.5091744327689127,-0.9183468378533228,-0.19963011860754035,0.26643925968147136,-0.590178032387076,RDU,ATL,35.878659,-78.7873,33.6367,-84.428101
RDU-BNA,2158,0.1868495742667928,12.142384105960264,0.018072289156626505,38.57974683544304,442.0,-0.7013435820062907,-0.9113446236400281,-0.05131934819348649,0.9631069063351508,-0.17522516187616363,RDU,BNA,35.878659,-78.7873,36.1245,-86.6782
RDU-BOS,2805,0.21983230040102078,18.83120670798396,0.02210338680926916,37.31177446102819,612.0,-0.11870071901292505,0.18172640475059335,0.2498166871347354,0.8404528028727494,0.28832379393628826,RDU,BOS,35.878659,-78.7873,42.36197,-71.0079
RDU-BWI,1794,0.15855752718946767,10.158557527189467,0.02508361204013378,26.660649819494584,256.0,-1.2011251719813316,-1.2355367105926074,0.47244915296432527,-0.18985682384643499,-0.5385173883640122,RDU,BWI,35.878659,-78.7873,39.1754,-76.668297
RDU-CLT,3144,0.19070825211176087,17.223196881091617,0.020674300254452927,47.45996592844975,130.0,-0.6331796862200004,-0.08105062787868539,0.14305929836840142,1.8221124599104714,0.31273536104504673,RDU,CLT,35.878659,-78.7873,35.2140007019043,-80.94309997558594
RDU-DCA,1981,0.35334750265674814,29.102550478214667,0.048965169106511865,37.981954887218045,227.0,2.2398574965460543,1.8602442794035816,2.256478723103665,0.9052810128487757,1.8154653779755192,RDU,DCA,35.878659,-78.7873,38.8521,-77.037697
RDU-DEN,1781,0.22962962962962963,16.953276353276355,0.009545199326221224,25.774193548387096,1436.0,0.05436999467563752,-0.12516038029363263,-0.6883205438188198,-0.27560593114973003,-0.2586792151466362,RDU,DEN,35.878659,-78.7873,39.860027,-104.673792
RDU-DFW,2280,0.23612374886260237,21.475887170154685,0.028070175438596492,40.373795761078995,1061.0,0.16908920275810443,0.6139136168430361,0.6955551004175826,1.1366496955801548,0.6538019038997196,RDU,DFW,35.878659,-78.7873,32.896801,-97.038002
RDU-DTW,1591,0.12944162436548223,11.506979695431472,0.008170961659333752,39.69607843137255,501.0,-1.7154602488020083,-1.0151808581741164,-0.7909805432197036,1.0710924222882678,-0.6126323069768902,RDU,DTW,35.878659,-78.7873,42.21377,-83.353786
RDU-EWR,1905,0.3159340659340659,33.14010989010989,0.04409448818897638,20.8,416.0,1.5789457272213525,2.5200523624006244,1.8926231018204847,-0.7567719742249486,1.3087123043043785,RDU,EWR,35.878659,-78.7873,40.6894,-74.170545
RDU-FLL,1240,0.20843672456575682,16.77005789909016,0.021774193548387097,36.88492063492063,680.0,-0.32000460466190367,-0.155101491914212,0.2252248856005289,0.7991621766673637,0.13732024142294422,RDU,FLL,35.878659,-78.7873,26.072599,-80.152702
RDU-IAD,1341,0.1409090909090909,11.093181818181819,0.015659955257270694,31.225806451612904,225.0,-1.5128864072384667,-1.0828026951016332,-0.231528494420358,0.25174206677317523,-0.6438688824968207,RDU,IAD,35.878659,-78.7873,38.9445,-77.455803
RDU-JFK,2420,0.25530073561228905,18.845954132410213,0.04338842975206612,26.277966101694915,427.0,0.5078524213577975,0.18413639277731145,1.8398782524711241,-0.22687476624288366,0.5762480750908373,RDU,JFK,35.878659,-78.7873,40.639447,-73.779317
RDU-LGA,2825,0.31722054380664655,29.57515105740181,0.061592920353982304,30.651190476190475,431.0,1.6016714760817579,1.9374755100470438,3.199812592299651,0.1961580424499824,1.733779405219609,RDU,LGA,35.878659,-78.7873,40.777199,-73.872597
RDU-MCO,2711,0.21417797888386123,17.58974358974359,0.019549981556621174,33.08450704225352,534.0,-0.2185848239118225,-0.021150461344415058,0.05906905444848893,0.4315387714571158,0.06271813516234179,RDU,MCO,35.878659,-78.7873,28.429399490356445,-81.30899810791016
RDU-MDW,1017,0.17943548387096775,10.847782258064516,0.01966568338249754,32.96629213483146,632.0,-0.8323141645207622,-1.1229052909550306,0.06771235513901029,0.4201035511176864,-0.366850887304774,RDU,MDW,35.878659,-78.7873,41.785999,-87.752403
RDU-MIA,2460,0.23048172757475083,21.475083056478404,0.018292682926829267,39.369369369369366,700.0,0.0694223825308963,0.613782210552965,-0.03485522058139803,1.0394890467718767,0.42195960481858497,RDU,MIA,35.878659,-78.7873,25.796011,-80.289751
RDU-MSP,1215,0.18265221017514596,16.565471226021685,0.012345679012345678,36.34703196347032,980.0,-0.7754904012058341,-0.1885345455966812,-0.4791156516614976,0.7471308752837145,-0.1740024307950746,RDU,MSP,35.878659,-78.7873,44.880081,-93.221741
RDU-ORD,3361,0.2454212454212454,22.421550671550673,0.020827134781315086,31.43407960199005,646.0,0.33333032678020585,0.7684516330956498,0.1544765319475392,0.27188884366694444,0.3820368338725848,RDU,ORD,35.878659,-78.7873,41.9786,-87.9048
RDU-PHL,2493,0.29995845450768593,29.685500623182385,0.03289209787404733,58.470914127423825,337.0,1.296735095460503,1.95550856616573,1.055768305354444,2.8872287091815703,1.798810169040562,RDU,PHL,35.878659,-78.7873,39.871899,-75.241096
RDU-TPA,1285,0.21140142517814728,16.033254156769598,0.017120622568093387,32.40823970037453,587.0,-0.267632898160397,-0.27550815722130617,-0.12241192101600899,0.3661217590735866,-0.07485780433103137,RDU,TPA,35.878659,-78.7873,27.9755,-82.533203
RIC-ATL,2697,0.12310606060606061,10.919318181818182,0.0196514645902855,32.07692307692308,481.0,-1.827378559994475,-1.1112150652760546,0.06665016536271395,0.33407268274384294,-0.6344676942909933,RIC,ATL,37.505199,-77.319702,33.6367,-84.428101
RIC-BOS,1726,0.22692078618225134,18.410958904109588,0.026651216685979143,22.249343832020998,473.0,0.006518028311237197,0.11305053659094441,0.5895542912391337,-0.6165733611381812,0.023137373750783535,RIC,BOS,37.505199,-77.319702,42.36197,-71.0079
RIC-CLT,2545,0.17987927565392353,17.162173038229376,0.022396856581532416,46.37360178970917,257.0,-0.824474542230537,-0.09102299501151925,0.2717398285029673,1.717025770200515,0.2683170153653565,RIC,CLT,37.505199,-77.319702,35.2140007019043,-80.94309997558594
RIC-DFW,1081,0.31992337164750956,25.270114942528735,0.025901942645698426,33.76646706586826,1158.0,1.6494171762088423,1.233957038512252,0.5335810965147202,0.4975064510228994,0.9786154405646784,RIC,DFW,37.505199,-77.319702,32.896801,-97.038002
RIC-LGA,2120,0.30587644399799097,24.35208437970869,0.06037735849056604,22.555008210180624,291.0,1.4012769191340082,1.083934729490014,3.10900618873724,-0.5870056899333073,1.2518030368569886,RIC,LGA,37.505199,-77.319702,40.777199,-73.872597
RIC-MCO,1265,0.28733766233766234,23.767045454545453,0.018972332015810278,37.51129943502825,667.0,1.0737876515997071,0.9883290993775865,0.015916765042916146,0.8597533470313945,0.7344467157629011,RIC,MCO,37.505199,-77.319702,28.429399490356445,-81.30899810791016
RIC-ORD,1936,0.25671321160042965,24.48388829215897,0.033574380165289255,19.018828451882847,642.0,0.5328039384122225,1.1054738024629385,1.1067369997061067,-0.9290691028969101,0.45398640942108937,RIC,ORD,37.505199,-77.319702,41.9786,-87.9048
RNO-DEN,2661,0.1715909090909091,14.236742424242424,0.003006388575723412,20.991169977924944,804.0,-0.9708892929142814,-0.5690897101832841,-1.1767908600552939,-0.7382796294984857,-0.8637623731628363,RNO,DEN,39.4991,-119.767998,39.860027,-104.673792
RNO-DFW,1283,0.18866396761133603,22.413765182186236,0.029618082618862042,57.09871244635193,1345.0,-0.6692921582228661,0.7671793474674535,0.8111887742919119,2.7544922471280144,0.9158920526661285,RNO,DFW,39.4991,-119.767998,32.896801,-97.038002
RNO-LAS,3969,0.16950444726810673,11.663786531130876,0.00781053162005543,41.05847076461769,345.0,-1.0077468311607143,-0.989555868642361,-0.8179058331516691,1.2028800018681052,-0.40308213277165983,RNO,LAS,39.4991,-119.767998,36.083361,-115.151817
RNO-LAX,2492,0.11657926583299717,8.283178701089149,0.00521669341894061,16.65051903114187,390.0,-1.9426749844704811,-1.5420065310730116,-1.0116739378897277,-1.1581615299749042,-1.413629245852031,RNO,LAX,39.4991,-119.767998,33.942501,-118.407997
RNO-PHX,2429,0.13258520365752285,12.315045719035744,0.007410456978180321,45.60501567398119,601.0,-1.6599286341226362,-0.8831286851711415,-0.8477927031486407,1.6426785345190047,-0.43704287198085345,RNO,PHX,39.4991,-119.767998,33.435302,-112.005905
RNO-SAN,1108,0.25045703839122485,14.651736745886655,0.009927797833935019,24.985401459854014,488.0,0.4222880685244773,-0.501272353239375,-0.6597391975793171,-0.35190774054988255,-0.2726578057110243,RNO,SAN,39.4991,-119.767998,32.733601,-117.190002
RNO-SFO,1894,0.26082308925708175,16.379476215927312,0.011615628299894404,12.290983606557377,192.0,0.6054053017646366,-0.2189293951921647,-0.533652801609229,-1.579870172690212,-0.4317617669317423,RNO,SFO,39.4991,-119.767998,37.619806,-122.374821
RNO-SLC,1174,0.11082693947144075,10.3384484228474,0.0008517887563884157,14.253846153846155,422.0,-2.0442903538771766,-1.2061393804473237,-1.337746436730072,-1.3899976243480328,-1.4945434488506513,RNO,SLC,39.4991,-119.767998,40.78886,-111.979866
ROC-ATL,1045,0.2240868706811451,14.933859822309971,0.027751196172248804,28.58590308370044,749.0,-0.04354334728052487,-0.4551684901790122,0.6717263173175563,-0.003622314464314323,0.04234804134842622,ROC,ATL,43.1189,-77.672401,33.6367,-84.428101
ROC-BWI,1105,0.18841911764705882,14.113970588235293,0.013574660633484163,26.21951219512195,277.0,-0.6736174551558642,-0.5891527833168304,-0.38730674878407045,-0.2325291571817167,-0.47065153610962046,ROC,BWI,43.1189,-77.672401,39.1754,-76.668297
ROC-CLT,1010,0.1902834008097166,20.346153846153847,0.019801980198019802,48.07446808510638,573.0,-0.6406847231888111,0.42929536042536093,0.07789416818125425,1.881554773182647,0.4370148946501128,ROC,CLT,43.1189,-77.672401,35.2140007019043,-80.94309997558594
ROC-DCA,1106,0.31573896353166986,32.96257197696737,0.054249547920433995,46.984802431610944,296.0,1.5754992255026556,2.4910395509024825,2.6512389155673093,1.7761487197858343,2.1234816029395702,ROC,DCA,43.1189,-77.672401,38.8521,-77.037697
ROC-ORD,2266,0.25619090499774877,20.720396217919856,0.018976169461606355,28.353251318101933,528.0,0.523577344676221,0.4904531334017069,0.01620343465809154,-0.02612729509656087,0.2510266544098646,ROC,ORD,43.1189,-77.672401,41.9786,-87.9048
RST-ORD,1100,0.35283018867924526,32.20849056603774,0.035454545454545454,18.703208556149733,268.0,2.2307190979888176,2.367809411253433,1.2471914291831943,-0.9595997959365806,1.221530035622216,RST,ORD,43.908298,-92.5,41.9786,-87.9048
RSW-ATL,2881,0.15065579581708613,13.278624601205246,0.017355085039916694,32.58117647058823,515.0,-1.3407099767871167,-0.7256629812145378,-0.10489681588035461,0.38285036052756843,-0.4471048533386101,RSW,ATL,26.534685,-81.752816,33.6367,-84.428101
RSW-BOS,2271,0.2978723404255319,25.350837483023994,0.027300748568912372,36.68693009118541,1249.0,1.259883700084314,1.2471485186281637,0.6380764241419573,0.7800100617428694,0.9812796761493261,RSW,BOS,26.534685,-81.752816,42.36197,-71.0079
RSW-BWI,1464,0.19343575418994413,12.611731843575418,0.01912568306010929,30.469314079422382,919.0,-0.5849981134420035,-0.8346449644096292,0.027372584145530333,0.1785646888117714,-0.30342645122358275,RSW,BWI,26.534685,-81.752816,39.1754,-76.668297
RSW-CLT,1867,0.1650219298245614,14.679824561403509,0.02088912694161757,41.18604651162791,600.0,-1.0869309103085758,-0.4966823111319697,0.15910754686792528,1.2152207193701767,-0.0523212388006109,RSW,CLT,26.534685,-81.752816,35.2140007019043,-80.94309997558594
RSW-DEN,1093,0.21013824884792626,14.931797235023042,0.0027447392497712718,26.18421052631579,1607.0,-0.28994702315146803,-0.4555055531482389,-1.1963369111443503,-0.2359439749060731,-0.5444333655875325,RSW,DEN,26.534685,-81.752816,39.860027,-104.673792
RSW-DFW,1360,0.2648854961832061,30.57404580152672,0.03235294117647059,49.61383285302594,1017.0,0.6771680903361028,2.100712445779837,1.0154915558635258,2.0304613340199165,1.4559583564998455,RSW,DFW,26.534685,-81.752816,32.896801,-97.038002
RSW-DTW,1877,0.2445533769063181,21.03050108932462,0.019712306872669155,31.14476614699332,1084.0,0.3179993503720943,0.5411297129529111,0.07119528068268698,0.243902837695316,0.29355679542575214,RSW,DTW,26.534685,-81.752816,42.21377,-83.353786
RSW-EWR,2031,0.24265450861195542,24.276089159067883,0.022156573116691284,29.73695198329854,1068.0,0.284455668901609,1.0715157764214296,0.2537898763578608,0.10772149212827165,0.4293707034522928,RSW,EWR,26.534685,-81.752816,40.6894,-74.170545
RSW-JFK,1293,0.23083131557707828,19.874899112187247,0.037122969837587005,34.38111888111888,1074.0,0.07559788645119915,0.3522840645158279,1.3718281279802813,0.5569632411409755,0.5891683300220709,RSW,JFK,26.534685,-81.752816,40.639447,-73.779317
RSW-MDW,1167,0.2268760907504363,13.670157068062828,0.012853470437017995,30.984615384615385,1105.0,0.005728479434972095,-0.6616797031908612,-0.4411819895237805,0.22841105839898018,-0.21718053872017234,RSW,MDW,26.534685,-81.752816,41.785999,-87.752403
RSW-MSP,1226,0.18099173553719008,14.317355371900826,0.013050570962479609,29.904109589041095,1416.0,-0.8048228370102383,-0.5559161394607015,-0.4264579426479354,0.1238910607111333,-0.41582646460193545,RSW,MSP,26.534685,-81.752816,44.880081,-93.221741
RSW-ORD,3157,0.23523685918234913,19.30986372485399,0.016788089958821667,28.55034482758621,1120.0,0.1534222157310445,0.2599473636258095,-0.14725318267777687,-0.007061952513518908,0.06476361104138956,RSW,ORD,26.534685,-81.752816,41.9786,-87.9048
RSW-PHL,1415,0.2801755669348939,29.548646671543526,0.03180212014134275,53.237597911227155,993.0,0.9472685836027741,1.9331442281412847,0.9743434426231918,2.380997089640905,1.558938336002039,RSW,PHL,26.534685,-81.752816,39.871899,-75.241096
RSW-STL,1017,0.19246031746031747,12.63888888888889,0.007866273352999017,39.628865979381445,979.0,-0.6022292921658499,-0.830207026492145,-0.8137417453752412,1.0645907955913272,-0.2953968171104772,RSW,STL,26.534685,-81.752816,38.748697,-90.370003
SAF-DEN,1530,0.2392312789927104,20.22001325381047,0.011111111111111112,23.1191135734072,303.0,0.22398400570665003,0.4086817733715108,-0.571341867733822,-0.5324383831204766,-0.11777861794403446,SAF,DEN,35.6171,-106.088997,39.860027,-104.673792
SAF-DFW,1759,0.23678025851938894,21.151586368977675,0.028425241614553724,12.997518610421837,551.0,0.18068650567528102,0.5609171731724851,0.7220796924072653,-1.5115252945111493,-0.01196048081402945,SAF,DFW,35.6171,-106.088997,32.896801,-97.038002
SAN-ATL,2523,0.1737731295253419,11.954947707160096,0.0075307173999207295,17.84259259259259,1892.0,-0.9323401700665767,-0.9419750214520956,-0.8388088605999331,-1.0428493063876627,-0.938993339626567,SAN,ATL,32.733601,-117.190002,33.6367,-84.428101
SAN-AUS,2395,0.25558835934204976,14.636862083509067,0.008768267223382045,28.282178217821784,1164.0,0.512933320756186,-0.503703134180869,-0.7463598852906967,-0.033002371849852115,-0.19253301764130795,SAN,AUS,32.733601,-117.190002,30.197535,-97.662015
SAN-BOI,1028,0.1898238747553816,10.597847358121331,0.005836575875486381,26.469072164948454,749.0,-0.6488022928168699,-1.1637490409490803,-0.9653667130544924,-0.20838860414064617,-0.7465766627402721,SAN,BOI,32.733601,-117.190002,43.5644,-116.223
SAN-BOS,1761,0.2255072463768116,20.085217391304347,0.014764338444065871,24.2853470437018,2588.0,-0.018452281172726542,0.3866537632389366,-0.2984339677037921,-0.41962573545309967,-0.08746455527267043,SAN,BOS,32.733601,-117.190002,42.36197,-71.0079
SAN-BWI,1082,0.16447368421052633,9.081766917293233,0.012939001848428836,24.794285714285714,2295.0,-1.096615719044063,-1.4115031981721313,-0.4347925163956854,-0.37039483924637123,-0.8283265682145626,SAN,BWI,32.733601,-117.190002,39.1754,-76.668297
SAN-CLT,1507,0.1706001348617667,18.838840188806472,0.0112806901128069,36.44664031620553,2077.0,-0.9883914099648338,0.18297384951468973,-0.5586737677159248,0.7567662375744284,-0.15183127264791008,SAN,CLT,32.733601,-117.190002,35.2140007019043,-80.94309997558594
SAN-DAL,1581,0.26727509778357234,14.992829204693612,0.0196078431372549,27.473170731707317,1182.0,0.7193806203793988,-0.44553185795226663,0.06339150170511698,-0.111259666650564,0.05649514937042128,SAN,DAL,32.733601,-117.190002,32.844776,-96.847653
SAN-DEN,5757,0.23449612403100775,16.051797040169134,0.009727288518325517,26.023290758827947,853.0,0.1403370617767907,-0.27247792457307796,-0.674717892106709,-0.25151014196843374,-0.2645922242178575,SAN,DEN,32.733601,-117.190002,39.860027,-104.673792
SAN-DFW,3464,0.24063530116871443,22.704225352112676,0.0308891454965358,40.84557907845579,1171.0,0.24878618539925676,0.8146456379551025,0.9061412831661707,1.1822864625862761,0.7879648922767015,SAN,DFW,32.733601,-117.190002,32.896801,-97.038002
SAN-DTW,1326,0.14950419527078565,9.20366132723112,0.010558069381598794,16.637755102040817,1956.0,-1.3610531053869364,-1.3915835118605877,-0.6126558740286642,-1.1593962164019407,-1.1311721769195322,SAN,DTW,32.733601,-117.190002,42.21377,-83.353786
SAN-EWR,1553,0.21042084168336672,20.879091516366067,0.023824855119124275,13.850793650793651,2425.0,-0.28495499495972987,0.5163867308962607,0.37841593886288455,-1.4289858897138266,-0.20478455372860277,SAN,EWR,32.733601,-117.190002,40.6894,-74.170545
SAN-FAT,1610,0.2158227848101266,11.455696202531646,0.018012422360248446,26.076246334310852,314.0,-0.18952917732737617,-1.0235614811415301,-0.05579159155312631,-0.24638761819326974,-0.37881746705382563,SAN,FAT,32.733601,-117.190002,36.775767,-119.718018
SAN-HNL,1698,0.28347406513872137,20.258142340168877,0.011189634864546525,17.16595744680851,2614.0,1.0055368549771675,0.41491273539833573,-0.565475889326395,-1.1083018973525074,-0.0633320490758498,SAN,HNL,32.733601,-117.190002,21.318387,-157.92567
SAN-IAD,1413,0.14162473040977713,11.928109273903667,0.007077140835102618,20.67005076142132,2253.0,-1.500244570240091,-0.946360892566561,-0.872692497320462,-0.7693422854360628,-1.0221600613907942,SAN,IAD,32.733601,-117.190002,38.9445,-77.455803
SAN-IAH,1687,0.16486810551558753,12.953836930455635,0.007705986959098993,34.123636363636365,1303.0,-1.0896482307451514,-0.7787389879197332,-0.8257156575290359,0.5320563204727438,-0.5405116389302942,SAN,IAH,32.733601,-117.190002,29.9844,-95.3414
SAN-JFK,2425,0.17272338606241983,15.740059854638735,0.028041237113402062,17.668316831683168,2446.0,-0.9508839840059214,-0.32342125290596235,0.6933933139095391,-1.0597074317229547,-0.41015483868132485,SAN,JFK,32.733601,-117.190002,40.639447,-73.779317
SAN-LAS,6591,0.24139520590043023,16.25,0.012137763617053559,29.378739656269893,258.0,0.26220997173781635,-0.2400880816929809,-0.4946476042999864,0.0730707278786521,-0.09986374659412471,SAN,LAS,32.733601,-117.190002,36.083361,-115.151817
SAN-LAX,2438,0.11387163561076605,9.12670807453416,0.009433962264150943,10.694545454545455,109.0,-1.9905055191020913,-1.4041590241843889,-0.6966303122094327,-1.7342975831127454,-1.4563981096521645,SAN,LAX,32.733601,-117.190002,33.942501,-118.407997
SAN-MDW,1032,0.22102161100196463,13.18958742632613,0.006782945736434108,28.657777777777778,1728.0,-0.09769143886117983,-0.7402132185434014,-0.8946698229176108,0.003330302439313819,-0.4323110444707195,SAN,MDW,32.733601,-117.190002,41.785999,-87.752403
SAN-MSP,1319,0.13837920489296637,11.375382262996942,0.006065200909780136,23.81767955801105,1532.0,-1.5575770742707469,-1.0366861886879288,-0.9482876833865145,-0.46486436788181174,-1.0018538285567506,SAN,MSP,32.733601,-117.190002,44.880081,-93.221741
SAN-OAK,3181,0.23885350318471338,12.914012738853502,0.012574662055957246,37.117333333333335,446.0,0.21731056163034002,-0.7852469598991662,-0.4620098775393123,0.8216440317395161,-0.052075561017155575,SAN,OAK,32.733601,-117.190002,37.720085,-122.221184
SAN-ORD,3584,0.20922288642186165,18.400797039567323,0.013392857142857142,35.42312925170068,1723.0,-0.3061169838281075,0.11138990954393323,-0.40088805767157953,0.6577594811704294,0.0155360873036689,SAN,ORD,32.733601,-117.190002,41.9786,-87.9048
SAN-PDX,1764,0.15102974828375287,8.914759725400458,0.009070294784580499,30.196969696969695,933.0,-1.3341040723838407,-1.4387951049623688,-0.7237974494043993,0.1522201431917051,-0.836119120889726,SAN,PDX,32.733601,-117.190002,45.588699,-122.598
SAN-PHL,1049,0.13274336283185842,19.58407079646018,0.01811248808388942,34.51111111111111,2370.0,-1.6571347378943948,0.3047576125419453,-0.04831635828267011,0.5695377110178399,-0.2077889431543199,SAN,PHL,32.733601,-117.190002,39.871899,-75.241096
SAN-PHX,5715,0.23458110516934047,17.662745098039217,0.017147856517935257,40.47720364741642,304.0,0.1418382613300692,-0.009220733424493258,-0.1203774568604875,1.146652596152426,0.28972316679937865,SAN,PHX,32.733601,-117.190002,33.435302,-112.005905
SAN-RNO,1107,0.21428571428571427,12.114468864468865,0.011743450767841012,37.32905982905983,488.0,-0.21668166821978102,-0.9159064641223194,-0.5241040497455582,0.8421248592690225,-0.20364183070465902,SAN,RNO,32.733601,-117.190002,39.4991,-119.767998
SAN-SEA,4519,0.20269966254218222,14.47199100112486,0.015711440584200043,33.72697003329634,1050.0,-0.42135032814705725,-0.5306459631802593,-0.2276823739427463,0.4936858053863806,-0.17149821497092055,SAN,SEA,32.733601,-117.190002,47.447943,-122.310276
SAN-SFO,6608,0.2734781278678495,17.6353624961762,0.010290556900726392,25.140939597315437,447.0,0.8289577121221765,-0.013695531241580499,-0.6326399217576794,-0.3368621518687044,-0.03855997318644694,SAN,SFO,32.733601,-117.190002,37.619806,-122.374821
SAN-SJC,5051,0.21422861710631494,12.103117505995204,0.008909126905563254,33.75186567164179,417.0,-0.21769029509733773,-0.9177614753580309,-0.735837211348071,0.4960940220502447,-0.34379873993829874,SAN,SJC,32.733601,-117.190002,37.362452,-121.929188
SAN-SLC,2850,0.15830388692579506,11.589399293286219,0.005263157894736842,36.564732142857146,626.0,-1.2056057503542406,-1.001712049095614,-1.0082028912343064,0.7681895520065551,-0.6118327846694015,SAN,SLC,32.733601,-117.190002,40.78886,-111.979866
SAN-SMF,5132,0.22801495180011805,12.343497934290774,0.008963367108339828,34.07937877480587,480.0,0.02584656366602669,-0.8784790937498655,-0.731785292732597,0.5277751744565167,-0.2641606620899798,SAN,SMF,32.733601,-117.190002,38.6954,-121.591003
SAT-ATL,3140,0.16807268007787152,13.248539909149903,0.012420382165605096,32.4015444015444,874.0,-1.033039129058216,-0.730579348001392,-0.4735350844469301,0.36547410626032906,-0.4679198638115522,SAT,ATL,29.533701,-98.469803,33.6367,-84.428101
SAT-CLT,1378,0.14074074074074075,19.9,0.019593613933236574,58.18421052631579,1095.0,-1.515860328304717,0.3563859902040201,0.062328534133208505,2.8594951608307424,0.4405873392158135,SAT,CLT,29.533701,-98.469803,35.2140007019043,-80.94309997558594
SAT-DAL,2724,0.16312056737588654,11.060097051138484,0.015051395007342145,34.107551487414185,247.0,-1.1205186512422871,-1.0882093268046746,-0.27698991379373794,0.5305003906180057,-0.4888043753056735,SAT,DAL,29.533701,-98.469803,32.844776,-96.847653
SAT-DEN,3003,0.19811954331766285,16.63734049697784,0.005328005328005328,25.04915254237288,794.0,-0.50225855165062,-0.17678984513326051,-1.0033585781864989,-0.3457409406819299,-0.5070369789130773,SAT,DEN,29.533701,-98.469803,39.860027,-104.673792
SAT-DFW,4432,0.2405538605961042,25.243839474301808,0.03564981949458484,45.56292682926829,247.0,0.24734753026213036,1.229663165765864,1.2617790316892845,1.6386071764845591,1.0943492260504595,SAT,DFW,29.533701,-98.469803,32.896801,-97.038002
SAT-HOU,1469,0.23113854595336078,12.919753086419753,0.005445881552076242,23.922848664688427,192.0,0.08102513904721786,-0.7843088863410989,-0.9945528429166263,-0.4546911001105733,-0.5381319225802701,SAT,HOU,29.533701,-98.469803,29.645336,-95.276812
SAT-IAH,2391,0.18482407799915218,14.461636286562102,0.011710581346716854,26.575688073394495,191.0,-0.737124158164785,-0.5323381053058972,-0.526559501836721,-0.19807538365639585,-0.49852428724094977,SAT,IAH,29.533701,-98.469803,29.9844,-95.3414
SAT-LAS,2150,0.1591015442208704,10.62798315395414,0.0037209302325581397,33.34705882352941,1069.0,-1.1915150615434107,-1.1588243229079151,-1.1234122867342016,0.4569360545483282,-0.7542039041592998,SAT,LAS,29.533701,-98.469803,36.083361,-115.151817
SAT-LAX,1990,0.12828282828282828,9.958585858585858,0.002512562814070352,26.433070866141733,1211.0,-1.735930487207267,-1.268215591533986,-1.213681241986293,-0.2118710988051361,-1.1074246048831704,SAT,LAX,29.533701,-98.469803,33.942501,-118.407997
SAT-MCO,1174,0.20869565217391303,16.137391304347826,0.016183986371379896,27.825,1041.0,-0.3154306248668375,-0.25849031928932675,-0.19238167494600844,-0.07722635145772593,-0.21088224263997465,SAT,MCO,29.533701,-98.469803,28.429399490356445,-81.30899810791016
SAT-ORD,1949,0.23578947368421052,18.633684210526315,0.018471010774756286,31.064732142857142,1041.0,0.1631842012681357,0.14944776136707935,-0.021533553447347815,0.2361609505517896,0.13181483993491422,SAT,ORD,29.533701,-98.469803,41.9786,-87.9048
SAT-PHX,2507,0.16680064308681672,14.659967845659164,0.006382130035899481,45.75180722891566,843.0,-1.055509778430419,-0.4999272470482794,-0.924612052393787,1.6568780446421238,-0.20579275830759042,SAT,PHX,29.533701,-98.469803,33.435302,-112.005905
SAT-SLC,1010,0.15484515484515485,12.077922077922079,0.00891089108910891,38.645161290322584,1087.0,-1.2667045677652102,-0.9218788505843227,-0.7357054211300439,0.9694346083250581,-0.4887135577886298,SAT,SLC,29.533701,-98.469803,40.78886,-111.979866
SAV-ATL,2938,0.13032928942807626,10.831195840554592,0.01701837985023826,28.40159574468085,215.0,-1.6997795645752354,-1.1256158027332026,-0.13004978279687932,-0.021450819158212796,-0.7442239923158827,SAV,ATL,32.126591,-81.19998,33.6367,-84.428101
SAV-BOS,1089,0.3383742911153119,30.094517958412098,0.02662993572084481,23.43016759776536,901.0,1.9753543501049753,2.0223491786098196,0.5879645342992815,-0.5023493581102678,1.020829676225952,SAV,BOS,32.126591,-81.19998,42.36197,-71.0079
SAV-CLT,2366,0.15311827956989246,14.03483870967742,0.016483516483516484,53.140449438202246,213.0,-1.2972099768789582,-0.6020843213497822,-0.17000580658392647,2.371599677597831,0.07557489319629107,SAV,CLT,32.126591,-81.19998,35.2140007019043,-80.94309997558594
SAV-DCA,1074,0.2445759368836292,28.513806706114398,0.0521415270018622,46.625,519.0,0.31839787442726525,1.7640332122669657,2.493762933463152,1.7413441407876533,1.579384540236259,SAV,DCA,32.126591,-81.19998,38.8521,-77.037697
SAV-DFW,1064,0.26356589147286824,26.080426356589147,0.02537593984962406,49.22794117647059,925.0,0.6538571528677501,1.3663761477312193,0.49428698601914506,1.9931330778397747,1.1269133411144723,SAV,DFW,32.126591,-81.19998,32.896801,-97.038002
SAV-EWR,1065,0.2451171875,29.017578125,0.03568075117370892,26.784860557768923,708.0,0.3279591158915343,1.8463583052883425,1.2640897281844101,-0.17784161196102397,0.8151413843508157,SAV,EWR,32.126591,-81.19998,40.6894,-74.170545
SAV-ORD,1366,0.24550898203592814,23.470808383233532,0.01683748169838946,24.274390243902438,773.0,0.3348802020743235,0.9399187617961443,-0.1435634599488675,-0.42068561379376784,0.1776374725319581,SAV,ORD,32.126591,-81.19998,41.9786,-87.9048
SAV-PHL,1033,0.22311557788944725,26.44824120603015,0.03484995159728945,59.0045045045045,630.0,-0.060701322963207335,1.4264835507312899,1.2020263121738075,2.938844225921198,1.3766631914657719,SAV,PHL,32.126591,-81.19998,39.871899,-75.241096
SBA-DEN,1124,0.20361990950226244,15.066968325791855,0.015124555160142349,13.875555555555556,916.0,-0.40509408173188705,-0.43341622413080527,-0.27152461370510883,-1.4265906094302208,-0.6341563822495055,SBA,DEN,34.426201,-119.839996,39.860027,-104.673792
SBA-PHX,1454,0.16981132075471697,15.9895178197065,0.013755158184319119,46.83539094650206,455.0,-1.0023258830532806,-0.2826554424426448,-0.37382299782376816,1.7616957773378779,0.025722863504546056,SBA,PHX,34.426201,-119.839996,33.435302,-112.005905
SBA-SFO,1588,0.3073482428115016,23.086900958466455,0.01322418136020151,19.86070686070686,262.0,1.427276379304893,0.8771815494996209,-0.41348868430524655,-0.8476321224529825,0.2608342805115712,SBA,SFO,34.426201,-119.839996,37.619806,-122.374821
SBN-ATL,1039,0.23663366336633662,28.115841584158417,0.021174205967276226,0.0,566.0,0.17809688893687817,1.698998725481741,0.18040387232057248,-2.768807412453879,-0.17782698142867182,SBN,ATL,41.708304,-86.316922,33.6367,-84.428101
SBN-CLT,1034,0.2175226586102719,22.790533736153073,0.037717601547388784,36.2037037037037,534.0,-0.15950075173231118,0.8287499429598766,1.4162490403471053,0.7332663782668818,0.7046911524603882,SBN,CLT,41.708304,-86.316922,35.2140007019043,-80.94309997558594
SBN-ORD,2552,0.339133953864832,33.888709024686364,0.030564263322884012,34.295942720763726,84.0,1.9887738618059951,2.6423866018579942,0.8818715337945133,0.5487239405098775,1.5154389844920952,SBN,ORD,41.708304,-86.316922,41.9786,-87.9048
SBP-PHX,1242,0.17263843648208468,20.500814332247558,0.011272141706924315,32.10377358490566,509.0,-0.9523846260842969,0.45456959875464453,-0.5593123612896058,0.3366699987820833,-0.18011434745929367,SBP,PHX,35.236801147499996,-120.641998291,33.435302,-112.005905
SBP-SFO,1177,0.30300429184549355,23.429184549356222,0.009345794392523364,10.575070821529746,191.0,1.3505400896107798,0.9331166966781269,-0.703216737444716,-1.7458546598241398,-0.04135365274498731,SBP,SFO,35.236801147499996,-120.641998291,37.619806,-122.374821
SDF-ATL,2684,0.11840607210626186,11.402656546489563,0.01676602086438152,32.61217948717949,321.0,-1.910404285169958,-1.032229091993979,-0.1489018154263864,0.3858493589926457,-0.6764214583994195,SDF,ATL,38.1706,-85.735076,33.6367,-84.428101
SDF-CLT,1719,0.19784817692767484,23.244471010161387,0.025596276905177427,47.716012084592144,335.0,-0.507052263660335,0.902931261922497,0.5107468768634509,1.8468804377941637,0.6883765782299441,SDF,CLT,38.1706,-85.735076,35.2140007019043,-80.94309997558594
SDF-DCA,1017,0.2280334728033473,20.94979079497908,0.05703048180924287,37.169724770642205,474.0,0.026173738875955668,0.5279402340728317,2.8589836734341403,0.8267119850339967,1.059952407854231,SDF,DCA,38.1706,-85.735076,38.8521,-77.037697
SDF-DEN,1108,0.18864468864468864,14.132783882783883,0.010830324909747292,14.645631067961165,1024.0,-0.6696327229256525,-0.5860783607400647,-0.5923175053242785,-1.3520993007248174,-0.8000319724287033,SDF,DEN,38.1706,-85.735076,39.860027,-104.673792
SDF-DFW,2039,0.2700357325165901,30.022970903522204,0.03482099068170672,41.56899810964083,733.0,0.7681474845245427,2.0106571339077886,1.1998628380906775,1.2522645744821193,1.3077330077512819,SDF,DFW,38.1706,-85.735076,32.896801,-97.038002
SDF-DTW,1225,0.17613168724279835,19.468312757201645,0.00816326530612245,4.4672897196261685,306.0,-0.8906760330440205,0.2858407169169177,-0.7915554857024335,-2.3366754303037043,-0.9332665580333102,SDF,DTW,38.1706,-85.735076,42.21377,-83.353786
SDF-LGA,1161,0.1692169216921692,11.934293429342935,0.040482342807924204,10.595744680851064,659.0,-1.012825996662871,-0.9453502930114639,1.6227841564984558,-1.7438548262857043,-0.5198117398653959,SDF,LGA,38.1706,-85.735076,40.777199,-73.872597
SDF-MDW,1003,0.13705583756345177,10.011167512690355,0.01694915254237288,38.007407407407406,271.0,-1.5809544787497574,-1.2596228262378797,-0.13522128664605038,0.9077430980705657,-0.5170138733907804,SDF,MDW,38.1706,-85.735076,41.785999,-87.752403
SDF-ORD,2615,0.20140789988267502,15.533437622213532,0.02026768642447419,28.790291262135923,286.0,-0.4441694332501417,-0.35718695271941714,0.11268392986569362,0.016148659486034233,-0.16813094915445773,SDF,ORD,38.1706,-85.735076,41.9786,-87.9048
SEA-ANC,6835,0.2694982980612698,14.895367766760396,0.010680321872713972,12.85502471169687,1448.0,0.7586536558930114,-0.46145876774321515,-0.6035232174532799,-1.5253090817210548,-0.45790935275613465,SEA,ANC,47.447943,-122.310276,61.179004,-149.992561
SEA-ATL,3266,0.1933684536721413,13.058568329718005,0.006429883649724434,16.221153846153847,2182.0,-0.586186983222324,-0.7616240388311041,-0.9210447029572348,-1.1996950861353668,-0.8671377027865075,SEA,ATL,47.447943,-122.310276,33.6367,-84.428101
SEA-AUS,2073,0.2326829268292683,15.180487804878048,0.00964785335262904,14.49475890985325,1770.0,0.10830676796500362,-0.41486514853349893,-0.6806519559584729,-1.3666935376842022,-0.5884759685527926,SEA,AUS,47.447943,-122.310276,30.197535,-97.662015
SEA-BLI,1308,0.1795472287275566,9.869633099141296,0.020642201834862386,26.195652173913043,93.0,-0.830340181445417,-1.2827520338990197,0.14066144258600416,-0.23483719603889053,-0.5518169921993307,SEA,BLI,47.447943,-122.310276,48.79280090332031,-122.53800201416016
SEA-BNA,1437,0.2617874736101337,13.79521463757917,0.008350730688935281,17.427419354838708,1978.0,0.6224412392490488,-0.641243101078271,-0.777551215152318,-1.0830100403955982,-0.4698407793442846,SEA,BNA,47.447943,-122.310276,36.1245,-86.6782
SEA-BOI,3988,0.1579476861167002,8.987424547283702,0.0027582748244734203,13.678343949044587,399.0,-1.2118980701087378,-1.426920397512405,-1.195325759926264,-1.4456673758307077,-1.3199529008445285,SEA,BOI,47.447943,-122.310276,43.5644,-116.223
SEA-BOS,2434,0.26555323590814195,19.402922755741127,0.01191454396055875,16.833333333333332,2496.0,0.6889637734305719,0.2751548428258202,-0.5113228347598854,-1.1404774504256583,-0.17192041723228788,SEA,BOS,47.447943,-122.310276,42.36197,-71.0079
SEA-BUR,1586,0.21761658031088082,11.240284974093264,0.021437578814627996,18.779761904761905,937.0,-0.15784161633163843,-1.0587634571850855,0.20007867603380508,-0.9521946012095237,-0.49218024967311064,SEA,BUR,47.447943,-122.310276,34.202834,-118.35805
SEA-BZN,1341,0.19684447783621337,10.78061607813674,0.005965697240865026,15.133587786259541,543.0,-0.5247826995816421,-1.1338814237866162,-0.9557209293506913,-1.3048980406508643,-0.9798207733424535,SEA,BZN,47.447943,-122.310276,45.778853,-111.153711
SEA-CLT,1296,0.11014948859166011,15.839496459480724,0.014660493827160493,46.49285714285714,2279.0,-2.056257585406991,-0.30717156617015023,-0.30619149652588923,1.7285616354280258,-0.23526475316875117,SEA,CLT,47.447943,-122.310276,35.2140007019043,-80.94309997558594
SEA-DCA,1094,0.21570482497634816,15.039735099337749,0.016453382084095063,6.995614035087719,2329.0,-0.1916129485411682,-0.4378666113839487,-0.17225694370604872,-2.0921043667438703,-0.723460217593759,SEA,DCA,47.447943,-122.310276,38.8521,-77.037697
SEA-DEN,6355,0.25211830535571544,16.96706634692246,0.00833988985051141,18.637920101458466,1024.0,0.4516345008493247,-0.12290685326307726,-0.7783610608528949,-0.9659153096166784,-0.3538871807208315,SEA,DEN,47.447943,-122.310276,39.860027,-104.673792
SEA-DFW,5232,0.24911452184179456,18.854584809130262,0.02198012232415902,25.923380726698262,1660.0,0.39857239133052025,0.1855467968557866,0.24060843133410795,-0.26117468645302594,0.14088823326684718,SEA,DFW,47.447943,-122.310276,32.896801,-97.038002
SEA-DTW,2065,0.1665034280117532,9.68560235063663,0.008232445520581114,16.7,1927.0,-1.0607601098176749,-1.3128258886702062,-0.7863874998830919,-1.1533751134912282,-1.0783371529655503,SEA,DTW,47.447943,-122.310276,42.21377,-83.353786
SEA-EUG,2078,0.17884990253411306,9.896198830409357,0.01203079884504331,16.130790190735695,234.0,-0.842658512202394,-1.2784107270764493,-0.5026382188021771,-1.2084361859925412,-0.9580359110183904,SEA,EUG,47.447943,-122.310276,44.124599,-123.211998
SEA-EWR,2047,0.23623623623623624,19.035535535535537,0.019540791402051783,12.866525423728813,2402.0,0.17107630246471806,0.21511732194939603,0.058382520171834595,-1.5241965894050389,-0.26990511120477256,SEA,EWR,47.447943,-122.310276,40.6894,-74.170545
SEA-FAI,2363,0.25578406169665807,13.941730934018851,0.011002962336013541,15.447236180904522,1533.0,0.516390420685388,-0.6172997663011079,-0.5794209310969076,-1.2745580557869551,-0.4887220831248957,SEA,FAI,47.447943,-122.310276,64.815102,-147.856003
SEA-FAT,1039,0.18500486854917234,10.5491723466407,0.010587102983638113,21.205263157894738,748.0,-0.7339304766225981,-1.1717033922634597,-0.610486970032085,-0.7175698667493343,-0.8084226764168693,SEA,FAT,47.447943,-122.310276,36.775767,-119.718018
SEA-GEG,5380,0.196656649135988,10.894440270473329,0.009665427509293681,16.05157593123209,224.0,-0.5281007106886157,-1.1152805526952758,-0.6793391096029009,-1.2160987772105372,-0.8847047875493323,SEA,GEG,47.447943,-122.310276,47.6199,-117.533997
SEA-HNL,2942,0.3506717189114709,25.183258697898726,0.008837525492861998,10.895874263261296,2677.0,2.1925895328321166,1.2197632034700208,-0.7411860685087555,-1.714822549561174,0.23908602955805197,SEA,HNL,47.447943,-122.310276,21.318387,-157.92567
SEA-IAD,1955,0.20496894409937888,13.092650103519668,0.007161125319693095,21.911616161616163,2305.0,-0.38126326263154164,-0.7560544787223504,-0.866418584630185,-0.6492425938941921,-0.6632447299695673,SEA,IAD,47.447943,-122.310276,38.9445,-77.455803
SEA-IAH,2109,0.23387872954764197,14.078922040423484,0.009009009009009009,16.91358024691358,1874.0,0.12943073196279606,-0.5948803312695392,-0.7283756951002124,-1.1327149680250836,-0.5816350656080098,SEA,IAH,47.447943,-122.310276,29.9844,-95.3414
SEA-JFK,2925,0.292725988700565,18.374293785310734,0.02358974358974359,13.383594692400482,2422.0,1.1689729278575791,0.10705881256175537,0.3608523470279808,-1.4741792003383793,0.040676221777233956,SEA,JFK,47.447943,-122.310276,40.639447,-73.779317
SEA-JNU,1578,0.27225806451612905,13.91741935483871,0.014575411913814956,15.12085308056872,909.0,0.8074051818253564,-0.6212727051032518,-0.3125473906943716,-1.30612990022516,-0.35813620354935677,SEA,JNU,47.447943,-122.310276,58.354935,-134.574416
SEA-KOA,1442,0.29978738483345146,16.306874557051735,0.012482662968099861,13.929078014184396,2688.0,1.293713134074968,-0.23079378069791606,-0.46888250702101775,-1.421413249646453,-0.20684410082260477,SEA,KOA,47.447943,-122.310276,19.738783,-156.045603
SEA-KTN,1299,0.27472527472527475,16.091836734693878,0.0023094688221709007,12.288571428571428,680.0,0.8509886750154882,-0.265934735633164,-1.22885302019402,-1.5801035086320894,-0.5559756473609463,SEA,KTN,47.447943,-122.310276,55.35559845,-131.7140045
SEA-LAS,5799,0.2353248562968124,13.29071590315276,0.008794619762027936,17.998519615099926,867.0,0.1549766927775259,-0.7236870502262721,-0.7443912654028965,-1.027766099894284,-0.5852169306864816,SEA,LAS,47.447943,-122.310276,36.083361,-115.151817
SEA-LAX,7363,0.17432450966945548,11.270058976820739,0.009371180225451583,18.32336742722266,954.0,-0.922599989571592,-1.0538978624882283,-0.7013203336013367,-0.9963427676816842,-0.9185402383357103,SEA,LAX,47.447943,-122.310276,33.942501,-118.407997
SEA-LIH,1094,0.27695167286245354,16.86802973977695,0.009140767824497258,19.14765100671141,2700.0,0.8903182010082706,-0.13909117335374752,-0.7185328853410237,-0.9166077785912247,-0.2209784090694313,SEA,LIH,47.447943,-122.310276,21.974393,-159.337146
SEA-MCI,1123,0.25701357466063346,15.418099547511313,0.009795191451469279,15.419014084507042,1490.0,0.5381098792438685,-0.3760352187639084,-0.6696453233336194,-1.2772880489644955,-0.4462146779545387,SEA,MCI,47.447943,-122.310276,39.301699,-94.713893
SEA-MCO,1839,0.2111663902708679,11.540630182421227,0.0076128330614464385,9.151832460732985,2554.0,-0.2717848112170479,-1.0096817779012135,-0.8326745550382717,-1.883528026120771,-0.999417292569326,SEA,MCO,47.447943,-122.310276,28.429399490356445,-81.30899810791016
SEA-MFR,1144,0.10204081632653061,7.535936113575866,0.01048951048951049,3.9043478260869566,352.0,-2.1994980199424226,-1.6641190869275047,-0.6177774450569504,-2.391130191816425,-1.7181311859358255,SEA,MFR,47.447943,-122.310276,42.374199,-122.873001
SEA-MIA,1137,0.22033898305084745,12.09099018733274,0.009674582233948988,12.639676113360323,2724.0,-0.10975012382795891,-0.919743292109755,-0.678655222055445,-1.5461402841934617,-0.8135722305466553,SEA,MIA,47.447943,-122.310276,25.796011,-80.289751
SEA-MSP,2698,0.15543071161048688,9.273408239700375,0.008524833209785025,16.016867469879518,1399.0,-1.2563606541417653,-1.3801856420296892,-0.7645451936199518,-1.219456212510911,-1.1551369255755792,SEA,MSP,47.447943,-122.310276,44.880081,-93.221741
SEA-OAK,1980,0.26944585663446874,15.203355363497712,0.0065656565656565654,30.450943396226414,672.0,0.7577272733093985,-0.4111281880391936,-0.9109020269091985,0.17678764719567694,-0.09687882361082917,SEA,OAK,47.447943,-122.310276,37.720085,-122.221184
SEA-OGG,1809,0.21648906337633203,11.613572630398206,0.006080707573244887,11.870466321243523,2639.0,-0.17775930573504012,-0.9977617014741,-0.9471292854613531,-1.6205478496344092,-0.9357995355762256,SEA,OGG,47.447943,-122.310276,20.896263,-156.431837
SEA-ONT,2588,0.18100078186082877,10.32838154808444,0.011591962905718702,16.025917926565874,956.0,-0.8046630328787375,-1.207784484496951,-0.5354206831121439,-1.2185807394539347,-0.9416122349854418,SEA,ONT,47.447943,-122.310276,34.056,-117.600998
SEA-ORD,5490,0.2542215624420115,17.882538504360735,0.011657559198542805,22.385401459854016,1721.0,0.4887887289559851,0.02669736740967328,-0.5305204278329572,-0.6034121703284987,-0.15461162544894938,SEA,ORD,47.447943,-122.310276,41.9786,-87.9048
SEA-PDX,4772,0.18273897446718718,10.075965393542942,0.0069153394803017606,13.116628175519631,129.0,-0.77395770207979,-1.24903371504817,-0.8847795819544756,-1.5000035317222649,-1.1019436327011751,SEA,PDX,47.447943,-122.310276,45.588699,-122.598
SEA-PHL,1172,0.23565217391304347,14.6,0.015358361774744027,20.45018450184502,2379.0,0.16075878829785703,-0.5097270457012144,-0.25405850322562046,-0.7906104924523298,-0.3484093132703269,SEA,PHL,47.447943,-122.310276,39.871899,-75.241096
SEA-PHX,7343,0.21106219042377544,12.953357182168409,0.006536837804711971,19.58735332464146,1107.0,-0.2736255110120358,-0.7788173872113408,-0.9130548815809869,-0.8740742859976351,-0.7098930164504997,SEA,PHX,47.447943,-122.310276,33.435302,-112.005905
SEA-PSC,2055,0.17412690605017217,10.490408263649778,0.009245742092457421,13.878531073446327,172.0,-0.9260906755145468,-1.181306474965621,-0.7106909679306919,-1.4263027802262151,-1.0610977246592685,SEA,PSC,47.447943,-122.310276,46.264702,-119.119003
SEA-PSP,1640,0.1753846153846154,10.270153846153846,0.007317073170731708,17.607017543859648,987.0,-0.9038731255021173,-1.2172999131182514,-0.8547687756634046,-1.0656370634267582,-1.0103947194276328,SEA,PSP,47.447943,-122.310276,33.8297,-116.507004
SEA-RDM,1931,0.17793030623020065,9.383843717001056,0.017089590885551526,14.106824925816024,228.0,-0.8589032647170632,-1.3621385464605311,-0.12473008808995567,-1.404219351317675,-0.9374978126463063,SEA,RDM,47.447943,-122.310276,44.254101,-121.150002
SEA-SAN,4517,0.23498988081852934,12.191364965145041,0.01173345140580031,14.107177033492823,1050.0,0.14905932042615805,-0.9033402914419576,-0.5248510344381206,-1.404185291071339,-0.6708293241313148,SEA,SAN,47.447943,-122.310276,32.733601,-117.190002
SEA-SFO,6850,0.2590841949778434,16.465435745937963,0.011240875912408759,15.35860889395667,679.0,0.5746875758503189,-0.2048820990596152,-0.5616480172853442,-1.2831311924279725,-0.36874343323065323,SEA,SFO,47.447943,-122.310276,37.619806,-122.374821
SEA-SJC,4453,0.1915231187669991,10.540344514959202,0.009207275993712105,19.869822485207102,696.0,-0.6187849924935432,-1.173146014923483,-0.7135645099455112,-0.8467503455522095,-0.8380614657286868,SEA,SJC,47.447943,-122.310276,37.362452,-121.929188
SEA-SLC,4134,0.17921760391198044,9.987530562347189,0.009675858732462506,20.117326057298772,689.0,-0.8361630338524426,-1.2634855188456646,-0.6785598634869888,-0.8228087129494841,-0.900254282283645,SEA,SLC,47.447943,-122.310276,40.78886,-111.979866
SEA-SMF,4369,0.20161290322580644,11.204147465437789,0.004577706569008927,23.347428571428573,605.0,-0.440548030511047,-1.0646689604552073,-1.059408322713958,-0.510352908740757,-0.7687445556052422,SEA,SMF,47.447943,-122.310276,38.6954,-121.591003
SEA-SNA,3970,0.16577403723539913,9.204539658250447,0.01057934508816121,11.409230769230769,978.0,-1.073644864353925,-1.391439977153856,-0.6110665099211456,-1.6651643052123295,-1.1853289141603138,SEA,SNA,47.447943,-122.310276,33.675063,-117.869281
SEA-TUS,1066,0.1988689915174364,10.164938737040528,0.004690431519699813,15.289099526066352,1215.0,-0.4890194809017611,-1.2344939088875413,-1.0509874042300387,-1.2898550054800981,-1.0160889498748598,SEA,TUS,47.447943,-122.310276,32.115004,-110.938053
SFO-ACV,1265,0.20901639344262296,17.781147540983607,0.014229249011857707,18.521568627450982,250.0,-0.3097647011247929,0.01012830418251846,-0.3384068793139986,-0.9771702754336605,-0.4038033879224834,SFO,ACV,37.619806,-122.374821,40.978101,-124.109
SFO-ATL,3361,0.18181818181818182,13.929861529199277,0.008925914906277893,30.375827814569536,2139.0,-0.7902235881395532,-0.6192394354034985,-0.7345830933851932,0.16952153122179153,-0.4936311464266133,SFO,ATL,37.619806,-122.374821,33.6367,-84.428101
SFO-AUS,2712,0.20492721164613661,12.861142217245241,0.008849557522123894,28.650273224043715,1504.0,-0.38200047022129197,-0.7938869312161518,-0.7402872369990536,0.0026043683979183278,-0.4783925675096448,SFO,AUS,37.619806,-122.374821,30.197535,-97.662015
SFO-BNA,1095,0.23459061637534498,13.159153633854645,0.006392694063926941,25.63921568627451,1969.0,0.1420062776509286,-0.7451866344663424,-0.9238228853253088,-0.28866267355102326,-0.4539164789229364,SFO,BNA,37.619806,-122.374821,36.1245,-86.6782
SFO-BOI,1626,0.1966707768187423,14.284217016029594,0.0012300123001230013,31.94984326018809,522.0,-0.5278511438852554,-0.5613315285189168,-1.309491914452906,0.32177993780372566,-0.5192236622633382,SFO,BOI,37.619806,-122.374821,43.5644,-116.223
SFO-BOS,4591,0.21029379279876298,16.54252264192622,0.01263341319973862,26.02310924369748,2704.0,-0.28719932508466817,-0.19228474707604934,-0.4576209770378018,-0.25152770037588934,-0.29715818739360217,SFO,BOS,37.619806,-122.374821,42.36197,-71.0079
SFO-BUR,3025,0.18063439065108514,12.415692821368948,0.007603305785123967,29.626617375231053,326.0,-0.8111353669893827,-0.8666811818962593,-0.8333862734004762,0.09704855263332542,-0.6035385674131982,SFO,BUR,37.619806,-122.374821,34.202834,-118.35805
SFO-BWI,1062,0.1803435114503817,9.42175572519084,0.006591337099811676,24.597883597883598,2457.0,-0.8162737745786572,-1.3559430588170374,-0.9089836079308066,-0.3893933016667664,-0.8676484357483168,SFO,BWI,37.619806,-122.374821,39.1754,-76.668297
SFO-CLT,1519,0.14926372155287818,15.380187416331994,0.014483212639894667,43.43497757847533,2296.0,-1.3653010955289904,-0.3822307265060512,-0.3194349747225816,1.4327653830543603,-0.15855035342581575,SFO,CLT,37.619806,-122.374821,35.2140007019043,-80.94309997558594
SFO-DCA,1092,0.20186915887850468,12.10373831775701,0.008241758241758242,12.847222222222221,2442.0,-0.43602125105265066,-0.9176600238184567,-0.7856918094843344,-1.52606383582343,-0.9163592300447179,SFO,DCA,37.619806,-122.374821,38.8521,-77.037697
SFO-DEN,5428,0.2356001486436269,15.529357116313639,0.004789977892409728,24.542586750788644,967.0,0.15983975717236718,-0.3578537790124332,-1.0435509681542425,-0.39474230243490943,-0.40907682310730453,SFO,DEN,37.619806,-122.374821,39.860027,-104.673792
SFO-DFW,4041,0.23796178343949045,22.902420382165605,0.02202425142291512,42.191648822269805,1464.0,0.2015582510654098,0.8470341849702858,0.24390501776964318,1.3124951177248112,0.6512481428825375,SFO,DFW,37.619806,-122.374821,32.896801,-97.038002
SFO-DTW,1819,0.18454697053918845,11.477487493051695,0.009345794392523364,25.1144578313253,2079.0,-0.7420192866988251,-1.0200004017474522,-0.703216737444716,-0.33942379858211985,-0.7011650561182784,SFO,DTW,37.619806,-122.374821,42.21377,-83.353786
SFO-EWR,4447,0.27365491651205937,24.837662337662337,0.024960647627614123,32.15423728813559,2565.0,0.8320806996335173,1.163286691628108,0.4632633135569474,0.3415514775918375,0.7000455456026026,SFO,EWR,37.619806,-122.374821,40.6894,-74.170545
SFO-FAT,1316,0.19784449576597382,17.8598922247883,0.0121580547112462,25.03112840466926,158.0,-0.5071172917172607,0.02299656779600537,-0.49313179392172923,-0.34748446009554534,-0.33118424448463246,SFO,FAT,37.619806,-122.374821,36.775767,-119.718018
SFO-FLL,1261,0.174780526735834,13.994413407821229,0.004758128469468675,24.28310502283105,2584.0,-0.914544406535571,-0.6086905252965843,-1.045930223081414,-0.41984261167642645,-0.747251941647499,SFO,FLL,37.619806,-122.374821,26.072599,-80.152702
SFO-HNL,2356,0.15638389031705227,11.610111396743788,0.008488964346349746,21.45205479452055,2398.0,-1.2395226654237486,-0.998327327811535,-0.7672247137550069,-0.693697101424832,-0.9246929521037806,SFO,HNL,37.619806,-122.374821,21.318387,-157.92567
SFO-IAD,2889,0.1816911250873515,12.202655485674354,0.007268951194184839,24.551923076923078,2418.0,-0.7924680568687992,-0.9014952221942985,-0.858363642986944,-0.39383917651926786,-0.7365415246423274,SFO,IAD,37.619806,-122.374821,38.9445,-77.455803
SFO-IAH,3583,0.14551083591331268,8.877568252181256,0.003907340217694669,15.982591876208897,1635.0,-1.431596162365627,-1.4448728445434391,-1.1094868578047368,-1.2227717754499314,-1.3021819100409338,SFO,IAH,37.619806,-122.374821,29.9844,-95.3414
SFO-JFK,6771,0.1956390066626287,16.912023016353725,0.019347216068527545,22.1640866873065,2586.0,-0.5460774577218573,-0.13190189970557228,0.04392181653777293,-0.6248204955866321,-0.3147195091190722,SFO,JFK,37.619806,-122.374821,40.639447,-73.779317
SFO-LAS,6033,0.20657433672618056,14.117637243450693,0.005801425493121167,31.163974151857836,414.0,-0.3529038555739945,-0.5885535874903725,-0.967992560329314,0.24576087550709874,-0.41592228197164555,SFO,LAS,37.619806,-122.374821,36.083361,-115.151817
SFO-LAX,10704,0.21173925312764558,13.629762016743486,0.006633034379671151,32.208796090626386,337.0,-0.2616651366450563,-0.668280963668926,-0.9058686862338285,0.346829085480242,-0.3722464252668922,SFO,LAX,37.619806,-122.374821,33.942501,-118.407997
SFO-MCO,1515,0.15276851234156105,10.994663108739159,0.006600660066006601,32.02620087336245,2446.0,-1.3033886468429545,-1.0989023816165102,-0.9082871521960768,0.3291661985578308,-0.7453529955244277,SFO,MCO,37.619806,-122.374821,28.429399490356445,-81.30899810791016
SFO-MFR,1039,0.1640625,11.6787109375,0.006737247353224254,21.30952380952381,329.0,-1.1038793255956787,-0.9871169586594467,-0.8980836399785058,-0.7074844760815202,-0.9241411000787878,SFO,MFR,37.619806,-122.374821,42.374199,-122.873001
SFO-MIA,1689,0.18925373134328358,14.349253731343284,0.005920663114268798,20.6403785488959,2585.0,-0.6588739281507624,-0.5507033875857762,-0.9590851242936658,-0.7722125519327842,-0.7352187479907472,SFO,MIA,37.619806,-122.374821,25.796011,-80.289751
SFO-MSP,1909,0.12857142857142856,9.25925925925926,0.006809848088004191,31.633744855967077,1589.0,-1.73083233680798,-1.3824978338041831,-0.8926601302257183,0.29120295745467323,-0.9286968358458021,SFO,MSP,37.619806,-122.374821,44.880081,-93.221741
SFO-OGG,1538,0.10150622134905042,5.928618205631958,0.0039011703511053317,20.580645161290324,2338.0,-2.2089416889391367,-1.9267830478547023,-1.1099477667985935,-0.7779907102360477,-1.50591580345712,SFO,OGG,37.619806,-122.374821,20.896263,-156.431837
SFO-ONT,1308,0.21632024634334104,17.645111624326404,0.006880733944954129,42.295373665480426,363.0,-0.18074147400771787,-0.012102352566183751,-0.8873647273944935,1.3225286783192587,0.060580031087715924,SFO,ONT,37.619806,-122.374821,34.056,-117.600998
SFO-ORD,5467,0.21157424637141795,17.15426125790845,0.01316992866288641,31.155672823218996,1846.0,-0.2645799960314654,-0.0923159187989106,-0.4175415363031686,0.24495786745874631,-0.13236989591869958,SFO,ORD,37.619806,-122.374821,41.9786,-87.9048
SFO-PDX,3490,0.161540672607071,10.38344351825237,0.003151862464183381,30.86120996441281,550.0,-1.1484276363147994,-1.1987863920167492,-1.1659234899766016,0.21647374692219606,-0.8241659428464886,SFO,PDX,37.619806,-122.374821,45.588699,-122.598
SFO-PHL,1833,0.14586799778147533,12.198003327787022,0.014184397163120567,34.85551330798479,2522.0,-1.4252868654151125,-0.9022554664568092,-0.3417574575112271,0.6028525872252314,-0.5166118005394793,SFO,PHL,37.619806,-122.374821,39.871899,-75.241096
SFO-PHX,4728,0.2171965009601024,16.570300832088755,0.00676818950930626,37.6139489194499,651.0,-0.16526235634645298,-0.18774530318668575,-0.89577216082073,0.8696828855108318,-0.09477423371075921,SFO,PHX,37.619806,-122.374821,33.435302,-112.005905
SFO-PSP,2498,0.18737353298259815,14.168757588021045,0.009207365892714172,28.116630669546435,421.0,-0.6920878035413823,-0.5801996258238915,-0.7135577941992319,-0.04901619559225194,-0.5087153547891895,SFO,PSP,37.619806,-122.374821,33.8297,-116.507004
SFO-RDM,1202,0.18219983207388749,11.529806884970613,0.0066555740432612314,17.11520737327189,462.0,-0.783481701591378,-1.0114504946962053,-0.904184900447419,-1.113211077470219,-0.9530820435513054,SFO,RDM,37.619806,-122.374821,44.254101,-121.150002
SFO-RNO,1894,0.18813468733297703,12.954569748797434,0.01003167898627244,24.931818181818183,192.0,-0.6786419425752573,-0.7786192325388308,-0.6519789394422536,-0.35709098354529434,-0.616582774525409,SFO,RNO,37.619806,-122.374821,39.4991,-119.767998
SFO-SAN,6605,0.2850359932608363,17.35993260836269,0.009386828160484481,26.767866738312733,447.0,1.0331284575983493,-0.05870560979124019,-0.7001513822330186,-0.17948546614259692,0.02369649985787338,SFO,SAN,37.619806,-122.374821,32.733601,-117.190002
SFO-SBA,1588,0.1620755925688661,13.21396540679052,0.011335012594458438,27.130434782608695,262.0,-1.1389782264405448,-0.7362294286058069,-0.5546157026023174,-0.1444133625900569,-0.6435591800596815,SFO,SBA,37.619806,-122.374821,34.426201,-119.839996
SFO-SBP,1177,0.21742881794650562,23.713546160483176,0.008496176720475786,26.4484126984127,191.0,-0.1611584556097733,0.9795863756041778,-0.7666859260756274,-0.2103870454293405,-0.039661262877640824,SFO,SBP,37.619806,-122.374821,35.236801147499996,-120.641998291
SFO-SEA,6854,0.23788416075650118,14.138741134751774,0.011817916545083164,24.285093167701863,679.0,0.2001870392963752,-0.5851048411952416,-0.5185412152873964,-0.4196502935064069,-0.3307773276731675,SFO,SEA,37.619806,-122.374821,47.447943,-122.310276
SFO-SLC,3540,0.18652260449246516,13.446118851293717,0.0064971751412429375,34.59146341463415,599.0,-0.7071195328676978,-0.6982914805653311,-0.9160178108515771,0.5773103880482089,-0.43602960905909927,SFO,SLC,37.619806,-122.374821,40.78886,-111.979866
SFO-SMF,1400,0.18940493468795355,16.80188679245283,0.015,28.168582375478927,86.0,-0.656202907287473,-0.14990009201612753,-0.28082928710599997,-0.04399077860126051,-0.28273076625271526,SFO,SMF,37.619806,-122.374821,38.6954,-121.591003
SFO-SNA,4785,0.16226494823579124,10.251214874286921,0.00961337513061651,23.30859375,372.0,-1.1356332413276624,-1.2203948735749657,-0.6832275906804979,-0.5141094970557369,-0.8883413006597157,SFO,SNA,37.619806,-122.374821,33.675063,-117.869281
SFO-TUS,1004,0.167,10.661,0.00298804780876494,17.87425149700599,751.0,-1.0519881203909371,-1.1534287906881426,-1.1781609746798136,-1.0397868622715445,-1.1058411870076095,SFO,TUS,37.619806,-122.374821,32.115004,-110.938053
SGF-CLT,1236,0.18916666666666668,17.161666666666665,0.02750809061488673,38.030837004405285,708.0,-0.6604119335977112,-0.09110574501368447,0.6535655457316137,0.9100095009293713,0.20301434201239732,SGF,CLT,37.245047,-93.388596,35.2140007019043,-80.94309997558594
SGF-DEN,1265,0.23501199040767387,24.685051958433252,0.007905138339920948,17.156462585034014,637.0,0.14944988833332107,1.1383474767479662,-0.810838405123218,-1.1092203588126694,-0.15806534971365005,SGF,DEN,37.245047,-93.388596,39.860027,-104.673792
SGF-DFW,3033,0.22728807835190815,17.437014522120904,0.021101219914276294,30.783060921248143,364.0,0.013006277960856296,-0.04610907199152095,0.17495157805023986,0.2089141967149367,0.08769074518362797,SGF,DFW,37.245047,-93.388596,32.896801,-97.038002
SGF-ORD,1470,0.29583333333333334,27.144444444444446,0.017687074829931974,32.38732394366197,438.0,1.2238644539787142,1.5402553810011128,-0.08009610457307317,0.36409852620228617,0.76203056415226,SGF,ORD,37.245047,-93.388596,41.9786,-87.9048
SGU-DEN,1076,0.2199248120300752,25.023496240601503,0.0,34.99145299145299,517.0,-0.11706649265476768,1.1936552134863645,-1.4013778123847422,0.616002368984829,0.07280331935792086,SGU,DEN,37.036389,-113.510306,39.860027,-104.673792
SGU-SLC,1707,0.06103286384976526,4.685446009389671,0.0017574692442882249,0.0,272.0,-2.9239072376439084,-2.1299392072962844,-1.2700891743907479,-2.768807412453879,-2.273185757946205,SGU,SLC,37.036389,-113.510306,40.78886,-111.979866
SHV-ATL,1536,0.1912751677852349,19.428187919463088,0.026041666666666668,0.0,552.0,-0.6231650691830557,0.27928361408126756,0.5440189328908522,-2.768807412453879,-0.6421674836662037,SHV,ATL,32.444747,-93.826741,33.6367,-84.428101
SHV-DFW,2123,0.2538046146293569,26.722631320569466,0.039095619406500234,20.79303675048356,190.0,0.4814233078475158,1.4713237120758242,1.5191914323361124,-0.7574455465707328,0.67862322642218,SHV,DFW,32.444747,-93.826741,32.896801,-97.038002
SHV-IAH,1259,0.2380178716490658,23.272948822095856,0.022239872915011914,21.532423208191126,192.0,0.20254905439907464,0.907585036290516,0.2600126407688074,-0.685922866020051,0.17105596635958678,SHV,IAH,32.444747,-93.826741,29.9844,-95.3414
SJC-AUS,1171,0.21840068787618228,11.80481513327601,0.0025619128949615714,25.822834645669293,1476.0,-0.14399028473209877,-0.9665093194436074,-1.20999463129529,-0.2709007575205896,-0.6478487482478965,SJC,AUS,37.362452,-121.929188,30.197535,-97.662015
SJC-BUR,2297,0.15849889624724062,9.308167770419425,0.011319111885067479,34.610027855153206,296.0,-1.202160892919017,-1.3745053245433272,-0.5558035370329124,0.579106172289326,-0.6383408955514827,SJC,BUR,37.362452,-121.929188,34.202834,-118.35805
SJC-DEN,2732,0.20206489675516223,13.482300884955752,0.0036603221083455345,16.80839416058394,948.0,-0.43256352362321154,-0.692378701127548,-1.1279399096812912,-1.142889878280076,-0.8489430031780317,SJC,DEN,37.362452,-121.929188,39.860027,-104.673792
SJC-DFW,1228,0.20489038785834737,21.26222596964587,0.025244299674267102,39.60493827160494,1438.0,-0.3826509657884707,0.5789976260830647,0.4844530390615669,1.062276209245081,0.4357689771503105,SJC,DFW,37.362452,-121.929188,32.896801,-97.038002
SJC-LAS,4130,0.19323436359211488,12.701143830615722,0.0043583535108958835,30.358942065491185,386.0,-0.5885556967060931,-0.8200334761941958,-1.0757947057662216,0.16788813095512398,-0.5791239369278466,SJC,LAS,37.362452,-121.929188,36.083361,-115.151817
SJC-LAX,4538,0.1227292866637129,7.073770491803279,0.004627589246364037,21.064981949458485,308.0,-1.8340343060227862,-1.739645062354766,-1.055681925344143,-0.7311396149556478,-1.3401252271693358,SJC,LAX,37.362452,-121.929188,33.942501,-118.407997
SJC-LGB,1222,0.13278688524590163,7.742622950819672,0.0016366612111292963,32.23456790123457,324.0,-1.6563659104839703,-1.6303428295526206,-1.279113925283952,0.3493220564538473,-1.054125152216674,SJC,LGB,37.362452,-121.929188,33.816523,-118.149891
SJC-ONT,1338,0.1518324607329843,8.017202692595363,0.0,32.87192118226601,333.0,-1.3199240838141495,-1.5854716797889565,-1.4013778123847422,0.4109748154974403,-0.973949690122602,SJC,ONT,37.362452,-121.929188,34.056,-117.600998
SJC-PDX,1623,0.1535141800246609,9.20715166461159,0.0,35.78313253012048,569.0,-1.290216359265668,-1.3910131294634307,-1.4013778123847422,0.6925834885771237,-0.8475059531341793,SJC,PDX,37.362452,-121.929188,45.588699,-122.598
SJC-PHX,3052,0.167986798679868,10.956765676567656,0.00655307994757536,33.66994106090373,621.0,-1.0345562317806232,-1.1050954872827503,-0.9118415409654578,0.4881692518546639,-0.6408310020435418,SJC,PHX,37.362452,-121.929188,33.435302,-112.005905
SJC-SAN,5048,0.24734202607823472,13.304513540621866,0.011093502377179081,20.45498783454988,417.0,0.36726109213344166,-0.7214322740608595,-0.5726572971231262,-0.7901458542011865,-0.42924358331293266,SJC,SAN,37.362452,-121.929188,32.733601,-117.190002
SJC-SEA,4450,0.16583484573502721,10.421733212341199,0.008988764044943821,20.216142270861834,696.0,-1.0725706766663017,-1.192529183867474,-0.7298880594087169,-0.8132499762398457,-0.9520594740455847,SJC,SEA,37.362452,-121.929188,47.447943,-122.310276
SJC-SLC,1825,0.07764317180616741,7.033590308370044,0.004931506849315068,36.56028368794326,584.0,-2.630484633838083,-1.7462112096484617,-1.0329782972246078,0.7677592419617427,-1.1604787246873522,SJC,SLC,37.362452,-121.929188,40.78886,-111.979866
SJC-SNA,2642,0.1231357552581262,6.608795411089866,0.007948523845571537,31.838509316770185,342.0,-1.8268540012595578,-1.8156301526900445,-0.8075973674982021,0.3110103301289854,-1.0347677978297047,SJC,SNA,37.362452,-121.929188,33.675063,-117.869281
SJT-DFW,1078,0.20428015564202334,22.247081712062258,0.04359925788497217,16.13809523809524,229.0,-0.39343077350245004,0.7399403424968313,1.855627796032134,-1.2077295506961305,0.24860195358259618,SJT,DFW,31.35770034790039,-100.49600219726562,32.896801,-97.038002
SJU-ATL,2167,0.175,15.429245283018869,0.01430549146285187,37.74932614555256,1547.0,-0.9106673913227056,-0.37421380993035247,-0.33271132157898886,0.8827782593785084,-0.18370356586338468,SJU,ATL,18.4394,-66.001801,33.6367,-84.428101
SJU-BOS,2037,0.26568825910931176,21.375506072874494,0.027000490918016692,35.2,1674.0,0.6913489705843775,0.5975095834632539,0.6156462062809698,0.6361756368566187,0.635170099296305,SJU,BOS,18.4394,-66.001801,42.36197,-71.0079
SJU-BWI,1265,0.21707317073170732,14.397560975609757,0.022134387351778657,24.94007490636704,1565.0,-0.1674409960705711,-0.5428091358899554,0.25213252794752583,-0.35629229016087144,-0.20360247354346805,SJU,BWI,18.4394,-66.001801,39.1754,-76.668297
SJU-CLT,1063,0.15436241610738255,14.479386385426654,0.016933207902163686,34.149068322981364,1475.0,-1.2752321915616427,-0.5294374275671813,-0.1364124028508846,0.5345164167932118,-0.35164140129662413,SJU,CLT,18.4394,-66.001801,35.2140007019043,-80.94309997558594
SJU-DFW,1016,0.20224719101123595,17.87129724208376,0.021653543307086614,42.833333333333336,2165.0,-0.42934327897655045,0.0248603478251227,0.2162119222696102,1.3745668473605048,0.2965739596196718,SJU,DFW,18.4394,-66.001801,32.896801,-97.038002
SJU-EWR,2206,0.2766258246936852,24.126295947219603,0.03399818676337262,44.31516183986371,1608.0,0.8845620634112842,1.0470369361437109,1.1383967236051544,1.5179077833468975,1.1469758766267617,SJU,EWR,18.4394,-66.001801,40.6894,-74.170545
SJU-FLL,2331,0.23452484742807322,18.716216216216218,0.01287001287001287,45.42936802973978,1046.0,0.1408444632036168,0.16293493985904717,-0.4399462162639853,1.625687703516353,0.3723802225787579,SJU,FLL,18.4394,-66.001801,26.072599,-80.152702
SJU-JFK,3859,0.20463629096722621,17.004796163069546,0.025654314589271834,34.70703125,1598.0,-0.38713961052687235,-0.11674113899754937,0.5150824796182896,0.588489550561454,0.14992282016383046,SJU,JFK,18.4394,-66.001801,40.639447,-73.779317
SJU-MCO,6076,0.20156849657934256,16.931586851326546,0.009545753785385122,46.812086092715234,1188.0,-0.44133247796776587,-0.12870482564854224,-0.6882791239255909,1.7594414411983665,0.1252812534141169,SJU,MCO,18.4394,-66.001801,28.429399490356445,-81.30899810791016
SJU-MIA,2612,0.22282608695652173,21.025621118012424,0.011868300153139357,51.850174216027874,1045.0,-0.06581520667566694,0.5403322399777534,-0.5147773967736904,2.2467881645168912,0.5516319502613218,SJU,MIA,18.4394,-66.001801,25.796011,-80.289751
SJU-ORD,1424,0.2024584237165582,16.68474331164136,0.020365168539325844,25.45357142857143,2072.0,-0.42561183398665103,-0.16904339311086902,0.11996615920156531,-0.3066205016953648,-0.1953273923978299,SJU,ORD,18.4394,-66.001801,41.9786,-87.9048
SJU-PHL,1743,0.3258026159334126,29.918549346016647,0.03155479059093517,40.06204379562044,1576.0,1.753274562315599,1.9935928184011678,0.9558671250920536,1.1064931570013021,1.4523069157025306,SJU,PHL,18.4394,-66.001801,39.871899,-75.241096
SJU-TPA,1447,0.20322354590049055,15.768044849334268,0.01243953006219765,47.42758620689655,1237.0,-0.41209588087920135,-0.31884801352567177,-0.47210467462766503,1.8189802893698455,0.15398293008432679,SJU,TPA,18.4394,-66.001801,27.9755,-82.533203
SLC-ABQ,1153,0.059027777777777776,3.857638888888889,0.0,0.0,493.0,-2.959327265836137,-2.265217422066266,-1.4013778123847422,-2.768807412453879,-2.348682478185256,SLC,ABQ,40.78886,-111.979866,35.039976,-106.608925
SLC-ATL,2961,0.15030674846625766,10.63531015678255,0.005741303613644039,16.83219954648526,1590.0,-1.3468759300494184,-1.157626962027953,-0.9724838592216529,-1.140587124431318,-1.1543934689325857,SLC,ATL,40.78886,-111.979866,33.6367,-84.428101
SLC-AUS,1761,0.20926243567753003,13.479702687249857,0.004542873367404884,15.57103825136612,1086.0,-0.30541834262246237,-0.6928032922413092,-1.0620104755598345,-1.2625823753497025,-0.8307036214433272,SLC,AUS,40.78886,-111.979866,30.197535,-97.662015
SLC-BIL,1074,0.1019644527595884,8.704396632366699,0.004655493482309125,12.46788990825688,387.0,-2.200846989311738,-1.4731721270661207,-1.0535973886483232,-1.5627575886389897,-1.5725935234162929,SLC,BIL,40.78886,-111.979866,45.808932,-108.541242
SLC-BNA,1255,0.13790322580645162,8.491129032258064,0.006374501992031873,12.596491228070175,1404.0,-1.565985288211684,-1.508023796611463,-0.925181891947561,-1.5503176649434438,-1.3873771604285379,SLC,BNA,40.78886,-111.979866,36.1245,-86.6782
SLC-BOI,1721,0.1323185011709602,8.86182669789227,0.006972690296339338,10.389380530973451,290.0,-1.6646399578533044,-1.4474452908406277,-0.8804952904655128,-1.7638169408402116,-1.4390993699999142,SLC,BOI,40.78886,-111.979866,43.5644,-116.223
SLC-BOS,1253,0.1917140536149472,12.337124289195776,0.017557861133280128,21.14406779661017,2105.0,-0.6154121110039735,-0.8795206592409996,-0.08974878572167597,-0.7234894453820158,-0.5770427503371662,SLC,BOS,40.78886,-111.979866,42.36197,-71.0079
SLC-BUR,1512,0.1623246492985972,11.239812959251838,0.004629629629629629,13.65843621399177,574.0,-1.1345786166124268,-1.0588405926958968,-1.0555295021135256,-1.4475931002740317,-1.17413545292397,SLC,BUR,40.78886,-111.979866,34.202834,-118.35805
SLC-BZN,1125,0.11500449236298294,7.054806828391734,0.006222222222222222,6.1953125,347.0,-1.9704935013329463,-1.7427440578433053,-0.9365576833802269,-2.1695195133720198,-1.7048286889821245,SLC,BZN,40.78886,-111.979866,45.778853,-111.153711
SLC-DEN,7739,0.24863102998696218,17.472229465449804,0.005814704742214756,17.655479811221813,391.0,0.3900314636525874,-0.04035433209042213,-0.9670005574634054,-1.0609491884580275,-0.4195681535898169,SLC,DEN,40.78886,-111.979866,39.860027,-104.673792
SLC-DFW,3849,0.2281266774020397,21.203166935050994,0.02442192777344765,33.49764705882353,989.0,0.027820206605921168,0.5693463431112536,0.4230191976819726,0.4715028269517961,0.3729221435877359,SLC,DFW,40.78886,-111.979866,32.896801,-97.038002
SLC-DTW,1547,0.12637718729747247,8.52754374594945,0.001292824822236587,16.61025641025641,1481.0,-1.7695938088813654,-1.5020729931724315,-1.304799615851345,-1.1620562328622848,-1.4346306626918566,SLC,DTW,40.78886,-111.979866,42.21377,-83.353786
SLC-EWR,1278,0.26618122977346276,21.19093851132686,0.024256651017214397,14.364741641337385,1969.0,0.7000573422927611,0.56734800401766,0.41067248931797096,-1.3792704295993776,0.07470185150725356,SLC,EWR,40.78886,-111.979866,40.6894,-74.170545
SLC-FAT,1341,0.055639097744360905,4.013533834586466,0.005219985085756898,0.0,501.0,-3.019188607448816,-2.2397414513680753,-1.0114280397299475,-2.768807412453879,-2.2597913777501795,SLC,FAT,40.78886,-111.979866,36.775767,-119.718018
SLC-FCA,1156,0.09353146853146853,6.3225524475524475,0.006920415224913495,8.467289719626168,532.0,-2.3498164242290884,-1.8624072776251208,-0.8844004074118508,-1.9497455383366022,-1.7615924119006654,SLC,FCA,40.78886,-111.979866,48.310501,-114.255997
SLC-GEG,1671,0.13293051359516617,10.69607250755287,0.004189108318372232,13.318181818181818,546.0,-1.653828702604854,-1.1476973272931565,-1.0884378691590813,-1.4805067494270507,-1.3426176621210355,SLC,GEG,40.78886,-111.979866,47.6199,-117.533997
SLC-GTF,1069,0.06704438149197356,4.087818696883852,0.007483629560336763,0.0,463.0,-2.8177132306434816,-2.2276020008763413,-0.8423264745468915,-2.768807412453879,-2.164112279630148,SLC,GTF,40.78886,-111.979866,47.481998,-111.371002
SLC-IAH,1997,0.15610745058286873,13.10136847440446,0.007511266900350526,16.107142857142858,1195.0,-1.2444059985210292,-0.7546297438779779,-0.8402618758405549,-1.2107236510506378,-1.01250531732255,SLC,IAH,40.78886,-111.979866,29.9844,-95.3414
SLC-IDA,1154,0.12630662020905922,9.798780487804878,0.0034662045060658577,11.172413793103448,189.0,-1.770840382929213,-1.2943305943341892,-1.1424411225456337,-1.6880721969595596,-1.473921074192149,SLC,IDA,40.78886,-111.979866,43.514599,-112.070999
SLC-JAC,1207,0.1111111111111111,8.287037037037036,0.008285004142502071,13.81060606060606,205.0,-2.0392704359648355,-1.541376011250112,-0.7824612007974778,-1.4328733346962523,-1.4489952456771693,SLC,JAC,40.78886,-111.979866,43.6073,-110.737999
SLC-JFK,1934,0.18594823032223984,15.165874273639725,0.01861427094105481,26.00284090909091,1990.0,-0.7172659049294732,-0.41725325606295555,-0.010831555575548008,-0.2534883065058076,-0.3497097557684461,SLC,JFK,40.78886,-111.979866,40.639447,-73.779317
SLC-LAS,3765,0.21990369181380418,15.227661851257357,0.006640106241699867,24.90389294403893,368.0,-0.117439583199955,-0.4071560812645333,-0.9053403952626783,-0.35979226085456495,-0.44743208014543284,SLC,LAS,40.78886,-111.979866,36.083361,-115.151817
SLC-LAX,4139,0.1340782122905028,8.503764877337867,0.005073689296931626,21.26268115942029,590.0,-1.6335545005579002,-1.5059588777165014,-1.0223568084247907,-0.7120156814675223,-1.2184714670416787,SLC,LAX,40.78886,-111.979866,33.942501,-118.407997
SLC-LGB,1543,0.11053315994798439,6.649544863459037,0.002592352559948153,22.205882352941178,588.0,-2.049479995932198,-1.808970976859301,-1.2077206898479107,-0.6207774974894524,-1.4217372900322156,SLC,LGB,40.78886,-111.979866,33.816523,-118.149891
SLC-MCI,1013,0.16432865731462926,11.724448897795591,0.009871668311944718,17.49390243902439,920.0,-1.0991776323768976,-0.9796425730655358,-0.6639322544520392,-1.0765789672501969,-0.9548328567861673,SLC,MCI,40.78886,-111.979866,39.301699,-94.713893
SLC-MCO,1505,0.21824324324324323,13.194594594594594,0.005980066445182724,12.012383900928793,1931.0,-0.14677155852145196,-0.739394959352781,-0.9546475033035162,-1.6068198111904457,-0.8619084580920487,SLC,MCO,40.78886,-111.979866,28.429399490356445,-81.30899810791016
SLC-MSO,1059,0.11365807067812798,10.264565425023878,0.009442870632672332,8.831932773109244,436.0,-1.9942781631000688,-1.2182131592297218,-0.6959648282621472,-1.9144727140139122,-1.4557322161514625,SLC,MSO,40.78886,-111.979866,46.915816,-114.091107
SLC-MSP,1591,0.14555765595463138,8.821045998739761,0.0018856065367693275,14.112554112554113,991.0,-1.4307690820688566,-1.4541095729442726,-1.2605169041158872,-1.403665152916268,-1.3872651780113212,SLC,MSP,40.78886,-111.979866,44.880081,-93.221741
SLC-OAK,1739,0.10317002881844381,6.100864553314121,0.0017251293847038527,18.64804469273743,588.0,-2.1795503783636567,-1.8986349710406294,-1.2725050665217472,-0.9649359328642333,-1.5789065871975667,SLC,OAK,40.78886,-111.979866,37.720085,-122.221184
SLC-ONT,1229,0.10928512736236648,8.10024650780608,0.009764035801464606,15.390977443609023,558.0,-2.071526605294752,-1.571900862637012,-0.6719727511780752,-1.2800001025729433,-1.3988500804206956,SLC,ONT,40.78886,-111.979866,34.056,-117.600998
SLC-ORD,3158,0.24066924066924067,22.457207207207208,0.009816339455351488,21.915775401069517,1250.0,0.2493857297690793,0.7742785369347716,-0.6680654990294328,-0.6488402603761042,-0.07331037317542152,SLC,ORD,40.78886,-111.979866,41.9786,-87.9048
SLC-PDX,2449,0.12098765432098765,7.9337448559670785,0.007758268681094325,24.03061224489796,630.0,-1.8648004000781293,-1.5991101553082412,-0.8218100437636423,-0.44426686249845765,-1.1824968654121175,SLC,PDX,40.78886,-111.979866,45.588699,-122.598
SLC-PHX,5736,0.1563323379588969,12.143333918847707,0.005578800557880056,30.769662921348313,507.0,-1.2404333425287115,-0.9111894075412573,-0.9846233631876276,0.20761817505148258,-0.7321569845515284,SLC,PHX,40.78886,-111.979866,33.435302,-112.005905
SLC-PSC,1183,0.102803738317757,7.930331350892098,0.00253592561284869,3.8016528925619837,521.0,-2.186020933439635,-1.5996679819579709,-1.211935965338463,-2.401064126700022,-1.8496722518590227,SLC,PSC,40.78886,-111.979866,46.264702,-119.119003
SLC-PSP,1078,0.08379888268156424,4.25512104283054,0.0037105751391465678,1.4666666666666666,541.0,-2.5217434402325423,-2.2002618607325766,-1.1241858457109657,-2.6269331187326084,-2.118281066352173,SLC,PSP,40.78886,-111.979866,33.8297,-116.507004
SLC-RNO,1174,0.12040990606319385,8.09137489325363,0.0008517887563884157,9.432624113475176,422.0,-1.8750063757042945,-1.5733506401867108,-1.337746436730072,-1.8563663551555714,-1.660617451944162,SLC,RNO,40.78886,-111.979866,39.4991,-119.767998
SLC-SAN,2847,0.1615193468228612,10.270145544905928,0.007024938531787847,19.237362637362637,626.0,-1.1488043582363594,-1.2173012696878809,-0.8765921782534966,-0.9079297507022067,-1.0376568892199858,SLC,SAN,40.78886,-111.979866,32.733601,-117.190002
SLC-SAT,1009,0.16416416416416416,11.468468468468469,0.007928642220019821,13.21951219512195,1087.0,-1.102083418870705,-1.0214742686838074,-0.8090825892443433,-1.4900513060747982,-1.1056728957184134,SLC,SAT,40.78886,-111.979866,29.533701,-98.469803
SLC-SEA,4137,0.2200488997555012,12.043276283618582,0.01015228426395939,16.017777777777777,689.0,-0.11487447167656473,-0.9275405815438604,-0.6429693350387239,-1.2193681561767284,-0.7261881361089693,SLC,SEA,40.78886,-111.979866,47.447943,-122.310276
SLC-SFO,3541,0.2178866419823412,14.719453147251496,0.007060152499293985,14.190849673202614,599.0,-0.15307095229361772,-0.49020630456641656,-0.8739615809629488,-1.396091429710461,-0.728332566883361,SLC,SFO,40.78886,-111.979866,37.619806,-122.374821
SLC-SGU,1707,0.07633587786259542,5.751027598355843,0.0017574692442882249,0.0,272.0,-2.6535781004895926,-1.9558044704992625,-1.2700891743907479,-2.768807412453879,-2.1620697894583705,SLC,SGU,40.78886,-111.979866,37.036389,-113.510306
SLC-SJC,1827,0.13413963716327654,9.40791643760308,0.004378762999452655,19.651639344262296,584.0,-1.6324694245824865,-1.358204641342962,-1.0742700509459562,-0.8678557403409137,-1.2331999643030795,SLC,SJC,40.78886,-111.979866,37.362452,-121.929188
SLC-SMF,2103,0.13964610234337638,9.533715925394548,0.005230622919638612,25.356164383561644,532.0,-1.5351972153524187,-1.337646796760624,-1.010633359125393,-0.3160429260459825,-1.0498800743211045,SLC,SMF,40.78886,-111.979866,38.6954,-121.591003
SLC-SNA,1837,0.16657504123144584,11.032435404068169,0.005988023952095809,13.745874587458745,588.0,-1.0594950557654388,-1.0927297255069786,-0.954053051794426,-1.4391349701741927,-1.136353200810259,SLC,SNA,40.78886,-111.979866,33.675063,-117.869281
SLC-SUN,1086,0.048507462686567165,2.8330223880597014,0.006445672191528545,0.0,222.0,-3.145169590675813,-2.432657744362826,-0.9198652478082415,-2.768807412453879,-2.3166249988251897,SLC,SUN,40.78886,-111.979866,43.50439835,-114.2959976
SLC-TUS,1108,0.09321266968325792,4.957466063348416,0.0018050541516245488,0.5631067961165048,600.0,-2.3554480349359928,-2.085486355454527,-1.2665344278746649,-2.714336699507054,-2.1054513794430596,SLC,TUS,40.78886,-111.979866,32.115004,-110.938053
SMF-ATL,1009,0.09137055837563451,8.004060913705583,0.01684836471754212,18.488888888888887,2092.0,-2.3879890990632644,-1.5876192771496025,-0.14275046321139445,-0.9803314673614967,-1.2746725766964395,SMF,ATL,38.6954,-121.591003,33.6367,-84.428101
SMF-BUR,2723,0.15196998123827393,8.71857410881801,0.017627616599338966,33.65185185185185,358.0,-1.3174947715554788,-1.4708552785433433,-0.08453782674685177,0.4864194379286104,-0.596617109729266,SMF,BUR,38.6954,-121.591003,34.202834,-118.35805
SMF-DEN,3871,0.19791395045632335,13.186962190352022,0.004649961250322914,21.013175230566535,909.0,-0.5058903682825854,-0.740642228184817,-1.0540106642745666,-0.7361510069916558,-0.7591735669334061,SMF,DEN,38.6954,-121.591003,39.860027,-104.673792
SMF-DFW,1696,0.20891875381795968,19.188759926695173,0.02535377358490566,40.96783625730994,1431.0,-0.31148951399271324,0.24015687715732123,0.49263109433640256,1.1941127018378357,0.40385278983471157,SMF,DFW,38.6954,-121.591003,32.896801,-97.038002
SMF-LAS,4693,0.19086425048252198,12.105725927514476,0.00554016620498615,27.043820224719102,397.0,-0.6304239607838233,-0.9173352134936956,-0.9875094743316519,-0.15279180297180656,-0.6720151128952444,SMF,LAS,38.6954,-121.591003,36.083361,-115.151817
SMF-LAX,5596,0.12973263951193253,9.299300197380227,0.003931379556826304,25.235131396957122,373.0,-1.7103194397187265,-1.3759544416388163,-1.107691041403895,-0.3277507461538184,-1.1304289172288142,SMF,LAX,38.6954,-121.591003,33.942501,-118.407997
SMF-LGB,1970,0.14212939378502293,7.9628120224146715,0.003045685279187817,32.7347670250896,387.0,-1.49132964572462,-1.594360070067281,-1.1738552691809367,0.39770755469266406,-0.9654593575700434,SMF,LGB,38.6954,-121.591003,33.816523,-118.149891
SMF-ONT,2106,0.14387803716055264,8.642686993806574,0.001899335232668566,33.397350993377486,390.0,-1.4604397011358456,-1.4832565652544083,-1.2594913261196277,0.46180094050985515,-0.9353466630000067,SMF,ONT,38.6954,-121.591003,34.056,-117.600998
SMF-ORD,1247,0.2412672623883022,16.806661251015434,0.007217321571772253,21.622895622895623,1781.0,0.259949837936131,-0.14911986167641794,-0.8622205428039521,-0.6771712456081476,-0.35714045303809666,SMF,ORD,38.6954,-121.591003,41.9786,-87.9048
SMF-PDX,1987,0.17965587044534412,10.014676113360323,0.004529441368897836,35.76901408450704,479.0,-0.8284210155997974,-1.2590494592986257,-1.0630138893010759,0.6912177764181356,-0.6148166469453408,SMF,PDX,38.6954,-121.591003,45.588699,-122.598
SMF-PHX,3730,0.18238313969197514,12.847608754390706,0.0061662198391420914,38.37185185185185,647.0,-0.7802435558123894,-0.7960985366122373,-0.9407412425650626,0.9429967104497906,-0.3935216561349747,SMF,PHX,38.6954,-121.591003,33.435302,-112.005905
SMF-SAN,5137,0.24793062672447774,14.447378793851005,0.009538641230290053,24.980922098569156,480.0,0.37765877619057875,-0.5346680298901246,-0.6888104548004405,-0.3523410402443905,-0.2995401871860942,SMF,SAN,38.6954,-121.591003,32.733601,-117.190002
SMF-SEA,4380,0.18559302592337693,10.270474879559533,0.003424657534246575,15.255871446229914,605.0,-0.723540623006417,-1.2172474506243596,-1.1455448157457602,-1.2930692398154449,-1.0948505322979953,SMF,SEA,38.6954,-121.591003,47.447943,-122.310276
SMF-SFO,1401,0.2826086956521739,20.60144927536232,0.014989293361884369,20.20769230769231,86.0,0.9902500241331311,0.47101511499979126,-0.28162910760941084,-0.8140673620739233,0.09139216736239705,SMF,SFO,38.6954,-121.591003,37.619806,-122.374821
SMF-SLC,2103,0.11764705882352941,9.010043041606886,0.005230622919638612,45.1219512195122,532.0,-1.9238123239809857,-1.4232241384962052,-1.010633359125393,1.595950515223796,-0.6904298265946969,SMF,SLC,38.6954,-121.591003,40.78886,-111.979866
SMF-SNA,2303,0.14997813729777001,7.326628771316135,0.006513243595310464,28.556851311953352,404.0,-1.352680876288248,-1.69832358082219,-0.9148174453509853,-0.006432564190202777,-0.9930636166629065,SMF,SNA,38.6954,-121.591003,33.675063,-117.869281
SNA-ATL,1076,0.2009478672985782,24.382938388625593,0.012081784386617101,24.12735849056604,1919.0,-0.452295950772605,1.0889768161565927,-0.4988294339074405,-0.4349083589023145,-0.07426423185644182,SNA,ATL,33.675063,-117.869281,33.6367,-84.428101
SNA-DEN,3727,0.20476061671625642,14.849066810927779,0.004829621679635095,21.952443857331573,846.0,-0.38494338484000945,-0.4690251566906684,-1.0405894490001193,-0.6452932299210847,-0.6349628051129705,SNA,DEN,33.675063,-117.869281,39.860027,-104.673792
SNA-DFW,2897,0.2143113987774182,21.646170442286948,0.03244735933724543,44.30201342281879,1205.0,-0.21622794933311282,0.6417408926525363,1.0225448979179108,1.516635904450215,0.7411734364218874,SNA,DFW,33.675063,-117.869281,32.896801,-97.038002
SNA-EWR,1087,0.24976076555023924,31.558851674641147,0.019319227230910764,21.796934865900383,2433.0,0.4099883453346653,2.2616470126742607,0.04183095982338959,-0.6603359992346806,0.5132825796494087,SNA,EWR,33.675063,-117.869281,40.6894,-74.170545
SNA-IAH,1094,0.1261510128913444,10.712707182320441,0.0018281535648994515,32.64233576642336,1346.0,-1.7735892003776894,-1.1449789294319797,-1.2648088269759985,0.3887664504601357,-0.9486526265813829,SNA,IAH,33.675063,-117.869281,29.9844,-95.3414
SNA-LAS,4503,0.170355466130114,11.781131231835458,0.006662225183211193,22.85695538057743,226.0,-0.9927135054070034,-0.9703796846848824,-0.9036880387765955,-0.5577975934279553,-0.8561447055741092,SNA,LAS,33.675063,-117.869281,36.083361,-115.151817
SNA-OAK,2467,0.14852700490998363,8.0879705400982,0.009323064450749898,34.30578512396694,371.0,-1.37831526216531,-1.573906971252134,-0.7049147376269779,0.5496760205119067,-0.7768652376331289,SNA,OAK,33.675063,-117.869281,37.720085,-122.221184
SNA-ORD,2286,0.2278424350940018,17.959713518352732,0.011373578302712161,27.825147347740668,1726.0,0.022799040330426713,0.039309119421869085,-0.5517347194349814,-0.07721209814638133,-0.14170966445726674,SNA,ORD,33.675063,-117.869281,41.9786,-87.9048
SNA-PDX,1543,0.07732634338138926,4.306028833551769,0.01101749837977965,29.576271186440678,859.0,-2.6360814368354815,-2.1919426340962005,-0.5783350416032077,0.09217844128592166,-1.3285451678122422,SNA,PDX,33.675063,-117.869281,45.588699,-122.598
SNA-PHX,4521,0.17952720785013382,13.376449598572703,0.007078080070780801,35.72670807453416,338.0,-0.8306938520696636,-0.7096766594301321,-0.8726223333768567,0.687125411451044,-0.4314668583564021,SNA,PHX,33.675063,-117.869281,33.435302,-112.005905
SNA-SEA,3968,0.16777493606138108,10.267263427109974,0.013356854838709678,25.303353658536587,978.0,-1.0382988042439825,-1.2177722583282753,-0.4035775462595181,-0.321151438078145,-0.7452000117274802,SNA,SEA,33.675063,-117.869281,47.447943,-122.310276
SNA-SFO,4794,0.20731965305690714,15.074677385233764,0.012724238631622862,21.057142857142857,372.0,-0.339737774668402,-0.4321564284935966,-0.4508360234540889,-0.7318979097413493,-0.48865703408935923,SNA,SFO,33.675063,-117.869281,37.619806,-122.374821
SNA-SJC,2637,0.13020236731576937,6.844978999618175,0.006825938566552901,34.78885630498534,342.0,-1.7020216552559964,-1.7770336083709413,-0.8914581194251325,0.5964046904828738,-0.9435271731422993,SNA,SJC,33.675063,-117.869281,37.362452,-121.929188
SNA-SLC,1838,0.14097641250685683,13.459133296763577,0.007072905331882481,38.52918287937743,588.0,-1.5116971650786766,-0.6961646917207039,-0.8730089031129378,0.958215729820677,-0.5306637575229103,SNA,SLC,33.675063,-117.869281,40.78886,-111.979866
SNA-SMF,2303,0.1482456140350877,8.303947368421053,0.00911854103343465,34.680473372781066,404.0,-1.38328605761449,-1.5386125662589472,-0.7201932985374826,0.5859205414206546,-0.7640428452475663,SNA,SMF,33.675063,-117.869281,38.6954,-121.591003
SRQ-ATL,2271,0.12668463611859837,10.658580413297395,0.017173051519154558,34.06028368794326,444.0,-1.7641626974372802,-1.1538241936286386,-0.11849530876310857,0.5259280594823039,-0.6276385350866809,SRQ,ATL,27.394631,-82.554359,33.6367,-84.428101
SRQ-BWI,1304,0.1667971808927173,11.11041503523884,0.01763803680981595,37.46478873239437,880.0,-1.0555709384047072,-1.079986484923582,-0.08375940331464655,0.855254251745034,-0.34101564372447546,SRQ,BWI,27.394631,-82.554359,39.1754,-76.668297
SRQ-CLT,1486,0.15463917525773196,12.481099656357388,0.019515477792732168,46.333333333333336,547.0,-1.2703432159486823,-0.8559925569112045,0.05649151166566284,1.7131305028317192,-0.08917843959062616,SRQ,CLT,27.394631,-82.554359,35.2140007019043,-80.94309997558594
STL-ATL,3676,0.15058236272878536,11.400166389351082,0.016050054406964092,31.976058931860038,484.0,-1.342007178984166,-1.0326360273824866,-0.20238682596026275,0.3243158445556937,-0.5631785469428053,STL,ATL,38.748697,-90.370003,33.6367,-84.428101
STL-BNA,1293,0.17784711388455537,10.901716068642745,0.0069605568445475635,32.1359649122807,272.0,-0.860372865084499,-1.1140915595554366,-0.8814016985663005,0.3397839454879586,-0.6290205444295693,STL,BNA,38.748697,-90.370003,36.1245,-86.6782
STL-BOS,1624,0.26783479349186484,17.98122653316646,0.01539408866995074,28.200934579439252,1047.0,0.729267696073431,0.042824723680697764,-0.25138958857650917,-0.04086126990544391,0.11996039031804392,STL,BOS,38.748697,-90.370003,42.36197,-71.0079
STL-BWI,1323,0.20583717357910905,13.57910906298003,0.013605442176870748,33.190298507462686,738.0,-0.3659259097472917,-0.6765585454730078,-0.38500726791422774,0.4417722415082217,-0.24642987040657638,STL,BWI,38.748697,-90.370003,39.1754,-76.668297
STL-CLT,1922,0.17538298996302165,18.184363444268357,0.014568158168574402,43.61746987951807,575.0,-0.903901838722701,0.0760208608087875,-0.3130892689298416,1.4504183146361838,0.07736201694810713,STL,CLT,38.748697,-90.370003,35.2140007019043,-80.94309997558594
STL-DAL,1944,0.2160168598524763,13.836143308746049,0.01903292181069959,25.58048780487805,546.0,-0.1861008240175253,-0.6345546377499854,0.02044301873026003,-0.2943435667520706,-0.27363900244733036,STL,DAL,38.748697,-90.370003,32.844776,-96.847653
STL-DCA,2426,0.2780153977758768,22.855004277159967,0.02720527617477329,30.876923076923077,719.0,0.909108998544898,0.8392855610726944,0.6309443274447988,0.21799371515371208,0.6493331505540259,STL,DCA,38.748697,-90.370003,38.8521,-77.037697
STL-DEN,3641,0.26127871574868533,21.11873789094935,0.0035704476792090085,26.560381355932204,770.0,0.6134539852616638,0.5555491552423005,-1.1346538202832381,-0.19955604028990967,-0.04130168001729583,STL,DEN,38.748697,-90.370003,39.860027,-104.673792
STL-DFW,2363,0.26742656729504605,28.48619026742657,0.03258569614896318,44.30327868852459,550.0,0.7220563431035331,1.7595202014079456,1.0328791052753834,1.516758296730929,1.2578034866294479,STL,DFW,38.748697,-90.370003,32.896801,-97.038002
STL-DTW,1846,0.16575492341356673,15.817833698030634,0.009750812567713976,35.01320132013201,440.0,-1.0739825117585042,-0.3107116416580046,-0.6729605695166542,0.618106138601389,-0.3598871460829435,STL,DTW,38.748697,-90.370003,42.21377,-83.353786
STL-HOU,1539,0.20209287115761937,11.714846304774362,0.003898635477582846,28.57281553398058,687.0,-0.4320693532544002,-0.9812118053285886,-1.110137130051086,-0.004888305514119149,-0.6320766485370486,STL,HOU,38.748697,-90.370003,29.645336,-95.276812
STL-LAS,2060,0.2073529411764706,14.036764705882353,0.006310679611650485,31.13947990543735,1371.0,-0.3391497370026496,-0.6017695797610658,-0.9299496302286372,0.24339148647677533,-0.4068693651288944,STL,LAS,38.748697,-90.370003,36.083361,-115.151817
STL-LAX,1031,0.24342745861733203,18.009737098344694,0.002909796314258002,16.432,1592.0,0.29810990118824854,0.047483850503696655,-1.1840066144645207,-1.1792994162530241,-0.5044280697563999,STL,LAX,38.748697,-90.370003,33.942501,-118.407997
STL-LGA,2623,0.24750099960015995,17.75969612155138,0.041174227983225314,22.581583198707595,888.0,0.3700693738860689,0.006622765690268671,1.674470217354848,-0.5844350255733654,0.3666818328394551,STL,LGA,38.748697,-90.370003,40.777199,-73.872597
STL-MCI,1020,0.23251231527093597,13.844334975369458,0.00392156862745098,34.03389830508475,237.0,0.10529289923862943,-0.6332159756276601,-1.1084239495667705,0.523375736147565,-0.27824282245205906,STL,MCI,38.748697,-90.370003,39.301699,-94.713893
STL-MCO,2474,0.2289700451374641,15.128436602379976,0.009296685529506871,30.833333333333332,882.0,0.042718374511271154,-0.4233712287255977,-0.7068853283801324,0.21377717145919864,-0.2184402527838151,STL,MCO,38.748697,-90.370003,28.429399490356445,-81.30899810791016
STL-MDW,1725,0.19577960140679954,11.822977725674091,0.009855072463768115,31.404191616766468,251.0,-0.5435938387531845,-0.9635412330206242,-0.6651720179987087,0.26899770494352576,-0.4758273462072479,STL,MDW,38.748697,-90.370003,41.785999,-87.752403
STL-MIA,1138,0.17777777777777778,12.206222222222221,0.008787346221441126,24.09,1068.0,-0.8615976937295692,-0.9009123548320819,-0.7449346224147702,-0.43852213808200735,-0.7364917022646071,STL,MIA,38.748697,-90.370003,25.796011,-80.289751
STL-MSP,1816,0.20044543429844097,17.531180400890868,0.010462555066079295,28.755555555555556,448.0,-0.46117147550852133,-0.030720714417910088,-0.6197911023885564,0.012788588687398638,-0.2747236759068973,STL,MSP,38.748697,-90.370003,44.880081,-93.221741
STL-ORD,2992,0.28497942386831276,24.97119341563786,0.025066844919786096,25.119133574007222,258.0,1.032129154124053,1.1851080137664247,0.4711965948324074,-0.33897150242942437,0.5873655650733651,STL,ORD,38.748697,-90.370003,41.9786,-87.9048
STL-PHL,1533,0.19228210246174318,18.053226879574186,0.01761252446183953,44.280276816608996,814.0,-0.6053774763570264,0.05459084417379675,-0.08566525824140496,1.5145332687770932,0.21952034458811465,STL,PHL,38.748697,-90.370003,39.871899,-75.241096
STL-PHX,2294,0.23343571741992103,18.118034225537517,0.004795117698343505,32.890977443609025,1262.0,0.12160488235334711,0.06518150212875173,-1.0431670080236215,0.41281817478312793,-0.11089061218959868,STL,PHX,38.748697,-90.370003,33.435302,-112.005905
STL-RSW,1016,0.2361111111111111,13.101190476190476,0.004921259842519685,24.48739495798319,979.0,0.16886595572628832,-0.7546588319107135,-1.0337437817814803,-0.4000811410418305,-0.5049044497519339,STL,RSW,38.748697,-90.370003,26.534685,-81.752816
STL-TPA,1202,0.21314237573715247,12.847514743049706,0.0066555740432612314,29.43083003952569,869.0,-0.236878847876602,-0.7961138997156265,-0.904184900447419,0.07810955947007485,-0.4647670221423931,STL,TPA,38.748697,-90.370003,27.9755,-82.533203
SUN-SLC,1086,0.04448563484708063,6.46339202965709,0.006445672191528545,0.0,222.0,-3.2162155459837063,-1.8393916176190308,-0.9198652478082415,-2.768807412453879,-2.1860699559662145,SUN,SLC,43.50439835,-114.2959976,40.78886,-111.979866
SYR-ATL,1103,0.186155285313377,15.626753975678204,0.02629193109700816,19.12060301507538,794.0,-0.7136082596413833,-0.3419374224932108,0.5627144954474445,-0.9192241977116389,-0.3530138460996971,SYR,ATL,43.11119842529297,-76.1063003540039,33.6367,-84.428101
SYR-CLT,1095,0.2016728624535316,18.16635687732342,0.01643835616438356,36.1705069124424,603.0,-0.4394888452889859,0.0730782716837101,-0.1733794285176275,0.7300551705527841,0.04756629210747021,SYR,CLT,43.11119842529297,-76.1063003540039,35.2140007019043,-80.94309997558594
SYR-DCA,1057,0.31256281407035175,31.144723618090453,0.05581835383159887,45.79421221864952,298.0,1.5193922558147621,2.1939712186530045,2.7684337922476008,1.660979984166271,2.0356943127204095,SYR,DCA,43.11119842529297,-76.1063003540039,38.8521,-77.037697
SYR-ORD,2118,0.27383268482490275,20.935311284046694,0.02502360717658168,24.559502664298403,607.0,0.8352209930805493,0.5255740278139504,0.46796659554013476,-0.39310598428819543,0.3589139080366098,SYR,ORD,43.11119842529297,-76.1063003540039,41.9786,-87.9048
TLH-ATL,1708,0.13988095238095238,13.361309523809524,0.015807962529274005,34.39148936170213,223.0,-1.5310485680359258,-0.7121508134144661,-0.22047187239543534,0.5579664033739064,-0.47642621261798024,TLH,ATL,30.401209,-84.35433,33.6367,-84.428101
TLH-DFW,1081,0.26036644165863065,28.74059787849566,0.03330249768732655,51.01851851851852,767.0,0.5973385803220908,1.8010948709136907,1.086426499057424,2.1663400522191116,1.4128000006280792,TLH,DFW,30.401209,-84.35433,32.896801,-97.038002
TLH-MIA,1150,0.1826163301141352,13.417032484635646,0.00608695652173913,26.27403846153846,402.0,-0.776124225753466,-0.7030447034577224,-0.9466624687933686,-0.22725469658823935,-0.6632715236481991,TLH,MIA,30.401209,-84.35433,25.796011,-80.289751
TPA-ATL,6084,0.2208486468426328,17.12345472769796,0.01413543721236029,35.48940998487141,406.0,-0.10074686649861071,-0.09735024661142219,-0.3454149242193703,0.664170980401742,0.030164735768084705,TPA,ATL,27.9755,-82.533203,33.6367,-84.428101
TPA-AUS,1413,0.20756062767475036,13.472182596291013,0.007077140835102618,27.756013745704468,928.0,-0.3354809360833341,-0.6940322071112427,-0.872692497320462,-0.08389956243817215,-0.49652630073830273,TPA,AUS,27.9755,-82.533203,30.197535,-97.662015
TPA-BNA,2481,0.2535728868926092,15.866884442629646,0.010479645304312777,29.721417069243156,612.0,0.47732981625970167,-0.3026958889564835,-0.618514406305277,0.10621876147397974,-0.08441542938201978,TPA,BNA,27.9755,-82.533203,36.1245,-86.6782
TPA-BOS,2880,0.2716577540106952,21.750445632798574,0.024652777777777777,35.19291338582677,1185.0,0.7968006420384525,0.6587812892230308,0.440264439809487,0.6354901311425033,0.6328341255533684,TPA,BOS,27.9755,-82.533203,42.36197,-71.0079
TPA-BWI,2772,0.2105652013298855,14.398596231991133,0.020923520923520924,27.93859649122807,842.0,-0.2824048686479719,-0.5426399568244055,0.16167688858127643,-0.06623788193804628,-0.1824014547072868,TPA,BWI,27.9755,-82.533203,39.1754,-76.668297
TPA-CLT,3421,0.18709101725163593,15.416716240333136,0.01666179479684303,36.63275039745628,507.0,-0.6970784696754855,-0.37626127543931975,-0.156687839844777,0.7747691259825134,-0.11381461474426724,TPA,CLT,27.9755,-82.533203,35.2140007019043,-80.94309997558594
TPA-DAL,1305,0.21467603434816548,13.740827478532397,0.013026819923371647,31.330909090909092,917.0,-0.20978662874533566,-0.6501309175756786,-0.4282322221043531,0.26190890499025804,-0.2565602158587773,TPA,DAL,27.9755,-82.533203,32.844776,-96.847653
TPA-DCA,2243,0.26765113059529305,20.832948777111213,0.025858225590726706,39.73275862068966,814.0,0.7260232742676425,0.508846197314939,0.5303152910828475,1.0746405877107184,0.7099563375940368,TPA,DCA,27.9755,-82.533203,38.8521,-77.037697
TPA-DEN,3088,0.20261437908496732,14.170915032679739,0.0042098445595854924,25.403225806451612,1506.0,-0.4228568681909408,-0.5798470614949973,-1.086888804858325,-0.3114905582273242,-0.6002708231928968,TPA,DEN,27.9755,-82.533203,39.860027,-104.673792
TPA-DFW,2863,0.26451378809869375,23.267416545718433,0.03318197694725812,38.29080932784637,929.0,0.6706018331481223,0.9066809652171732,1.0774232098874785,0.935157266685245,0.8974658187345048,TPA,DFW,27.9755,-82.533203,32.896801,-97.038002
TPA-DTW,2456,0.18871837411862297,13.834508502695977,0.01750814332247557,29.791208791208792,983.0,-0.6683310623133852,-0.6348217937558618,-0.09346286702681819,0.11296988733407014,-0.3209114589404988,TPA,DTW,27.9755,-82.533203,42.21377,-83.353786
TPA-EWR,2636,0.3039406944986344,26.736246586031992,0.024279210925644917,16.854942233632862,997.0,1.3670817278161917,1.4735486854540136,0.41235778745945384,-1.138387168061052,0.5286502581671518,TPA,EWR,27.9755,-82.533203,40.6894,-74.170545
TPA-FLL,1412,0.2541757443718228,18.053013798111838,0.024079320113314446,32.98,197.0,0.48797934857053893,0.05455602292242887,0.39742529712787517,0.4214295468148765,0.3403475538589299,TPA,FLL,27.9755,-82.533203,26.072599,-80.152702
TPA-HOU,1013,0.17629482071713148,11.73605577689243,0.004935834155972359,34.49152542372882,781.0,-0.8877942653529964,-0.9777458052746023,-1.0326550334183908,0.5676431390421066,-0.5826379912509707,TPA,HOU,27.9755,-82.533203,29.645336,-95.276812
TPA-IAD,1510,0.18741633199464525,14.258366800535475,0.010596026490066225,22.78214285714286,811.0,-0.6913317550931454,-0.5655559075039008,-0.6098203552341959,-0.5650343938305364,-0.6079356029154446,TPA,IAD,27.9755,-82.533203,38.9445,-77.455803
TPA-IAH,1774,0.16145537237066515,15.098351335986356,0.007328072153325817,30.154929577464788,787.0,-1.1499344727646204,-0.4282876893694082,-0.8539471160817115,0.14815349846712564,-0.5710039449371537,TPA,IAH,27.9755,-82.533203,29.9844,-95.3414
TPA-IND,1103,0.19322344322344323,13.60989010989011,0.009972801450589302,40.426540284360186,837.0,-0.5887486060138895,-0.6715283820791154,-0.656377281827706,1.1417518037539167,-0.19372561654169856,TPA,IND,27.9755,-82.533203,39.7173,-86.294403
TPA-JFK,2394,0.2127751402675874,15.351316357358654,0.029657477025898077,24.82758620689655,1005.0,-0.24336609591393335,-0.3869487643432586,0.8141316639391425,-0.36717360024428053,-0.0458391991405825,TPA,JFK,27.9755,-82.533203,40.639447,-73.779317
TPA-LAS,1009,0.18463073852295409,15.126746506986027,0.004955401387512388,41.545945945945945,1984.0,-0.7405395176315331,-0.42364741998080946,-1.0311932979219929,1.2500346816801018,-0.23633638846355837,TPA,LAS,27.9755,-82.533203,36.083361,-115.151817
TPA-LAX,1144,0.15066079295154186,9.162114537444934,0.006993006993006993,23.380116959064328,2158.0,-1.3406217019515496,-1.3983729866216879,-0.8789775674995478,-0.5071908801666367,-1.0312907840598555,TPA,LAX,27.9755,-82.533203,33.942501,-118.407997
TPA-LGA,2914,0.30096394144948235,27.667618707604426,0.03225806451612903,40.34163701067616,1010.0,1.31449711392091,1.6257512393733722,1.008403962408252,1.1335389001253633,1.2705478039569744,TPA,LGA,27.9755,-82.533203,40.777199,-73.872597
TPA-MDW,1667,0.23677736777367775,16.696186961869618,0.01859628074385123,34.859740259740256,997.0,0.18063544038884896,-0.1671732997823719,-0.01217548150527761,0.6032614707217542,0.15113703245573842,TPA,MDW,27.9755,-82.533203,41.785999,-87.752403
TPA-MIA,3055,0.2093178036605657,20.845923460898504,0.015384615384615385,47.00476947535771,204.0,-0.30444026215625736,0.51096648840266,-0.25209727363731416,1.778080181305794,0.43312728347872065,TPA,MIA,27.9755,-82.533203,25.796011,-80.289751
TPA-MSP,1189,0.19711129991503823,13.119796091758708,0.009251471825063078,20.83189655172414,1306.0,-0.5200692632427633,-0.7516183477249235,-0.7102629383692579,-0.7536865418967627,-0.6839092728084268,TPA,MSP,27.9755,-82.533203,44.880081,-93.221741
TPA-MSY,1088,0.19962859795728877,14.181987000928505,0.008272058823529412,45.1953488372093,487.0,-0.4756009639161534,-0.5780377075264341,-0.7834282580030829,1.6030504482953418,-0.05850412028758217,TPA,MSY,27.9755,-82.533203,29.993401,-90.264673
TPA-ORD,3257,0.2755485893416928,24.24420062695925,0.015044519496469143,31.32650739476678,1012.0,0.8655326027460795,1.0663046305053596,-0.2775035366983566,0.2614831180370537,0.47895420364753405,TPA,ORD,27.9755,-82.533203,41.9786,-87.9048
TPA-PHL,2653,0.2689043209876543,24.492283950617285,0.02186204297022239,52.48063127690101,920.0,0.7481609967563672,1.1068458004319488,0.23178752160613744,2.307773835130276,1.0986420384811824,TPA,PHL,27.9755,-82.533203,39.871899,-75.241096
TPA-PHX,1234,0.1850040749796251,14.364303178484107,0.004051863857374392,31.0,1788.0,-0.7339444951009709,-0.5482440437458076,-1.0986904743840016,0.22989925029116132,-0.5377449407349048,TPA,PHX,27.9755,-82.533203,33.435302,-112.005905
TPA-RDU,1285,0.2,14.424505928853755,0.014007782101167316,39.63241106719368,587.0,-0.46904011298448045,-0.5384058575396754,-0.3549511739921424,1.0649337207023777,-0.07436585595348011,TPA,RDU,27.9755,-82.533203,35.878659,-78.7873
TPA-SJU,1445,0.2449122807017544,18.48280701754386,0.01314878892733564,36.117478510028654,1237.0,0.3243394186266459,0.1247917795438916,-0.4191207429362484,0.7249256020484997,0.1887340143206972,TPA,SJU,27.9755,-82.533203,18.4394,-66.001801
TPA-STL,1175,0.16866438356164384,9.482020547945206,0.005106382978723404,26.583756345177665,869.0,-1.0225866330933513,-1.346094728893627,-1.0199144846302768,-0.19729491977404007,-0.8964726915978237,TPA,STL,27.9755,-82.533203,38.748697,-90.370003
TUL-ATL,1558,0.15135492399206874,15.766027759418375,0.02374839537869063,39.31877729257642,674.0,-1.3283598138620312,-0.319177641425813,0.37270414890381004,1.034595150069905,-0.06005953907853223,TUL,ATL,36.197084,-95.886225,33.6367,-84.428101
TUL-DAL,1048,0.14410905550146055,9.077896786757547,0.020038167938931296,30.094594594594593,237.0,-1.4563587410901908,-1.4121356454377185,0.09553815649907374,0.14231714636617526,-0.6576597709156651,TUL,DAL,36.197084,-95.886225,32.844776,-96.847653
TUL-DEN,2429,0.2196748645268862,16.35723218007503,0.01029230135858378,15.529411764705882,541.0,-0.12148183807719923,-0.22256446112099576,-0.632509605112379,-1.2666090083463066,-0.5607912281642201,TUL,DEN,36.197084,-95.886225,39.860027,-104.673792
TUL-DFW,2935,0.23679546260191423,23.218362282878413,0.03645655877342419,40.395209580838326,237.0,0.18095508717869185,0.8986646375733123,1.3220450656351428,1.138721107321675,0.8850964744272055,TUL,DFW,36.197084,-95.886225,32.896801,-97.038002
TUL-IAH,1161,0.15249780893952672,13.869412795793163,0.012919896640826873,31.229885057471265,429.0,-1.3081706471100474,-0.6291178195557616,-0.43621973720925367,0.25213660040421315,-0.5303429008677124,TUL,IAH,36.197084,-95.886225,29.9844,-95.3414
TUL-ORD,2018,0.23353596757852077,21.917933130699087,0.020317145688800792,39.028199566160524,585.0,0.12337581054116226,0.6861516864461978,0.11637869691253012,1.0064868479973679,0.4830982604743145,TUL,ORD,36.197084,-95.886225,41.9786,-87.9048
TUL-PHX,1266,0.1807324840764331,17.605095541401273,0.00631911532385466,36.0352422907489,935.0,-0.8094025376910108,-0.018641682956244326,-0.9293194552372995,0.7169706891880748,-0.26009824667411996,TUL,PHX,36.197084,-95.886225,33.435302,-112.005905
TUS-DEN,2850,0.2077277561148529,16.245657568238215,0.008421052631578947,18.63651877133106,639.0,-0.3325285969579184,-0.24079771126966218,-0.7722979385440448,-0.9660508637453804,-0.5779187776292514,TUS,DEN,32.115004,-110.938053,39.860027,-104.673792
TUS-DFW,2198,0.21309919316563836,22.638348362600855,0.036851683348498636,45.521158129175944,813.0,-0.237641671937779,0.8038801814678609,1.3515621496285466,1.6345667868309746,0.8880918614974007,TUS,DFW,32.115004,-110.938053,32.896801,-97.038002
TUS-LAS,1366,0.14757709251101322,11.534508076358296,0.0021961932650073207,38.55721393034826,364.0,-1.3950955512619914,-1.0106822374990057,-1.2373150707626717,0.9609272427016441,-0.6705414042055061,TUS,LAS,32.115004,-110.938053,36.083361,-115.151817
TUS-LAX,2585,0.1352506801399145,11.40031092110377,0.0046421663442940036,15.801724137931034,451.0,-1.6128427491469095,-1.032612408356995,-1.054592968971592,-1.2402675590579784,-1.2350789213833688,TUS,LAX,32.115004,-110.938053,33.942501,-118.407997
TUS-ORD,1026,0.2135054617676266,21.457795431976166,0.012670565302144249,35.12558139534884,1437.0,-0.2304649000589651,0.6109571092433003,-0.4548455948003596,0.6289769411921143,0.13865588889402247,TUS,ORD,32.115004,-110.938053,41.9786,-87.9048
TUS-PHX,3263,0.1566933991363356,14.71221468229488,0.006129328838492185,27.694881889763778,109.0,-1.2340551639244777,-0.49138919680393894,-0.9434971196566834,-0.08981299804189209,-0.689688619606748,TUS,PHX,32.115004,-110.938053,33.435302,-112.005905
TUS-SEA,1065,0.14096499526963102,9.408703878902555,0.007511737089201878,21.87248322147651,1215.0,-1.5118988516147638,-1.358075959611927,-0.8402267512122892,-0.6530280199693398,-1.0908073956020798,TUS,SEA,32.115004,-110.938053,47.447943,-122.310276
TUS-SFO,1003,0.19358074222668004,15.41023069207623,0.003988035892323031,18.367875647668395,751.0,-0.5824368865597922,-0.3773211278714516,-1.1034586298579914,-0.9920373774495052,-0.7638135054346851,TUS,SFO,32.115004,-110.938053,37.619806,-122.374821
TUS-SLC,1108,0.061650045330915684,6.271985494106981,0.002707581227436823,0.9558823529411765,600.0,-2.9130046705334594,-1.8706708054675982,-1.1991127356196263,-2.6763425485646817,-2.1647826900463416,TUS,SLC,32.115004,-110.938053,40.78886,-111.979866
TVC-DTW,1120,0.23905109489051096,23.478102189781023,0.020535714285714286,0.40458015267175573,207.0,0.22080103712048377,0.9411106978210788,0.1327064781754407,-2.72967137376255,-0.35876329016138664,TVC,DTW,44.741402,-85.582199,42.21377,-83.353786
TVC-ORD,2356,0.3484848484848485,37.16488413547237,0.04584040747028863,32.08056265984655,224.0,2.1539582674486124,3.1777711247561142,2.023048920215829,0.33442474860068877,1.922300765255311,TVC,ORD,44.741402,-85.582199,41.9786,-87.9048
TYR-DFW,1077,0.26120857699805067,21.301169590643276,0.04642525533890436,21.5,102.0,0.6122149778397107,0.5853616973681982,2.0667389479951472,-0.6890592431307059,0.6438140950180875,TYR,DFW,32.35409927368164,-95.40239715576172,32.896801,-97.038002
TYS-ATL,1729,0.14589486119314826,13.360307147076195,0.019086176980913822,42.29554655870445,152.0,-1.4248123207997525,-0.7123146193683574,0.024421352226728556,1.3225454027083823,-0.19754004630824978,TYS,ATL,35.811001,-83.994003,33.6367,-84.428101
TYS-DCA,1019,0.3064853556485356,34.5,0.05593719332679097,45.37201365187713,437.0,1.4120333989331462,2.7422822777920253,2.7773114869864264,1.6201396727087947,2.1379417091050983,TYS,DCA,35.811001,-83.994003,38.8521,-77.037697
TYS-DFW,1654,0.24622166246851385,26.78715365239295,0.034461910519951636,46.91304347826087,772.0,0.34746976686503295,1.4818677937172056,1.1730383883765767,1.7692072987689798,1.1928958119319488,TYS,DFW,35.811001,-83.994003,32.896801,-97.038002
TYS-ORD,2010,0.33160352880124544,35.27711468604048,0.03582089552238806,40.28169014084507,475.0,1.8557482167835273,2.869276458919018,1.2745589644003144,1.127740091158486,1.7818309328153366,TYS,ORD,35.811001,-83.994003,41.9786,-87.9048
VPS-ATL,2362,0.14705882352941177,14.06098615916955,0.01905165114309907,38.70882352941177,250.0,-1.4042508200536623,-0.5978113691118939,0.021842160450239654,0.9755928141483484,-0.251156803641742,VPS,ATL,30.481315,-86.515839,33.6367,-84.428101
VPS-CLT,1202,0.2,23.33162393162393,0.024958402662229616,46.666666666666664,460.0,-0.46904011298448045,0.9171735791670127,0.46309560738021993,1.7453746604956437,0.664150933514599,VPS,CLT,30.481315,-86.515839,35.2140007019043,-80.94309997558594
VPS-DFW,1384,0.2807547169811321,29.47245283018868,0.03684971098265896,50.475806451612904,641.0,0.9574993219495586,1.9206928169614492,1.3514148075196828,2.1138421718648535,1.585862279573886,VPS,DFW,30.481315,-86.515839,32.896801,-97.038002
XNA-CLT,1567,0.1607843137254902,16.213071895424836,0.02297383535417996,30.410569105691057,754.0,-1.161788784887578,-0.24612278221445663,0.31484200935679035,0.17288214222690337,-0.2300468538795853,XNA,CLT,36.281898,-94.306801,35.2140007019043,-80.94309997558594
XNA-DEN,1235,0.24424342105263158,21.78042763157895,0.010526315789473684,21.936026936026938,616.0,0.31252395196935134,0.6636808741260832,-0.6150279700838704,-0.6468812793177935,-0.07142610582655734,XNA,DEN,36.281898,-94.306801,39.860027,-104.673792
XNA-DFW,3512,0.2292768959435626,21.03586125808348,0.028758542141230067,40.562820512820515,280.0,0.048138921965397825,0.542005658620213,0.7469783199833856,1.1549345272727685,0.6230143569604412,XNA,DFW,36.281898,-94.306801,32.896801,-97.038002
XNA-ORD,1660,0.2593500919681177,20.096873083997547,0.015060240963855422,27.775413711583923,522.0,0.5793846704156455,0.3885585080283867,-0.27632909222536245,-0.08202295576269644,0.1523977826139933,XNA,ORD,36.281898,-94.306801,41.9786,-87.9048
XWA-DEN,1497,0.2639175257731959,28.999312714776632,0.015364061456245824,20.630208333333332,582.0,0.6600688048287127,1.843373416627849,-0.2536327185788606,-0.7731963420350106,0.36915329021067267,XWA,DEN,48.260863,-103.75116,39.860027,-104.673792
YUM-PHX,1321,0.15656178050652342,17.596316193399847,0.012869038607115822,22.470588235294116,160.0,-1.23638021901498,-0.020076382531863807,-0.4400189968541533,-0.5951718428739827,-0.5729118603187449,YUM,PHX,32.650938,-114.609375,33.435302,-112.005905
